run_index,algorithm,start_x,start_y,step,x,y,f_value,valid
0,Gradient Descent,0,0,0,0,0,-0,1
1,Steepest Descent,0,0,0,0,0,-0,1
2,Nelder-Mead (Simplex),0,0,0,0,0,-0,1
2,Nelder-Mead (Simplex),0,0,1,0,0,-0,1
2,Nelder-Mead (Simplex),0,0,2,0.025,0.05,-0.000144531,1
2,Nelder-Mead (Simplex),0,0,3,0.025,0.05,-0.000144531,1
2,Nelder-Mead (Simplex),0,0,4,0.121875,0.09375,-0.00112026,1
2,Nelder-Mead (Simplex),0,0,5,0.107813,0.190625,-0.00180229,1
2,Nelder-Mead (Simplex),0,0,6,0.294531,0.326562,-0.00455554,1
2,Nelder-Mead (Simplex),0,0,7,0.294531,0.326562,-0.00455554,1
2,Nelder-Mead (Simplex),0,0,8,0.294531,0.326562,-0.00455554,1
2,Nelder-Mead (Simplex),0,0,9,0.294531,0.326562,-0.00455554,1
2,Nelder-Mead (Simplex),0,0,10,0.294531,0.326562,-0.00455554,1
2,Nelder-Mead (Simplex),0,0,11,0.324023,0.301172,-0.004572,1
2,Nelder-Mead (Simplex),0,0,12,0.309619,0.355957,-0.00460715,1
2,Nelder-Mead (Simplex),0,0,13,0.339111,0.330566,-0.00462859,1
2,Nelder-Mead (Simplex),0,0,14,0.339111,0.330566,-0.00462859,1
2,Nelder-Mead (Simplex),0,0,15,0.339111,0.330566,-0.00462859,1
2,Nelder-Mead (Simplex),0,0,16,0.339111,0.330566,-0.00462859,1
2,Nelder-Mead (Simplex),0,0,17,0.339111,0.330566,-0.00462859,1
2,Nelder-Mead (Simplex),0,0,18,0.335957,0.33502,-0.00462904,1
2,Nelder-Mead (Simplex),0,0,19,0.332194,0.334141,-0.00462959,1
2,Nelder-Mead (Simplex),0,0,20,0.332194,0.334141,-0.00462959,1
2,Nelder-Mead (Simplex),0,0,21,0.332194,0.334141,-0.00462959,1
2,Nelder-Mead (Simplex),0,0,22,0.332194,0.334141,-0.00462959,1
2,Nelder-Mead (Simplex),0,0,23,0.333102,0.332569,-0.0046296,1
2,Nelder-Mead (Simplex),0,0,24,0.333601,0.333051,-0.00462963,1
2,Nelder-Mead (Simplex),0,0,25,0.333601,0.333051,-0.00462963,1
2,Nelder-Mead (Simplex),0,0,26,0.333229,0.33361,-0.00462963,1
2,Nelder-Mead (Simplex),0,0,27,0.333094,0.333403,-0.00462963,1
2,Nelder-Mead (Simplex),0,0,28,0.333381,0.333279,-0.00462963,1
2,Nelder-Mead (Simplex),0,0,29,0.333381,0.333279,-0.00462963,1
2,Nelder-Mead (Simplex),0,0,30,0.333381,0.333279,-0.00462963,1
2,Nelder-Mead (Simplex),0,0,31,0.333381,0.333279,-0.00462963,1
2,Nelder-Mead (Simplex),0,0,32,0.333315,0.333326,-0.00462963,1
2,Nelder-Mead (Simplex),0,0,33,0.333332,0.33335,-0.00462963,1
2,Nelder-Mead (Simplex),0,0,34,0.333332,0.33335,-0.00462963,1
2,Nelder-Mead (Simplex),0,0,35,0.333329,0.333328,-0.00462963,1
2,Nelder-Mead (Simplex),0,0,36,0.333341,0.333324,-0.00462963,1
2,Nelder-Mead (Simplex),0,0,37,0.333333,0.333338,-0.00462963,1
2,Nelder-Mead (Simplex),0,0,38,0.333333,0.333329,-0.00462963,1
2,Nelder-Mead (Simplex),0,0,39,0.333333,0.333329,-0.00462963,1
2,Nelder-Mead (Simplex),0,0,40,0.333334,0.333333,-0.00462963,1
2,Nelder-Mead (Simplex),0,0,41,0.333334,0.333333,-0.00462963,1
2,Nelder-Mead (Simplex),0,0,42,0.333334,0.333333,-0.00462963,1
2,Nelder-Mead (Simplex),0,0,43,0.333334,0.333333,-0.00462963,1
2,Nelder-Mead (Simplex),0,0,44,0.333334,0.333333,-0.00462963,1
2,Nelder-Mead (Simplex),0,0,45,0.333333,0.333333,-0.00462963,1
2,Nelder-Mead (Simplex),0,0,46,0.333333,0.333333,-0.00462963,1
2,Nelder-Mead (Simplex),0,0,47,0.333334,0.333333,-0.00462963,1
3,Gradient Descent,1,1,0,1,1,0.125,0
4,Steepest Descent,1,1,0,1,1,0.125,0
5,Nelder-Mead (Simplex),1,1,0,0.5,0.5,-0,1
5,Nelder-Mead (Simplex),1,1,1,0.5,0.5,-0,1
5,Nelder-Mead (Simplex),1,1,2,0.583333,0.416667,-5.05961e-18,1
5,Nelder-Mead (Simplex),1,1,3,0.577381,0.422619,-1.0159e-17,1
5,Nelder-Mead (Simplex),1,1,4,0.741071,0.258929,-1.59776e-17,1
5,Nelder-Mead (Simplex),1,1,5,0.811012,0.188988,-2.55248e-17,1
5,Nelder-Mead (Simplex),1,1,6,0.811012,0.188988,-2.55248e-17,1
5,Nelder-Mead (Simplex),1,1,7,0.749442,0.250558,-3.90893e-17,1
5,Nelder-Mead (Simplex),1,1,8,0.749442,0.250558,-3.90893e-17,1
5,Nelder-Mead (Simplex),1,1,9,0.827753,0.172247,-6.0844e-17,1
5,Nelder-Mead (Simplex),1,1,10,0.598307,0.401693,-8.67185e-17,1
5,Nelder-Mead (Simplex),1,1,11,0.640206,0.359794,-1.77413e-16,1
5,Nelder-Mead (Simplex),1,1,12,0.640206,0.359794,-1.77413e-16,1
5,Nelder-Mead (Simplex),1,1,13,0.379836,0.620164,-3.4979e-16,1
5,Nelder-Mead (Simplex),1,1,14,0.708543,0.291457,-4.04092e-16,1
5,Nelder-Mead (Simplex),1,1,15,0.352155,0.647845,-8.23188e-16,1
5,Nelder-Mead (Simplex),1,1,16,0.680862,0.319138,-8.8957e-16,1
5,Nelder-Mead (Simplex),1,1,17,0.324475,0.675525,-1.2563e-15,1
5,Nelder-Mead (Simplex),1,1,18,0.653181,0.346819,-1.40843e-15,1
5,Nelder-Mead (Simplex),1,1,19,0.296794,0.703206,-1.63936e-15,1
5,Nelder-Mead (Simplex),1,1,20,0.6255,0.3745,-1.95377e-15,1
5,Nelder-Mead (Simplex),1,1,21,0.269113,0.730887,-1.96261e-15,1
5,Nelder-Mead (Simplex),1,1,22,0.597819,0.402181,-2.51584e-15,1
5,Nelder-Mead (Simplex),1,1,23,0.597819,0.402181,-2.51584e-15,1
5,Nelder-Mead (Simplex),1,1,24,0.570138,0.429862,-3.08487e-15,1
5,Nelder-Mead (Simplex),1,1,25,0.570138,0.429862,-3.08487e-15,1
5,Nelder-Mead (Simplex),1,1,26,0.385024,0.614976,-3.29913e-15,1
5,Nelder-Mead (Simplex),1,1,27,0.607333,0.392667,-3.84903e-15,1
5,Nelder-Mead (Simplex),1,1,28,0.34826,0.65174,-4.52327e-15,1
5,Nelder-Mead (Simplex),1,1,29,0.663341,0.336659,-5.85436e-15,1
5,Nelder-Mead (Simplex),1,1,30,0.302736,0.697264,-7.80104e-15,1
5,Nelder-Mead (Simplex),1,1,31,0.752595,0.247405,-1.02222e-14,1
5,Nelder-Mead (Simplex),1,1,32,0.256314,0.743686,-1.62689e-14,1
5,Nelder-Mead (Simplex),1,1,33,0.706174,0.293826,-2.14353e-14,1
5,Nelder-Mead (Simplex),1,1,34,0.209892,0.790108,-2.21837e-14,1
5,Nelder-Mead (Simplex),1,1,35,0.659752,0.340248,-3.40593e-14,1
5,Nelder-Mead (Simplex),1,1,36,0.659752,0.340248,-3.40593e-14,1
5,Nelder-Mead (Simplex),1,1,37,0.61333,0.38667,-4.74592e-14,1
5,Nelder-Mead (Simplex),1,1,38,0.61333,0.38667,-4.74592e-14,1
5,Nelder-Mead (Simplex),1,1,39,0.353584,0.646416,-5.19817e-14,1
5,Nelder-Mead (Simplex),1,1,40,0.650359,0.349641,-6.44015e-14,1
5,Nelder-Mead (Simplex),1,1,41,0.390613,0.609387,-7.39167e-14,1
5,Nelder-Mead (Simplex),1,1,42,0.687389,0.312611,-7.87164e-14,1
5,Nelder-Mead (Simplex),1,1,43,0.316284,0.683716,-9.706e-14,1
5,Nelder-Mead (Simplex),1,1,44,0.724283,0.275717,-1.20148e-13,1
5,Nelder-Mead (Simplex),1,1,45,0.353179,0.646821,-1.56295e-13,1
5,Nelder-Mead (Simplex),1,1,46,0.353179,0.646821,-1.56295e-13,1
5,Nelder-Mead (Simplex),1,1,47,0.390073,0.609927,-2.18774e-13,1
5,Nelder-Mead (Simplex),1,1,48,0.390073,0.609927,-2.18774e-13,1
5,Nelder-Mead (Simplex),1,1,49,0.603296,0.396704,-2.52441e-13,1
5,Nelder-Mead (Simplex),1,1,50,0.357251,0.642749,-3.0371e-13,1
5,Nelder-Mead (Simplex),1,1,51,0.660674,0.339326,-3.87186e-13,1
5,Nelder-Mead (Simplex),1,1,52,0.320294,0.679706,-5.3666e-13,1
5,Nelder-Mead (Simplex),1,1,53,0.623718,0.376282,-6.73454e-13,1
5,Nelder-Mead (Simplex),1,1,54,0.283338,0.716662,-7.32527e-13,1
5,Nelder-Mead (Simplex),1,1,55,0.586761,0.413239,-9.72779e-13,1
5,Nelder-Mead (Simplex),1,1,56,0.586761,0.413239,-9.72779e-13,1
5,Nelder-Mead (Simplex),1,1,57,0.683038,0.316962,-1.28334e-12,1
5,Nelder-Mead (Simplex),1,1,58,0.683038,0.316962,-1.28334e-12,1
5,Nelder-Mead (Simplex),1,1,59,0.511996,0.488004,-2.03823e-12,1
5,Nelder-Mead (Simplex),1,1,60,0.511996,0.488004,-2.03823e-12,1
5,Nelder-Mead (Simplex),1,1,61,0.533507,0.466493,-3.53882e-12,1
5,Nelder-Mead (Simplex),1,1,62,0.533507,0.466493,-3.53882e-12,1
5,Nelder-Mead (Simplex),1,1,63,0.212934,0.787066,-4.1463e-12,1
5,Nelder-Mead (Simplex),1,1,64,0.537443,0.462557,-7.98913e-12,1
5,Nelder-Mead (Simplex),1,1,65,0.537443,0.462557,-7.98913e-12,1
5,Nelder-Mead (Simplex),1,1,66,0.7056,0.2944,-1.30269e-11,1
5,Nelder-Mead (Simplex),1,1,67,0.7056,0.2944,-1.30269e-11,1
5,Nelder-Mead (Simplex),1,1,68,0.612308,0.387692,-2.31108e-11,1
5,Nelder-Mead (Simplex),1,1,69,0.612308,0.387692,-2.31108e-11,1
5,Nelder-Mead (Simplex),1,1,70,0.315873,0.684127,-2.47249e-11,1
5,Nelder-Mead (Simplex),1,1,71,0.314122,0.685878,-4.14916e-11,1
5,Nelder-Mead (Simplex),1,1,72,0.314122,0.685878,-4.14916e-11,1
5,Nelder-Mead (Simplex),1,1,73,0.534916,0.465084,-6.17428e-11,1
5,Nelder-Mead (Simplex),1,1,74,0.346252,0.653748,-9.28741e-11,1
5,Nelder-Mead (Simplex),1,1,75,0.693507,0.306493,-1.28074e-10,1
5,Nelder-Mead (Simplex),1,1,76,0.489807,0.510193,-2.55617e-10,1
5,Nelder-Mead (Simplex),1,1,77,0.489807,0.510193,-2.55617e-10,1
5,Nelder-Mead (Simplex),1,1,78,0.603289,0.396711,-5.15033e-10,1
5,Nelder-Mead (Simplex),1,1,79,0.603289,0.396711,-5.15033e-10,1
5,Nelder-Mead (Simplex),1,1,80,0.309371,0.690629,-8.80653e-10,1
5,Nelder-Mead (Simplex),1,1,81,0.656627,0.343373,-9.72667e-10,1
5,Nelder-Mead (Simplex),1,1,82,0.242418,0.757582,-1.53343e-09,1
5,Nelder-Mead (Simplex),1,1,83,0.729825,0.270175,-2.12008e-09,1
5,Nelder-Mead (Simplex),1,1,84,0.315616,0.684384,-3.19417e-09,1
5,Nelder-Mead (Simplex),1,1,85,0.315616,0.684384,-3.19417e-09,1
5,Nelder-Mead (Simplex),1,1,86,0.388814,0.611186,-5.04401e-09,1
5,Nelder-Mead (Simplex),1,1,87,0.388814,0.611186,-5.04401e-09,1
5,Nelder-Mead (Simplex),1,1,88,0.650816,0.349183,-5.46236e-09,1
5,Nelder-Mead (Simplex),1,1,89,0.404208,0.595792,-7.87405e-09,1
5,Nelder-Mead (Simplex),1,1,90,0.666211,0.333789,-7.89582e-09,1
5,Nelder-Mead (Simplex),1,1,91,0.303996,0.696004,-1.14746e-08,1
5,Nelder-Mead (Simplex),1,1,92,0.646893,0.353106,-1.58105e-08,1
5,Nelder-Mead (Simplex),1,1,93,0.284678,0.715321,-1.79081e-08,1
5,Nelder-Mead (Simplex),1,1,94,0.627576,0.372423,-2.40562e-08,1
5,Nelder-Mead (Simplex),1,1,95,0.627576,0.372423,-2.40562e-08,1
5,Nelder-Mead (Simplex),1,1,96,0.608258,0.391741,-3.25573e-08,1
5,Nelder-Mead (Simplex),1,1,97,0.608258,0.391741,-3.25573e-08,1
5,Nelder-Mead (Simplex),1,1,98,0.319694,0.680305,-3.91861e-08,1
5,Nelder-Mead (Simplex),1,1,99,0.508651,0.491347,-5.84281e-08,1
5,Nelder-Mead (Simplex),1,1,100,0.508651,0.491347,-5.84281e-08,1
5,Nelder-Mead (Simplex),1,1,101,0.453718,0.546279,-1.00707e-07,1
5,Nelder-Mead (Simplex),1,1,102,0.453718,0.546279,-1.00707e-07,1
5,Nelder-Mead (Simplex),1,1,103,0.776699,0.223296,-1.18985e-07,1
5,Nelder-Mead (Simplex),1,1,104,0.361061,0.638932,-2.10624e-07,1
5,Nelder-Mead (Simplex),1,1,105,0.684042,0.315949,-2.57779e-07,1
5,Nelder-Mead (Simplex),1,1,106,0.268404,0.731585,-2.78772e-07,1
5,Nelder-Mead (Simplex),1,1,107,0.706546,0.293437,-4.33865e-07,1
5,Nelder-Mead (Simplex),1,1,108,0.290908,0.709073,-4.78479e-07,1
5,Nelder-Mead (Simplex),1,1,109,0.729051,0.270925,-5.91089e-07,1
5,Nelder-Mead (Simplex),1,1,110,0.313413,0.686562,-6.92768e-07,1
5,Nelder-Mead (Simplex),1,1,111,0.751555,0.248414,-7.26715e-07,1
5,Nelder-Mead (Simplex),1,1,112,0.335917,0.66405,-9.18906e-07,1
5,Nelder-Mead (Simplex),1,1,113,0.335917,0.66405,-9.18906e-07,1
5,Nelder-Mead (Simplex),1,1,114,0.358422,0.641538,-1.15416e-06,1
5,Nelder-Mead (Simplex),1,1,115,0.358422,0.641538,-1.15416e-06,1
5,Nelder-Mead (Simplex),1,1,116,0.583119,0.416836,-1.3565e-06,1
5,Nelder-Mead (Simplex),1,1,117,0.380926,0.619027,-1.39578e-06,1
5,Nelder-Mead (Simplex),1,1,118,0.605624,0.394325,-1.54768e-06,1
5,Nelder-Mead (Simplex),1,1,119,0.403431,0.596515,-1.64105e-06,1
5,Nelder-Mead (Simplex),1,1,120,0.628128,0.371813,-1.72372e-06,1
5,Nelder-Mead (Simplex),1,1,121,0.425935,0.574003,-1.88723e-06,1
5,Nelder-Mead (Simplex),1,1,122,0.425935,0.574003,-1.88723e-06,1
5,Nelder-Mead (Simplex),1,1,123,0.44844,0.551491,-2.13157e-06,1
5,Nelder-Mead (Simplex),1,1,124,0.44844,0.551491,-2.13157e-06,1
5,Nelder-Mead (Simplex),1,1,125,0.636654,0.363267,-2.27287e-06,1
5,Nelder-Mead (Simplex),1,1,126,0.539821,0.46009,-2.78671e-06,1
5,Nelder-Mead (Simplex),1,1,127,0.539821,0.46009,-2.78671e-06,1
5,Nelder-Mead (Simplex),1,1,128,0.628476,0.371398,-3.69222e-06,1
5,Nelder-Mead (Simplex),1,1,129,0.628476,0.371398,-3.69222e-06,1
5,Nelder-Mead (Simplex),1,1,130,0.523464,0.47635,-5.78542e-06,1
5,Nelder-Mead (Simplex),1,1,131,0.523464,0.47635,-5.78542e-06,1
5,Nelder-Mead (Simplex),1,1,132,0.595762,0.40392,-9.57302e-06,1
5,Nelder-Mead (Simplex),1,1,133,0.595762,0.40392,-9.57302e-06,1
5,Nelder-Mead (Simplex),1,1,134,0.458037,0.541394,-1.76382e-05,1
5,Nelder-Mead (Simplex),1,1,135,0.458037,0.541394,-1.76382e-05,1
5,Nelder-Mead (Simplex),1,1,136,0.464907,0.534008,-3.36731e-05,1
5,Nelder-Mead (Simplex),1,1,137,0.464907,0.534008,-3.36731e-05,1
5,Nelder-Mead (Simplex),1,1,138,0.196327,0.80157,-4.13621e-05,1
5,Nelder-Mead (Simplex),1,1,139,0.438466,0.558903,-8.0588e-05,1
5,Nelder-Mead (Simplex),1,1,140,0.438466,0.558903,-8.0588e-05,1
5,Nelder-Mead (Simplex),1,1,141,0.519873,0.474913,-0.000160897,1
5,Nelder-Mead (Simplex),1,1,142,0.519873,0.474913,-0.000160897,1
5,Nelder-Mead (Simplex),1,1,143,0.519873,0.474913,-0.000160897,1
5,Nelder-Mead (Simplex),1,1,144,0.507694,0.48271,-0.000293968,1
5,Nelder-Mead (Simplex),1,1,145,0.507694,0.48271,-0.000293968,1
5,Nelder-Mead (Simplex),1,1,146,0.225412,0.759043,-0.000332453,1
5,Nelder-Mead (Simplex),1,1,147,0.42817,0.549555,-0.000655173,1
5,Nelder-Mead (Simplex),1,1,148,0.42817,0.549555,-0.000655173,1
5,Nelder-Mead (Simplex),1,1,149,0.410262,0.54508,-0.00124835,1
5,Nelder-Mead (Simplex),1,1,150,0.410262,0.54508,-0.00124835,1
5,Nelder-Mead (Simplex),1,1,151,0.674635,0.264271,-0.00136152,1
5,Nelder-Mead (Simplex),1,1,152,0.392354,0.540604,-0.00177752,1
5,Nelder-Mead (Simplex),1,1,153,0.656727,0.259795,-0.00178031,1
5,Nelder-Mead (Simplex),1,1,154,0.374446,0.536129,-0.00224403,1
5,Nelder-Mead (Simplex),1,1,155,0.374446,0.536129,-0.00224403,1
5,Nelder-Mead (Simplex),1,1,156,0.356538,0.531653,-0.00264924,1
5,Nelder-Mead (Simplex),1,1,157,0.356538,0.531653,-0.00264924,1
5,Nelder-Mead (Simplex),1,1,158,0.539148,0.317131,-0.00307168,1
5,Nelder-Mead (Simplex),1,1,159,0.339218,0.483965,-0.0036285,1
5,Nelder-Mead (Simplex),1,1,160,0.521829,0.269442,-0.00366848,1
5,Nelder-Mead (Simplex),1,1,161,0.321899,0.436277,-0.00424514,1
5,Nelder-Mead (Simplex),1,1,162,0.321899,0.436277,-0.00424514,1
5,Nelder-Mead (Simplex),1,1,163,0.304579,0.388588,-0.00453943,1
5,Nelder-Mead (Simplex),1,1,164,0.304579,0.388588,-0.00453943,1
5,Nelder-Mead (Simplex),1,1,165,0.304579,0.388588,-0.00453943,1
5,Nelder-Mead (Simplex),1,1,166,0.287259,0.3409,-0.00455164,1
5,Nelder-Mead (Simplex),1,1,167,0.343737,0.317074,-0.00462103,1
5,Nelder-Mead (Simplex),1,1,168,0.343737,0.317074,-0.00462103,1
5,Nelder-Mead (Simplex),1,1,169,0.343737,0.317074,-0.00462103,1
5,Nelder-Mead (Simplex),1,1,170,0.327629,0.342774,-0.00462683,1
5,Nelder-Mead (Simplex),1,1,171,0.341192,0.333185,-0.0046271,1
5,Nelder-Mead (Simplex),1,1,172,0.339074,0.327527,-0.00462824,1
5,Nelder-Mead (Simplex),1,1,173,0.333881,0.336565,-0.00462911,1
5,Nelder-Mead (Simplex),1,1,174,0.331762,0.330907,-0.00462912,1
5,Nelder-Mead (Simplex),1,1,175,0.335948,0.330631,-0.00462933,1
5,Nelder-Mead (Simplex),1,1,176,0.333868,0.333667,-0.00462961,1
5,Nelder-Mead (Simplex),1,1,177,0.333868,0.333667,-0.00462961,1
5,Nelder-Mead (Simplex),1,1,178,0.333868,0.333667,-0.00462961,1
5,Nelder-Mead (Simplex),1,1,179,0.333868,0.333667,-0.00462961,1
5,Nelder-Mead (Simplex),1,1,180,0.332992,0.333351,-0.00462963,1
5,Nelder-Mead (Simplex),1,1,181,0.333336,0.333043,-0.00462963,1
5,Nelder-Mead (Simplex),1,1,182,0.333516,0.333432,-0.00462963,1
5,Nelder-Mead (Simplex),1,1,183,0.333209,0.333294,-0.00462963,1
5,Nelder-Mead (Simplex),1,1,184,0.333349,0.333203,-0.00462963,1
5,Nelder-Mead (Simplex),1,1,185,0.333397,0.33334,-0.00462963,1
5,Nelder-Mead (Simplex),1,1,186,0.333397,0.33334,-0.00462963,1
5,Nelder-Mead (Simplex),1,1,187,0.333342,0.333366,-0.00462963,1
5,Nelder-Mead (Simplex),1,1,188,0.33333,0.333318,-0.00462963,1
5,Nelder-Mead (Simplex),1,1,189,0.33333,0.333318,-0.00462963,1
5,Nelder-Mead (Simplex),1,1,190,0.33333,0.333348,-0.00462963,1
5,Nelder-Mead (Simplex),1,1,191,0.333342,0.333328,-0.00462963,1
5,Nelder-Mead (Simplex),1,1,192,0.333333,0.333328,-0.00462963,1
5,Nelder-Mead (Simplex),1,1,193,0.333334,0.333338,-0.00462963,1
5,Nelder-Mead (Simplex),1,1,194,0.333329,0.333336,-0.00462963,1
5,Nelder-Mead (Simplex),1,1,195,0.333332,0.333332,-0.00462963,1
5,Nelder-Mead (Simplex),1,1,196,0.333332,0.333332,-0.00462963,1
5,Nelder-Mead (Simplex),1,1,197,0.333332,0.333332,-0.00462963,1
5,Nelder-Mead (Simplex),1,1,198,0.333333,0.333334,-0.00462963,1
5,Nelder-Mead (Simplex),1,1,199,0.333334,0.333333,-0.00462963,1
5,Nelder-Mead (Simplex),1,1,200,0.333333,0.333333,-0.00462963,1
5,Nelder-Mead (Simplex),1,1,201,0.333333,0.333334,-0.00462963,1
6,Gradient Descent,0.3,0.7,0,0.3,0.7,-0,1
6,Gradient Descent,0.3,0.7,1,0.299737,0.699737,-1.3764e-05,1
6,Gradient Descent,0.3,0.7,2,0.299476,0.699476,-2.74594e-05,1
6,Gradient Descent,0.3,0.7,3,0.299215,0.699214,-4.10864e-05,1
6,Gradient Descent,0.3,0.7,4,0.298955,0.698953,-5.46456e-05,1
6,Gradient Descent,0.3,0.7,5,0.298695,0.698693,-6.81374e-05,1
6,Gradient Descent,0.3,0.7,6,0.298437,0.698433,-8.1562e-05,1
6,Gradient Descent,0.3,0.7,7,0.298179,0.698173,-9.492e-05,1
6,Gradient Descent,0.3,0.7,8,0.297922,0.697915,-0.000108212,1
6,Gradient Descent,0.3,0.7,9,0.297666,0.697656,-0.000121438,1
6,Gradient Descent,0.3,0.7,10,0.29741,0.697398,-0.000134598,1
6,Gradient Descent,0.3,0.7,11,0.297155,0.697141,-0.000147693,1
6,Gradient Descent,0.3,0.7,12,0.296901,0.696884,-0.000160724,1
6,Gradient Descent,0.3,0.7,13,0.296648,0.696628,-0.00017369,1
6,Gradient Descent,0.3,0.7,14,0.296396,0.696372,-0.000186592,1
6,Gradient Descent,0.3,0.7,15,0.296144,0.696117,-0.000199431,1
6,Gradient Descent,0.3,0.7,16,0.295893,0.695862,-0.000212207,1
6,Gradient Descent,0.3,0.7,17,0.295643,0.695608,-0.00022492,1
6,Gradient Descent,0.3,0.7,18,0.295393,0.695354,-0.00023757,1
6,Gradient Descent,0.3,0.7,19,0.295145,0.6951,-0.000250158,1
6,Gradient Descent,0.3,0.7,20,0.294897,0.694848,-0.000262685,1
6,Gradient Descent,0.3,0.7,21,0.294649,0.694595,-0.00027515,1
6,Gradient Descent,0.3,0.7,22,0.294403,0.694343,-0.000287554,1
6,Gradient Descent,0.3,0.7,23,0.294157,0.694092,-0.000299897,1
6,Gradient Descent,0.3,0.7,24,0.293912,0.693841,-0.000312181,1
6,Gradient Descent,0.3,0.7,25,0.293668,0.693591,-0.000324404,1
6,Gradient Descent,0.3,0.7,26,0.293424,0.693341,-0.000336568,1
6,Gradient Descent,0.3,0.7,27,0.293182,0.693091,-0.000348672,1
6,Gradient Descent,0.3,0.7,28,0.292939,0.692842,-0.000360718,1
6,Gradient Descent,0.3,0.7,29,0.292698,0.692594,-0.000372705,1
6,Gradient Descent,0.3,0.7,30,0.292457,0.692346,-0.000384634,1
6,Gradient Descent,0.3,0.7,31,0.292217,0.692098,-0.000396505,1
6,Gradient Descent,0.3,0.7,32,0.291978,0.691851,-0.000408319,1
6,Gradient Descent,0.3,0.7,33,0.29174,0.691605,-0.000420075,1
6,Gradient Descent,0.3,0.7,34,0.291502,0.691358,-0.000431775,1
6,Gradient Descent,0.3,0.7,35,0.291265,0.691113,-0.000443418,1
6,Gradient Descent,0.3,0.7,36,0.291028,0.690868,-0.000455005,1
6,Gradient Descent,0.3,0.7,37,0.290793,0.690623,-0.000466536,1
6,Gradient Descent,0.3,0.7,38,0.290558,0.690379,-0.000478012,1
6,Gradient Descent,0.3,0.7,39,0.290323,0.690135,-0.000489432,1
6,Gradient Descent,0.3,0.7,40,0.29009,0.689891,-0.000500797,1
6,Gradient Descent,0.3,0.7,41,0.289857,0.689648,-0.000512108,1
6,Gradient Descent,0.3,0.7,42,0.289625,0.689406,-0.000523365,1
6,Gradient Descent,0.3,0.7,43,0.289393,0.689164,-0.000534567,1
6,Gradient Descent,0.3,0.7,44,0.289162,0.688922,-0.000545716,1
6,Gradient Descent,0.3,0.7,45,0.288932,0.688681,-0.000556812,1
6,Gradient Descent,0.3,0.7,46,0.288703,0.688441,-0.000567855,1
6,Gradient Descent,0.3,0.7,47,0.288474,0.688201,-0.000578845,1
6,Gradient Descent,0.3,0.7,48,0.288246,0.687961,-0.000589782,1
6,Gradient Descent,0.3,0.7,49,0.288018,0.687722,-0.000600668,1
6,Gradient Descent,0.3,0.7,50,0.287792,0.687483,-0.000611502,1
6,Gradient Descent,0.3,0.7,51,0.287566,0.687244,-0.000622284,1
6,Gradient Descent,0.3,0.7,52,0.28734,0.687006,-0.000633015,1
6,Gradient Descent,0.3,0.7,53,0.287116,0.686769,-0.000643695,1
6,Gradient Descent,0.3,0.7,54,0.286891,0.686532,-0.000654324,1
6,Gradient Descent,0.3,0.7,55,0.286668,0.686295,-0.000664903,1
6,Gradient Descent,0.3,0.7,56,0.286445,0.686059,-0.000675432,1
6,Gradient Descent,0.3,0.7,57,0.286223,0.685823,-0.000685912,1
6,Gradient Descent,0.3,0.7,58,0.286002,0.685588,-0.000696342,1
6,Gradient Descent,0.3,0.7,59,0.285781,0.685353,-0.000706722,1
6,Gradient Descent,0.3,0.7,60,0.285561,0.685118,-0.000717054,1
6,Gradient Descent,0.3,0.7,61,0.285342,0.684884,-0.000727337,1
6,Gradient Descent,0.3,0.7,62,0.285123,0.68465,-0.000737572,1
6,Gradient Descent,0.3,0.7,63,0.284905,0.684417,-0.000747759,1
6,Gradient Descent,0.3,0.7,64,0.284687,0.684184,-0.000757897,1
6,Gradient Descent,0.3,0.7,65,0.28447,0.683952,-0.000767989,1
6,Gradient Descent,0.3,0.7,66,0.284254,0.68372,-0.000778033,1
6,Gradient Descent,0.3,0.7,67,0.284039,0.683488,-0.00078803,1
6,Gradient Descent,0.3,0.7,68,0.283824,0.683257,-0.00079798,1
6,Gradient Descent,0.3,0.7,69,0.283609,0.683026,-0.000807884,1
6,Gradient Descent,0.3,0.7,70,0.283396,0.682796,-0.000817742,1
6,Gradient Descent,0.3,0.7,71,0.283183,0.682566,-0.000827554,1
6,Gradient Descent,0.3,0.7,72,0.28297,0.682337,-0.00083732,1
6,Gradient Descent,0.3,0.7,73,0.282758,0.682108,-0.000847041,1
6,Gradient Descent,0.3,0.7,74,0.282547,0.681879,-0.000856716,1
6,Gradient Descent,0.3,0.7,75,0.282337,0.681651,-0.000866347,1
6,Gradient Descent,0.3,0.7,76,0.282127,0.681423,-0.000875933,1
6,Gradient Descent,0.3,0.7,77,0.281918,0.681195,-0.000885474,1
6,Gradient Descent,0.3,0.7,78,0.281709,0.680968,-0.000894972,1
6,Gradient Descent,0.3,0.7,79,0.281501,0.680742,-0.000904425,1
6,Gradient Descent,0.3,0.7,80,0.281294,0.680515,-0.000913835,1
6,Gradient Descent,0.3,0.7,81,0.281087,0.68029,-0.000923202,1
6,Gradient Descent,0.3,0.7,82,0.280881,0.680064,-0.000932525,1
6,Gradient Descent,0.3,0.7,83,0.280675,0.679839,-0.000941806,1
6,Gradient Descent,0.3,0.7,84,0.28047,0.679614,-0.000951043,1
6,Gradient Descent,0.3,0.7,85,0.280266,0.67939,-0.000960238,1
6,Gradient Descent,0.3,0.7,86,0.280062,0.679166,-0.000969392,1
6,Gradient Descent,0.3,0.7,87,0.279859,0.678943,-0.000978503,1
6,Gradient Descent,0.3,0.7,88,0.279656,0.67872,-0.000987572,1
6,Gradient Descent,0.3,0.7,89,0.279454,0.678497,-0.0009966,1
6,Gradient Descent,0.3,0.7,90,0.279253,0.678275,-0.00100559,1
6,Gradient Descent,0.3,0.7,91,0.279052,0.678053,-0.00101453,1
6,Gradient Descent,0.3,0.7,92,0.278852,0.677831,-0.00102344,1
6,Gradient Descent,0.3,0.7,93,0.278653,0.67761,-0.0010323,1
6,Gradient Descent,0.3,0.7,94,0.278454,0.677389,-0.00104112,1
6,Gradient Descent,0.3,0.7,95,0.278255,0.677169,-0.00104991,1
6,Gradient Descent,0.3,0.7,96,0.278057,0.676949,-0.00105865,1
6,Gradient Descent,0.3,0.7,97,0.27786,0.676729,-0.00106736,1
6,Gradient Descent,0.3,0.7,98,0.277664,0.67651,-0.00107602,1
6,Gradient Descent,0.3,0.7,99,0.277467,0.676291,-0.00108465,1
6,Gradient Descent,0.3,0.7,100,0.277272,0.676072,-0.00109323,1
6,Gradient Descent,0.3,0.7,101,0.277077,0.675854,-0.00110178,1
6,Gradient Descent,0.3,0.7,102,0.276883,0.675637,-0.00111029,1
6,Gradient Descent,0.3,0.7,103,0.276689,0.675419,-0.00111876,1
6,Gradient Descent,0.3,0.7,104,0.276496,0.675202,-0.00112719,1
6,Gradient Descent,0.3,0.7,105,0.276303,0.674985,-0.00113559,1
6,Gradient Descent,0.3,0.7,106,0.276111,0.674769,-0.00114394,1
6,Gradient Descent,0.3,0.7,107,0.27592,0.674553,-0.00115226,1
6,Gradient Descent,0.3,0.7,108,0.275729,0.674338,-0.00116054,1
6,Gradient Descent,0.3,0.7,109,0.275539,0.674122,-0.00116879,1
6,Gradient Descent,0.3,0.7,110,0.275349,0.673908,-0.001177,1
6,Gradient Descent,0.3,0.7,111,0.27516,0.673693,-0.00118517,1
6,Gradient Descent,0.3,0.7,112,0.274971,0.673479,-0.0011933,1
6,Gradient Descent,0.3,0.7,113,0.274783,0.673265,-0.0012014,1
6,Gradient Descent,0.3,0.7,114,0.274595,0.673052,-0.00120946,1
6,Gradient Descent,0.3,0.7,115,0.274408,0.672839,-0.00121749,1
6,Gradient Descent,0.3,0.7,116,0.274222,0.672626,-0.00122548,1
6,Gradient Descent,0.3,0.7,117,0.274036,0.672414,-0.00123343,1
6,Gradient Descent,0.3,0.7,118,0.273851,0.672202,-0.00124135,1
6,Gradient Descent,0.3,0.7,119,0.273666,0.67199,-0.00124924,1
6,Gradient Descent,0.3,0.7,120,0.273482,0.671779,-0.00125709,1
6,Gradient Descent,0.3,0.7,121,0.273298,0.671568,-0.0012649,1
6,Gradient Descent,0.3,0.7,122,0.273115,0.671357,-0.00127268,1
6,Gradient Descent,0.3,0.7,123,0.272932,0.671147,-0.00128043,1
6,Gradient Descent,0.3,0.7,124,0.27275,0.670937,-0.00128814,1
6,Gradient Descent,0.3,0.7,125,0.272569,0.670728,-0.00129582,1
6,Gradient Descent,0.3,0.7,126,0.272388,0.670518,-0.00130346,1
6,Gradient Descent,0.3,0.7,127,0.272207,0.670309,-0.00131107,1
6,Gradient Descent,0.3,0.7,128,0.272027,0.670101,-0.00131865,1
6,Gradient Descent,0.3,0.7,129,0.271848,0.669893,-0.00132619,1
6,Gradient Descent,0.3,0.7,130,0.271669,0.669685,-0.0013337,1
6,Gradient Descent,0.3,0.7,131,0.271491,0.669477,-0.00134118,1
6,Gradient Descent,0.3,0.7,132,0.271313,0.66927,-0.00134862,1
6,Gradient Descent,0.3,0.7,133,0.271136,0.669063,-0.00135603,1
6,Gradient Descent,0.3,0.7,134,0.270959,0.668857,-0.00136341,1
6,Gradient Descent,0.3,0.7,135,0.270783,0.668651,-0.00137076,1
6,Gradient Descent,0.3,0.7,136,0.270607,0.668445,-0.00137808,1
6,Gradient Descent,0.3,0.7,137,0.270432,0.668239,-0.00138536,1
6,Gradient Descent,0.3,0.7,138,0.270257,0.668034,-0.00139261,1
6,Gradient Descent,0.3,0.7,139,0.270083,0.66783,-0.00139983,1
6,Gradient Descent,0.3,0.7,140,0.26991,0.667625,-0.00140702,1
6,Gradient Descent,0.3,0.7,141,0.269736,0.667421,-0.00141418,1
6,Gradient Descent,0.3,0.7,142,0.269564,0.667217,-0.00142131,1
6,Gradient Descent,0.3,0.7,143,0.269392,0.667013,-0.0014284,1
6,Gradient Descent,0.3,0.7,144,0.26922,0.66681,-0.00143547,1
6,Gradient Descent,0.3,0.7,145,0.269049,0.666607,-0.0014425,1
6,Gradient Descent,0.3,0.7,146,0.268878,0.666405,-0.00144951,1
6,Gradient Descent,0.3,0.7,147,0.268708,0.666203,-0.00145648,1
6,Gradient Descent,0.3,0.7,148,0.268539,0.666001,-0.00146343,1
6,Gradient Descent,0.3,0.7,149,0.26837,0.665799,-0.00147034,1
6,Gradient Descent,0.3,0.7,150,0.268201,0.665598,-0.00147723,1
6,Gradient Descent,0.3,0.7,151,0.268033,0.665397,-0.00148408,1
6,Gradient Descent,0.3,0.7,152,0.267866,0.665196,-0.00149091,1
6,Gradient Descent,0.3,0.7,153,0.267698,0.664996,-0.0014977,1
6,Gradient Descent,0.3,0.7,154,0.267532,0.664796,-0.00150447,1
6,Gradient Descent,0.3,0.7,155,0.267366,0.664596,-0.00151121,1
6,Gradient Descent,0.3,0.7,156,0.2672,0.664397,-0.00151792,1
6,Gradient Descent,0.3,0.7,157,0.267035,0.664198,-0.0015246,1
6,Gradient Descent,0.3,0.7,158,0.266871,0.663999,-0.00153125,1
6,Gradient Descent,0.3,0.7,159,0.266706,0.663801,-0.00153788,1
6,Gradient Descent,0.3,0.7,160,0.266543,0.663603,-0.00154447,1
6,Gradient Descent,0.3,0.7,161,0.26638,0.663405,-0.00155104,1
6,Gradient Descent,0.3,0.7,162,0.266217,0.663207,-0.00155758,1
6,Gradient Descent,0.3,0.7,163,0.266055,0.66301,-0.0015641,1
6,Gradient Descent,0.3,0.7,164,0.265893,0.662813,-0.00157058,1
6,Gradient Descent,0.3,0.7,165,0.265732,0.662616,-0.00157704,1
6,Gradient Descent,0.3,0.7,166,0.265571,0.66242,-0.00158347,1
6,Gradient Descent,0.3,0.7,167,0.265411,0.662224,-0.00158987,1
6,Gradient Descent,0.3,0.7,168,0.265251,0.662028,-0.00159625,1
6,Gradient Descent,0.3,0.7,169,0.265092,0.661833,-0.0016026,1
6,Gradient Descent,0.3,0.7,170,0.264933,0.661638,-0.00160892,1
6,Gradient Descent,0.3,0.7,171,0.264774,0.661443,-0.00161522,1
6,Gradient Descent,0.3,0.7,172,0.264617,0.661249,-0.00162149,1
6,Gradient Descent,0.3,0.7,173,0.264459,0.661054,-0.00162773,1
6,Gradient Descent,0.3,0.7,174,0.264302,0.660861,-0.00163395,1
6,Gradient Descent,0.3,0.7,175,0.264146,0.660667,-0.00164014,1
6,Gradient Descent,0.3,0.7,176,0.26399,0.660474,-0.00164631,1
6,Gradient Descent,0.3,0.7,177,0.263834,0.660281,-0.00165245,1
6,Gradient Descent,0.3,0.7,178,0.263679,0.660088,-0.00165856,1
6,Gradient Descent,0.3,0.7,179,0.263524,0.659895,-0.00166465,1
6,Gradient Descent,0.3,0.7,180,0.26337,0.659703,-0.00167071,1
6,Gradient Descent,0.3,0.7,181,0.263216,0.659511,-0.00167675,1
6,Gradient Descent,0.3,0.7,182,0.263063,0.65932,-0.00168277,1
6,Gradient Descent,0.3,0.7,183,0.26291,0.659129,-0.00168875,1
6,Gradient Descent,0.3,0.7,184,0.262758,0.658938,-0.00169472,1
6,Gradient Descent,0.3,0.7,185,0.262606,0.658747,-0.00170066,1
6,Gradient Descent,0.3,0.7,186,0.262454,0.658557,-0.00170657,1
6,Gradient Descent,0.3,0.7,187,0.262303,0.658366,-0.00171246,1
6,Gradient Descent,0.3,0.7,188,0.262153,0.658177,-0.00171833,1
6,Gradient Descent,0.3,0.7,189,0.262003,0.657987,-0.00172417,1
6,Gradient Descent,0.3,0.7,190,0.261853,0.657798,-0.00172999,1
6,Gradient Descent,0.3,0.7,191,0.261704,0.657609,-0.00173578,1
6,Gradient Descent,0.3,0.7,192,0.261555,0.65742,-0.00174155,1
6,Gradient Descent,0.3,0.7,193,0.261406,0.657231,-0.0017473,1
6,Gradient Descent,0.3,0.7,194,0.261259,0.657043,-0.00175302,1
6,Gradient Descent,0.3,0.7,195,0.261111,0.656855,-0.00175872,1
6,Gradient Descent,0.3,0.7,196,0.260964,0.656668,-0.00176439,1
6,Gradient Descent,0.3,0.7,197,0.260817,0.65648,-0.00177005,1
6,Gradient Descent,0.3,0.7,198,0.260671,0.656293,-0.00177568,1
6,Gradient Descent,0.3,0.7,199,0.260526,0.656107,-0.00178128,1
6,Gradient Descent,0.3,0.7,200,0.26038,0.65592,-0.00178687,1
6,Gradient Descent,0.3,0.7,201,0.260235,0.655734,-0.00179243,1
6,Gradient Descent,0.3,0.7,202,0.260091,0.655548,-0.00179797,1
6,Gradient Descent,0.3,0.7,203,0.259947,0.655362,-0.00180349,1
6,Gradient Descent,0.3,0.7,204,0.259803,0.655177,-0.00180898,1
6,Gradient Descent,0.3,0.7,205,0.25966,0.654992,-0.00181445,1
6,Gradient Descent,0.3,0.7,206,0.259518,0.654807,-0.0018199,1
6,Gradient Descent,0.3,0.7,207,0.259375,0.654622,-0.00182533,1
6,Gradient Descent,0.3,0.7,208,0.259233,0.654438,-0.00183073,1
6,Gradient Descent,0.3,0.7,209,0.259092,0.654254,-0.00183612,1
6,Gradient Descent,0.3,0.7,210,0.258951,0.65407,-0.00184148,1
6,Gradient Descent,0.3,0.7,211,0.25881,0.653886,-0.00184682,1
6,Gradient Descent,0.3,0.7,212,0.25867,0.653703,-0.00185214,1
6,Gradient Descent,0.3,0.7,213,0.25853,0.65352,-0.00185744,1
6,Gradient Descent,0.3,0.7,214,0.258391,0.653337,-0.00186272,1
6,Gradient Descent,0.3,0.7,215,0.258252,0.653155,-0.00186797,1
6,Gradient Descent,0.3,0.7,216,0.258114,0.652972,-0.00187321,1
6,Gradient Descent,0.3,0.7,217,0.257975,0.65279,-0.00187842,1
6,Gradient Descent,0.3,0.7,218,0.257838,0.652609,-0.00188362,1
6,Gradient Descent,0.3,0.7,219,0.257701,0.652427,-0.00188879,1
6,Gradient Descent,0.3,0.7,220,0.257564,0.652246,-0.00189394,1
6,Gradient Descent,0.3,0.7,221,0.257427,0.652065,-0.00189907,1
6,Gradient Descent,0.3,0.7,222,0.257291,0.651884,-0.00190418,1
6,Gradient Descent,0.3,0.7,223,0.257155,0.651704,-0.00190927,1
6,Gradient Descent,0.3,0.7,224,0.25702,0.651524,-0.00191434,1
6,Gradient Descent,0.3,0.7,225,0.256885,0.651344,-0.0019194,1
6,Gradient Descent,0.3,0.7,226,0.256751,0.651164,-0.00192443,1
6,Gradient Descent,0.3,0.7,227,0.256617,0.650985,-0.00192944,1
6,Gradient Descent,0.3,0.7,228,0.256483,0.650805,-0.00193443,1
6,Gradient Descent,0.3,0.7,229,0.25635,0.650627,-0.0019394,1
6,Gradient Descent,0.3,0.7,230,0.256217,0.650448,-0.00194435,1
6,Gradient Descent,0.3,0.7,231,0.256085,0.650269,-0.00194928,1
6,Gradient Descent,0.3,0.7,232,0.255953,0.650091,-0.0019542,1
6,Gradient Descent,0.3,0.7,233,0.255821,0.649913,-0.00195909,1
6,Gradient Descent,0.3,0.7,234,0.25569,0.649736,-0.00196397,1
6,Gradient Descent,0.3,0.7,235,0.255559,0.649558,-0.00196882,1
6,Gradient Descent,0.3,0.7,236,0.255429,0.649381,-0.00197366,1
6,Gradient Descent,0.3,0.7,237,0.255299,0.649204,-0.00197848,1
6,Gradient Descent,0.3,0.7,238,0.255169,0.649027,-0.00198328,1
6,Gradient Descent,0.3,0.7,239,0.25504,0.648851,-0.00198806,1
6,Gradient Descent,0.3,0.7,240,0.254911,0.648675,-0.00199282,1
6,Gradient Descent,0.3,0.7,241,0.254782,0.648499,-0.00199756,1
6,Gradient Descent,0.3,0.7,242,0.254654,0.648323,-0.00200229,1
6,Gradient Descent,0.3,0.7,243,0.254526,0.648147,-0.002007,1
6,Gradient Descent,0.3,0.7,244,0.254399,0.647972,-0.00201168,1
6,Gradient Descent,0.3,0.7,245,0.254272,0.647797,-0.00201636,1
6,Gradient Descent,0.3,0.7,246,0.254145,0.647622,-0.00202101,1
6,Gradient Descent,0.3,0.7,247,0.254019,0.647448,-0.00202564,1
6,Gradient Descent,0.3,0.7,248,0.253893,0.647274,-0.00203026,1
6,Gradient Descent,0.3,0.7,249,0.253768,0.6471,-0.00203486,1
6,Gradient Descent,0.3,0.7,250,0.253643,0.646926,-0.00203944,1
6,Gradient Descent,0.3,0.7,251,0.253518,0.646752,-0.002044,1
6,Gradient Descent,0.3,0.7,252,0.253394,0.646579,-0.00204855,1
6,Gradient Descent,0.3,0.7,253,0.25327,0.646406,-0.00205308,1
6,Gradient Descent,0.3,0.7,254,0.253146,0.646233,-0.00205759,1
6,Gradient Descent,0.3,0.7,255,0.253023,0.64606,-0.00206209,1
6,Gradient Descent,0.3,0.7,256,0.2529,0.645888,-0.00206656,1
6,Gradient Descent,0.3,0.7,257,0.252778,0.645716,-0.00207102,1
6,Gradient Descent,0.3,0.7,258,0.252656,0.645544,-0.00207547,1
6,Gradient Descent,0.3,0.7,259,0.252534,0.645372,-0.00207989,1
6,Gradient Descent,0.3,0.7,260,0.252412,0.6452,-0.0020843,1
6,Gradient Descent,0.3,0.7,261,0.252291,0.645029,-0.0020887,1
6,Gradient Descent,0.3,0.7,262,0.252171,0.644858,-0.00209307,1
6,Gradient Descent,0.3,0.7,263,0.252051,0.644687,-0.00209743,1
6,Gradient Descent,0.3,0.7,264,0.251931,0.644517,-0.00210178,1
6,Gradient Descent,0.3,0.7,265,0.251811,0.644346,-0.0021061,1
6,Gradient Descent,0.3,0.7,266,0.251692,0.644176,-0.00211041,1
6,Gradient Descent,0.3,0.7,267,0.251573,0.644006,-0.00211471,1
6,Gradient Descent,0.3,0.7,268,0.251455,0.643837,-0.00211899,1
6,Gradient Descent,0.3,0.7,269,0.251337,0.643667,-0.00212325,1
6,Gradient Descent,0.3,0.7,270,0.251219,0.643498,-0.0021275,1
6,Gradient Descent,0.3,0.7,271,0.251101,0.643329,-0.00213173,1
6,Gradient Descent,0.3,0.7,272,0.250984,0.64316,-0.00213594,1
6,Gradient Descent,0.3,0.7,273,0.250868,0.642992,-0.00214014,1
6,Gradient Descent,0.3,0.7,274,0.250751,0.642823,-0.00214432,1
6,Gradient Descent,0.3,0.7,275,0.250635,0.642655,-0.00214849,1
6,Gradient Descent,0.3,0.7,276,0.25052,0.642487,-0.00215264,1
6,Gradient Descent,0.3,0.7,277,0.250405,0.642319,-0.00215678,1
6,Gradient Descent,0.3,0.7,278,0.25029,0.642152,-0.0021609,1
6,Gradient Descent,0.3,0.7,279,0.250175,0.641985,-0.00216501,1
6,Gradient Descent,0.3,0.7,280,0.250061,0.641818,-0.0021691,1
6,Gradient Descent,0.3,0.7,281,0.249947,0.641651,-0.00217317,1
6,Gradient Descent,0.3,0.7,282,0.249833,0.641484,-0.00217723,1
6,Gradient Descent,0.3,0.7,283,0.24972,0.641318,-0.00218128,1
6,Gradient Descent,0.3,0.7,284,0.249607,0.641152,-0.00218531,1
6,Gradient Descent,0.3,0.7,285,0.249495,0.640986,-0.00218933,1
6,Gradient Descent,0.3,0.7,286,0.249383,0.64082,-0.00219333,1
6,Gradient Descent,0.3,0.7,287,0.249271,0.640654,-0.00219732,1
6,Gradient Descent,0.3,0.7,288,0.249159,0.640489,-0.00220129,1
6,Gradient Descent,0.3,0.7,289,0.249048,0.640324,-0.00220525,1
6,Gradient Descent,0.3,0.7,290,0.248938,0.640159,-0.00220919,1
6,Gradient Descent,0.3,0.7,291,0.248827,0.639994,-0.00221312,1
6,Gradient Descent,0.3,0.7,292,0.248717,0.63983,-0.00221703,1
6,Gradient Descent,0.3,0.7,293,0.248607,0.639666,-0.00222093,1
6,Gradient Descent,0.3,0.7,294,0.248498,0.639502,-0.00222482,1
6,Gradient Descent,0.3,0.7,295,0.248389,0.639338,-0.00222869,1
6,Gradient Descent,0.3,0.7,296,0.24828,0.639174,-0.00223255,1
6,Gradient Descent,0.3,0.7,297,0.248171,0.639011,-0.00223639,1
6,Gradient Descent,0.3,0.7,298,0.248063,0.638847,-0.00224022,1
6,Gradient Descent,0.3,0.7,299,0.247956,0.638684,-0.00224404,1
6,Gradient Descent,0.3,0.7,300,0.247848,0.638522,-0.00224784,1
6,Gradient Descent,0.3,0.7,301,0.247741,0.638359,-0.00225163,1
6,Gradient Descent,0.3,0.7,302,0.247634,0.638197,-0.0022554,1
6,Gradient Descent,0.3,0.7,303,0.247528,0.638034,-0.00225916,1
6,Gradient Descent,0.3,0.7,304,0.247422,0.637872,-0.00226291,1
6,Gradient Descent,0.3,0.7,305,0.247316,0.637711,-0.00226665,1
6,Gradient Descent,0.3,0.7,306,0.24721,0.637549,-0.00227037,1
6,Gradient Descent,0.3,0.7,307,0.247105,0.637388,-0.00227408,1
6,Gradient Descent,0.3,0.7,308,0.247,0.637226,-0.00227777,1
6,Gradient Descent,0.3,0.7,309,0.246896,0.637065,-0.00228145,1
6,Gradient Descent,0.3,0.7,310,0.246791,0.636905,-0.00228512,1
6,Gradient Descent,0.3,0.7,311,0.246688,0.636744,-0.00228877,1
6,Gradient Descent,0.3,0.7,312,0.246584,0.636584,-0.00229242,1
6,Gradient Descent,0.3,0.7,313,0.246481,0.636423,-0.00229605,1
6,Gradient Descent,0.3,0.7,314,0.246378,0.636263,-0.00229966,1
6,Gradient Descent,0.3,0.7,315,0.246275,0.636104,-0.00230327,1
6,Gradient Descent,0.3,0.7,316,0.246173,0.635944,-0.00230686,1
6,Gradient Descent,0.3,0.7,317,0.246071,0.635785,-0.00231044,1
6,Gradient Descent,0.3,0.7,318,0.245969,0.635625,-0.002314,1
6,Gradient Descent,0.3,0.7,319,0.245868,0.635466,-0.00231755,1
6,Gradient Descent,0.3,0.7,320,0.245767,0.635307,-0.00232109,1
6,Gradient Descent,0.3,0.7,321,0.245666,0.635149,-0.00232462,1
6,Gradient Descent,0.3,0.7,322,0.245566,0.63499,-0.00232814,1
6,Gradient Descent,0.3,0.7,323,0.245466,0.634832,-0.00233164,1
6,Gradient Descent,0.3,0.7,324,0.245366,0.634674,-0.00233513,1
6,Gradient Descent,0.3,0.7,325,0.245266,0.634516,-0.00233861,1
6,Gradient Descent,0.3,0.7,326,0.245167,0.634359,-0.00234208,1
6,Gradient Descent,0.3,0.7,327,0.245068,0.634201,-0.00234553,1
6,Gradient Descent,0.3,0.7,328,0.24497,0.634044,-0.00234898,1
6,Gradient Descent,0.3,0.7,329,0.244871,0.633887,-0.00235241,1
6,Gradient Descent,0.3,0.7,330,0.244773,0.63373,-0.00235583,1
6,Gradient Descent,0.3,0.7,331,0.244676,0.633573,-0.00235923,1
6,Gradient Descent,0.3,0.7,332,0.244578,0.633416,-0.00236263,1
6,Gradient Descent,0.3,0.7,333,0.244481,0.63326,-0.00236601,1
6,Gradient Descent,0.3,0.7,334,0.244385,0.633104,-0.00236938,1
6,Gradient Descent,0.3,0.7,335,0.244288,0.632948,-0.00237274,1
6,Gradient Descent,0.3,0.7,336,0.244192,0.632792,-0.00237609,1
6,Gradient Descent,0.3,0.7,337,0.244096,0.632637,-0.00237943,1
6,Gradient Descent,0.3,0.7,338,0.244001,0.632481,-0.00238276,1
6,Gradient Descent,0.3,0.7,339,0.243905,0.632326,-0.00238607,1
6,Gradient Descent,0.3,0.7,340,0.24381,0.632171,-0.00238937,1
6,Gradient Descent,0.3,0.7,341,0.243716,0.632016,-0.00239266,1
6,Gradient Descent,0.3,0.7,342,0.243621,0.631861,-0.00239594,1
6,Gradient Descent,0.3,0.7,343,0.243527,0.631707,-0.00239921,1
6,Gradient Descent,0.3,0.7,344,0.243434,0.631553,-0.00240247,1
6,Gradient Descent,0.3,0.7,345,0.24334,0.631398,-0.00240572,1
6,Gradient Descent,0.3,0.7,346,0.243247,0.631244,-0.00240895,1
6,Gradient Descent,0.3,0.7,347,0.243154,0.631091,-0.00241218,1
6,Gradient Descent,0.3,0.7,348,0.243061,0.630937,-0.00241539,1
6,Gradient Descent,0.3,0.7,349,0.242969,0.630784,-0.0024186,1
6,Gradient Descent,0.3,0.7,350,0.242877,0.63063,-0.00242179,1
6,Gradient Descent,0.3,0.7,351,0.242785,0.630477,-0.00242497,1
6,Gradient Descent,0.3,0.7,352,0.242694,0.630324,-0.00242814,1
6,Gradient Descent,0.3,0.7,353,0.242603,0.630172,-0.0024313,1
6,Gradient Descent,0.3,0.7,354,0.242512,0.630019,-0.00243445,1
6,Gradient Descent,0.3,0.7,355,0.242421,0.629867,-0.00243759,1
6,Gradient Descent,0.3,0.7,356,0.242331,0.629715,-0.00244072,1
6,Gradient Descent,0.3,0.7,357,0.242241,0.629563,-0.00244384,1
6,Gradient Descent,0.3,0.7,358,0.242151,0.629411,-0.00244694,1
6,Gradient Descent,0.3,0.7,359,0.242062,0.629259,-0.00245004,1
6,Gradient Descent,0.3,0.7,360,0.241972,0.629108,-0.00245313,1
6,Gradient Descent,0.3,0.7,361,0.241884,0.628957,-0.00245621,1
6,Gradient Descent,0.3,0.7,362,0.241795,0.628805,-0.00245927,1
6,Gradient Descent,0.3,0.7,363,0.241707,0.628655,-0.00246233,1
6,Gradient Descent,0.3,0.7,364,0.241619,0.628504,-0.00246537,1
6,Gradient Descent,0.3,0.7,365,0.241531,0.628353,-0.00246841,1
6,Gradient Descent,0.3,0.7,366,0.241443,0.628203,-0.00247144,1
6,Gradient Descent,0.3,0.7,367,0.241356,0.628052,-0.00247445,1
6,Gradient Descent,0.3,0.7,368,0.241269,0.627902,-0.00247746,1
6,Gradient Descent,0.3,0.7,369,0.241182,0.627752,-0.00248045,1
6,Gradient Descent,0.3,0.7,370,0.241096,0.627603,-0.00248344,1
6,Gradient Descent,0.3,0.7,371,0.24101,0.627453,-0.00248642,1
6,Gradient Descent,0.3,0.7,372,0.240924,0.627304,-0.00248938,1
6,Gradient Descent,0.3,0.7,373,0.240838,0.627155,-0.00249234,1
6,Gradient Descent,0.3,0.7,374,0.240753,0.627005,-0.00249529,1
6,Gradient Descent,0.3,0.7,375,0.240668,0.626857,-0.00249823,1
6,Gradient Descent,0.3,0.7,376,0.240583,0.626708,-0.00250116,1
6,Gradient Descent,0.3,0.7,377,0.240499,0.626559,-0.00250407,1
6,Gradient Descent,0.3,0.7,378,0.240414,0.626411,-0.00250698,1
6,Gradient Descent,0.3,0.7,379,0.240331,0.626263,-0.00250988,1
6,Gradient Descent,0.3,0.7,380,0.240247,0.626115,-0.00251277,1
6,Gradient Descent,0.3,0.7,381,0.240163,0.625967,-0.00251565,1
6,Gradient Descent,0.3,0.7,382,0.24008,0.625819,-0.00251853,1
6,Gradient Descent,0.3,0.7,383,0.239997,0.625671,-0.00252139,1
6,Gradient Descent,0.3,0.7,384,0.239915,0.625524,-0.00252424,1
6,Gradient Descent,0.3,0.7,385,0.239832,0.625377,-0.00252709,1
6,Gradient Descent,0.3,0.7,386,0.23975,0.62523,-0.00252992,1
6,Gradient Descent,0.3,0.7,387,0.239668,0.625083,-0.00253275,1
6,Gradient Descent,0.3,0.7,388,0.239587,0.624936,-0.00253556,1
6,Gradient Descent,0.3,0.7,389,0.239505,0.624789,-0.00253837,1
6,Gradient Descent,0.3,0.7,390,0.239424,0.624643,-0.00254117,1
6,Gradient Descent,0.3,0.7,391,0.239344,0.624497,-0.00254396,1
6,Gradient Descent,0.3,0.7,392,0.239263,0.624351,-0.00254674,1
6,Gradient Descent,0.3,0.7,393,0.239183,0.624205,-0.00254951,1
6,Gradient Descent,0.3,0.7,394,0.239103,0.624059,-0.00255228,1
6,Gradient Descent,0.3,0.7,395,0.239023,0.623913,-0.00255503,1
6,Gradient Descent,0.3,0.7,396,0.238943,0.623768,-0.00255778,1
6,Gradient Descent,0.3,0.7,397,0.238864,0.623623,-0.00256052,1
6,Gradient Descent,0.3,0.7,398,0.238785,0.623477,-0.00256324,1
6,Gradient Descent,0.3,0.7,399,0.238706,0.623332,-0.00256596,1
6,Gradient Descent,0.3,0.7,400,0.238628,0.623188,-0.00256868,1
6,Gradient Descent,0.3,0.7,401,0.23855,0.623043,-0.00257138,1
6,Gradient Descent,0.3,0.7,402,0.238472,0.622898,-0.00257407,1
6,Gradient Descent,0.3,0.7,403,0.238394,0.622754,-0.00257676,1
6,Gradient Descent,0.3,0.7,404,0.238316,0.62261,-0.00257944,1
6,Gradient Descent,0.3,0.7,405,0.238239,0.622466,-0.00258211,1
6,Gradient Descent,0.3,0.7,406,0.238162,0.622322,-0.00258477,1
6,Gradient Descent,0.3,0.7,407,0.238085,0.622178,-0.00258742,1
6,Gradient Descent,0.3,0.7,408,0.238009,0.622035,-0.00259006,1
6,Gradient Descent,0.3,0.7,409,0.237933,0.621891,-0.0025927,1
6,Gradient Descent,0.3,0.7,410,0.237857,0.621748,-0.00259533,1
6,Gradient Descent,0.3,0.7,411,0.237781,0.621605,-0.00259795,1
6,Gradient Descent,0.3,0.7,412,0.237705,0.621462,-0.00260056,1
6,Gradient Descent,0.3,0.7,413,0.23763,0.621319,-0.00260316,1
6,Gradient Descent,0.3,0.7,414,0.237555,0.621176,-0.00260576,1
6,Gradient Descent,0.3,0.7,415,0.23748,0.621034,-0.00260835,1
6,Gradient Descent,0.3,0.7,416,0.237406,0.620892,-0.00261093,1
6,Gradient Descent,0.3,0.7,417,0.237332,0.620749,-0.0026135,1
6,Gradient Descent,0.3,0.7,418,0.237258,0.620607,-0.00261606,1
6,Gradient Descent,0.3,0.7,419,0.237184,0.620465,-0.00261862,1
6,Gradient Descent,0.3,0.7,420,0.23711,0.620324,-0.00262117,1
6,Gradient Descent,0.3,0.7,421,0.237037,0.620182,-0.00262371,1
6,Gradient Descent,0.3,0.7,422,0.236964,0.620041,-0.00262624,1
6,Gradient Descent,0.3,0.7,423,0.236891,0.619899,-0.00262877,1
6,Gradient Descent,0.3,0.7,424,0.236818,0.619758,-0.00263128,1
6,Gradient Descent,0.3,0.7,425,0.236746,0.619617,-0.00263379,1
6,Gradient Descent,0.3,0.7,426,0.236674,0.619476,-0.0026363,1
6,Gradient Descent,0.3,0.7,427,0.236602,0.619336,-0.00263879,1
6,Gradient Descent,0.3,0.7,428,0.23653,0.619195,-0.00264128,1
6,Gradient Descent,0.3,0.7,429,0.236459,0.619055,-0.00264376,1
6,Gradient Descent,0.3,0.7,430,0.236388,0.618914,-0.00264623,1
6,Gradient Descent,0.3,0.7,431,0.236317,0.618774,-0.0026487,1
6,Gradient Descent,0.3,0.7,432,0.236246,0.618634,-0.00265115,1
6,Gradient Descent,0.3,0.7,433,0.236176,0.618494,-0.0026536,1
6,Gradient Descent,0.3,0.7,434,0.236106,0.618355,-0.00265605,1
6,Gradient Descent,0.3,0.7,435,0.236036,0.618215,-0.00265848,1
6,Gradient Descent,0.3,0.7,436,0.235966,0.618076,-0.00266091,1
6,Gradient Descent,0.3,0.7,437,0.235896,0.617936,-0.00266333,1
6,Gradient Descent,0.3,0.7,438,0.235827,0.617797,-0.00266574,1
6,Gradient Descent,0.3,0.7,439,0.235758,0.617658,-0.00266815,1
6,Gradient Descent,0.3,0.7,440,0.235689,0.61752,-0.00267055,1
6,Gradient Descent,0.3,0.7,441,0.23562,0.617381,-0.00267294,1
6,Gradient Descent,0.3,0.7,442,0.235552,0.617242,-0.00267533,1
6,Gradient Descent,0.3,0.7,443,0.235484,0.617104,-0.00267771,1
6,Gradient Descent,0.3,0.7,444,0.235416,0.616966,-0.00268008,1
6,Gradient Descent,0.3,0.7,445,0.235348,0.616828,-0.00268244,1
6,Gradient Descent,0.3,0.7,446,0.235281,0.61669,-0.0026848,1
6,Gradient Descent,0.3,0.7,447,0.235213,0.616552,-0.00268715,1
6,Gradient Descent,0.3,0.7,448,0.235146,0.616414,-0.00268949,1
6,Gradient Descent,0.3,0.7,449,0.23508,0.616277,-0.00269183,1
6,Gradient Descent,0.3,0.7,450,0.235013,0.616139,-0.00269416,1
6,Gradient Descent,0.3,0.7,451,0.234947,0.616002,-0.00269648,1
6,Gradient Descent,0.3,0.7,452,0.234881,0.615865,-0.0026988,1
6,Gradient Descent,0.3,0.7,453,0.234815,0.615728,-0.00270111,1
6,Gradient Descent,0.3,0.7,454,0.234749,0.615591,-0.00270341,1
6,Gradient Descent,0.3,0.7,455,0.234683,0.615454,-0.00270571,1
6,Gradient Descent,0.3,0.7,456,0.234618,0.615318,-0.002708,1
6,Gradient Descent,0.3,0.7,457,0.234553,0.615181,-0.00271028,1
6,Gradient Descent,0.3,0.7,458,0.234488,0.615045,-0.00271256,1
6,Gradient Descent,0.3,0.7,459,0.234424,0.614909,-0.00271483,1
6,Gradient Descent,0.3,0.7,460,0.234359,0.614773,-0.00271709,1
6,Gradient Descent,0.3,0.7,461,0.234295,0.614637,-0.00271935,1
6,Gradient Descent,0.3,0.7,462,0.234231,0.614501,-0.0027216,1
6,Gradient Descent,0.3,0.7,463,0.234168,0.614365,-0.00272384,1
6,Gradient Descent,0.3,0.7,464,0.234104,0.61423,-0.00272608,1
6,Gradient Descent,0.3,0.7,465,0.234041,0.614094,-0.00272831,1
6,Gradient Descent,0.3,0.7,466,0.233978,0.613959,-0.00273054,1
6,Gradient Descent,0.3,0.7,467,0.233915,0.613824,-0.00273275,1
6,Gradient Descent,0.3,0.7,468,0.233852,0.613689,-0.00273497,1
6,Gradient Descent,0.3,0.7,469,0.23379,0.613554,-0.00273717,1
6,Gradient Descent,0.3,0.7,470,0.233727,0.61342,-0.00273937,1
6,Gradient Descent,0.3,0.7,471,0.233665,0.613285,-0.00274157,1
6,Gradient Descent,0.3,0.7,472,0.233604,0.613151,-0.00274375,1
6,Gradient Descent,0.3,0.7,473,0.233542,0.613016,-0.00274593,1
6,Gradient Descent,0.3,0.7,474,0.233481,0.612882,-0.00274811,1
6,Gradient Descent,0.3,0.7,475,0.23342,0.612748,-0.00275028,1
6,Gradient Descent,0.3,0.7,476,0.233359,0.612614,-0.00275244,1
6,Gradient Descent,0.3,0.7,477,0.233298,0.612481,-0.0027546,1
6,Gradient Descent,0.3,0.7,478,0.233237,0.612347,-0.00275675,1
6,Gradient Descent,0.3,0.7,479,0.233177,0.612213,-0.00275889,1
6,Gradient Descent,0.3,0.7,480,0.233117,0.61208,-0.00276103,1
6,Gradient Descent,0.3,0.7,481,0.233057,0.611947,-0.00276317,1
6,Gradient Descent,0.3,0.7,482,0.232997,0.611814,-0.00276529,1
6,Gradient Descent,0.3,0.7,483,0.232938,0.611681,-0.00276742,1
6,Gradient Descent,0.3,0.7,484,0.232878,0.611548,-0.00276953,1
6,Gradient Descent,0.3,0.7,485,0.232819,0.611415,-0.00277164,1
6,Gradient Descent,0.3,0.7,486,0.23276,0.611282,-0.00277374,1
6,Gradient Descent,0.3,0.7,487,0.232702,0.61115,-0.00277584,1
6,Gradient Descent,0.3,0.7,488,0.232643,0.611018,-0.00277793,1
6,Gradient Descent,0.3,0.7,489,0.232585,0.610885,-0.00278002,1
6,Gradient Descent,0.3,0.7,490,0.232527,0.610753,-0.0027821,1
6,Gradient Descent,0.3,0.7,491,0.232469,0.610621,-0.00278418,1
6,Gradient Descent,0.3,0.7,492,0.232411,0.610489,-0.00278625,1
6,Gradient Descent,0.3,0.7,493,0.232354,0.610358,-0.00278831,1
6,Gradient Descent,0.3,0.7,494,0.232297,0.610226,-0.00279037,1
6,Gradient Descent,0.3,0.7,495,0.23224,0.610095,-0.00279242,1
6,Gradient Descent,0.3,0.7,496,0.232183,0.609963,-0.00279447,1
6,Gradient Descent,0.3,0.7,497,0.232126,0.609832,-0.00279651,1
6,Gradient Descent,0.3,0.7,498,0.232069,0.609701,-0.00279855,1
6,Gradient Descent,0.3,0.7,499,0.232013,0.60957,-0.00280058,1
6,Gradient Descent,0.3,0.7,500,0.231957,0.609439,-0.0028026,1
6,Gradient Descent,0.3,0.7,501,0.231901,0.609309,-0.00280462,1
6,Gradient Descent,0.3,0.7,502,0.231846,0.609178,-0.00280663,1
6,Gradient Descent,0.3,0.7,503,0.23179,0.609047,-0.00280864,1
6,Gradient Descent,0.3,0.7,504,0.231735,0.608917,-0.00281065,1
6,Gradient Descent,0.3,0.7,505,0.23168,0.608787,-0.00281265,1
6,Gradient Descent,0.3,0.7,506,0.231625,0.608657,-0.00281464,1
6,Gradient Descent,0.3,0.7,507,0.23157,0.608527,-0.00281663,1
6,Gradient Descent,0.3,0.7,508,0.231516,0.608397,-0.00281861,1
6,Gradient Descent,0.3,0.7,509,0.231461,0.608267,-0.00282058,1
6,Gradient Descent,0.3,0.7,510,0.231407,0.608138,-0.00282256,1
6,Gradient Descent,0.3,0.7,511,0.231353,0.608008,-0.00282452,1
6,Gradient Descent,0.3,0.7,512,0.231299,0.607879,-0.00282648,1
6,Gradient Descent,0.3,0.7,513,0.231246,0.607749,-0.00282844,1
6,Gradient Descent,0.3,0.7,514,0.231193,0.60762,-0.00283039,1
6,Gradient Descent,0.3,0.7,515,0.231139,0.607491,-0.00283234,1
6,Gradient Descent,0.3,0.7,516,0.231086,0.607362,-0.00283428,1
6,Gradient Descent,0.3,0.7,517,0.231034,0.607234,-0.00283621,1
6,Gradient Descent,0.3,0.7,518,0.230981,0.607105,-0.00283814,1
6,Gradient Descent,0.3,0.7,519,0.230929,0.606976,-0.00284007,1
6,Gradient Descent,0.3,0.7,520,0.230876,0.606848,-0.00284199,1
6,Gradient Descent,0.3,0.7,521,0.230824,0.60672,-0.00284391,1
6,Gradient Descent,0.3,0.7,522,0.230772,0.606592,-0.00284582,1
6,Gradient Descent,0.3,0.7,523,0.230721,0.606463,-0.00284772,1
6,Gradient Descent,0.3,0.7,524,0.230669,0.606336,-0.00284962,1
6,Gradient Descent,0.3,0.7,525,0.230618,0.606208,-0.00285152,1
6,Gradient Descent,0.3,0.7,526,0.230567,0.60608,-0.00285341,1
6,Gradient Descent,0.3,0.7,527,0.230516,0.605952,-0.0028553,1
6,Gradient Descent,0.3,0.7,528,0.230465,0.605825,-0.00285718,1
6,Gradient Descent,0.3,0.7,529,0.230415,0.605698,-0.00285906,1
6,Gradient Descent,0.3,0.7,530,0.230364,0.60557,-0.00286093,1
6,Gradient Descent,0.3,0.7,531,0.230314,0.605443,-0.00286279,1
6,Gradient Descent,0.3,0.7,532,0.230264,0.605316,-0.00286466,1
6,Gradient Descent,0.3,0.7,533,0.230214,0.605189,-0.00286651,1
6,Gradient Descent,0.3,0.7,534,0.230165,0.605062,-0.00286837,1
6,Gradient Descent,0.3,0.7,535,0.230115,0.604936,-0.00287021,1
6,Gradient Descent,0.3,0.7,536,0.230066,0.604809,-0.00287206,1
6,Gradient Descent,0.3,0.7,537,0.230017,0.604683,-0.0028739,1
6,Gradient Descent,0.3,0.7,538,0.229968,0.604556,-0.00287573,1
6,Gradient Descent,0.3,0.7,539,0.229919,0.60443,-0.00287756,1
6,Gradient Descent,0.3,0.7,540,0.229871,0.604304,-0.00287938,1
6,Gradient Descent,0.3,0.7,541,0.229822,0.604178,-0.00288121,1
6,Gradient Descent,0.3,0.7,542,0.229774,0.604052,-0.00288302,1
6,Gradient Descent,0.3,0.7,543,0.229726,0.603926,-0.00288483,1
6,Gradient Descent,0.3,0.7,544,0.229678,0.603801,-0.00288664,1
6,Gradient Descent,0.3,0.7,545,0.229631,0.603675,-0.00288844,1
6,Gradient Descent,0.3,0.7,546,0.229583,0.60355,-0.00289024,1
6,Gradient Descent,0.3,0.7,547,0.229536,0.603425,-0.00289203,1
6,Gradient Descent,0.3,0.7,548,0.229489,0.603299,-0.00289382,1
6,Gradient Descent,0.3,0.7,549,0.229442,0.603174,-0.00289561,1
6,Gradient Descent,0.3,0.7,550,0.229395,0.603049,-0.00289739,1
6,Gradient Descent,0.3,0.7,551,0.229348,0.602924,-0.00289916,1
6,Gradient Descent,0.3,0.7,552,0.229302,0.6028,-0.00290093,1
6,Gradient Descent,0.3,0.7,553,0.229256,0.602675,-0.0029027,1
6,Gradient Descent,0.3,0.7,554,0.229209,0.60255,-0.00290446,1
6,Gradient Descent,0.3,0.7,555,0.229163,0.602426,-0.00290622,1
6,Gradient Descent,0.3,0.7,556,0.229118,0.602302,-0.00290797,1
6,Gradient Descent,0.3,0.7,557,0.229072,0.602177,-0.00290972,1
6,Gradient Descent,0.3,0.7,558,0.229027,0.602053,-0.00291147,1
6,Gradient Descent,0.3,0.7,559,0.228982,0.601929,-0.00291321,1
6,Gradient Descent,0.3,0.7,560,0.228936,0.601805,-0.00291495,1
6,Gradient Descent,0.3,0.7,561,0.228892,0.601682,-0.00291668,1
6,Gradient Descent,0.3,0.7,562,0.228847,0.601558,-0.00291841,1
6,Gradient Descent,0.3,0.7,563,0.228802,0.601434,-0.00292013,1
6,Gradient Descent,0.3,0.7,564,0.228758,0.601311,-0.00292185,1
6,Gradient Descent,0.3,0.7,565,0.228714,0.601188,-0.00292357,1
6,Gradient Descent,0.3,0.7,566,0.22867,0.601064,-0.00292528,1
6,Gradient Descent,0.3,0.7,567,0.228626,0.600941,-0.00292699,1
6,Gradient Descent,0.3,0.7,568,0.228582,0.600818,-0.00292869,1
6,Gradient Descent,0.3,0.7,569,0.228539,0.600695,-0.00293039,1
6,Gradient Descent,0.3,0.7,570,0.228495,0.600572,-0.00293209,1
6,Gradient Descent,0.3,0.7,571,0.228452,0.60045,-0.00293378,1
6,Gradient Descent,0.3,0.7,572,0.228409,0.600327,-0.00293547,1
6,Gradient Descent,0.3,0.7,573,0.228366,0.600205,-0.00293715,1
6,Gradient Descent,0.3,0.7,574,0.228323,0.600082,-0.00293883,1
6,Gradient Descent,0.3,0.7,575,0.228281,0.59996,-0.0029405,1
6,Gradient Descent,0.3,0.7,576,0.228238,0.599838,-0.00294218,1
6,Gradient Descent,0.3,0.7,577,0.228196,0.599716,-0.00294384,1
6,Gradient Descent,0.3,0.7,578,0.228154,0.599594,-0.00294551,1
6,Gradient Descent,0.3,0.7,579,0.228112,0.599472,-0.00294717,1
6,Gradient Descent,0.3,0.7,580,0.22807,0.59935,-0.00294882,1
6,Gradient Descent,0.3,0.7,581,0.228029,0.599228,-0.00295048,1
6,Gradient Descent,0.3,0.7,582,0.227987,0.599107,-0.00295212,1
6,Gradient Descent,0.3,0.7,583,0.227946,0.598985,-0.00295377,1
6,Gradient Descent,0.3,0.7,584,0.227905,0.598864,-0.00295541,1
6,Gradient Descent,0.3,0.7,585,0.227864,0.598743,-0.00295705,1
6,Gradient Descent,0.3,0.7,586,0.227823,0.598622,-0.00295868,1
6,Gradient Descent,0.3,0.7,587,0.227783,0.598501,-0.00296031,1
6,Gradient Descent,0.3,0.7,588,0.227742,0.59838,-0.00296193,1
6,Gradient Descent,0.3,0.7,589,0.227702,0.598259,-0.00296356,1
6,Gradient Descent,0.3,0.7,590,0.227662,0.598138,-0.00296517,1
6,Gradient Descent,0.3,0.7,591,0.227622,0.598017,-0.00296679,1
6,Gradient Descent,0.3,0.7,592,0.227582,0.597897,-0.0029684,1
6,Gradient Descent,0.3,0.7,593,0.227542,0.597776,-0.00297001,1
6,Gradient Descent,0.3,0.7,594,0.227503,0.597656,-0.00297161,1
6,Gradient Descent,0.3,0.7,595,0.227464,0.597536,-0.00297321,1
6,Gradient Descent,0.3,0.7,596,0.227424,0.597416,-0.0029748,1
6,Gradient Descent,0.3,0.7,597,0.227385,0.597296,-0.0029764,1
6,Gradient Descent,0.3,0.7,598,0.227347,0.597176,-0.00297799,1
6,Gradient Descent,0.3,0.7,599,0.227308,0.597056,-0.00297957,1
6,Gradient Descent,0.3,0.7,600,0.227269,0.596936,-0.00298115,1
6,Gradient Descent,0.3,0.7,601,0.227231,0.596816,-0.00298273,1
6,Gradient Descent,0.3,0.7,602,0.227193,0.596697,-0.00298431,1
6,Gradient Descent,0.3,0.7,603,0.227154,0.596577,-0.00298588,1
6,Gradient Descent,0.3,0.7,604,0.227117,0.596458,-0.00298744,1
6,Gradient Descent,0.3,0.7,605,0.227079,0.596339,-0.00298901,1
6,Gradient Descent,0.3,0.7,606,0.227041,0.59622,-0.00299057,1
6,Gradient Descent,0.3,0.7,607,0.227004,0.596101,-0.00299212,1
6,Gradient Descent,0.3,0.7,608,0.226966,0.595982,-0.00299368,1
6,Gradient Descent,0.3,0.7,609,0.226929,0.595863,-0.00299523,1
6,Gradient Descent,0.3,0.7,610,0.226892,0.595744,-0.00299677,1
6,Gradient Descent,0.3,0.7,611,0.226855,0.595625,-0.00299832,1
6,Gradient Descent,0.3,0.7,612,0.226818,0.595507,-0.00299986,1
6,Gradient Descent,0.3,0.7,613,0.226782,0.595388,-0.00300139,1
6,Gradient Descent,0.3,0.7,614,0.226745,0.59527,-0.00300293,1
6,Gradient Descent,0.3,0.7,615,0.226709,0.595152,-0.00300446,1
6,Gradient Descent,0.3,0.7,616,0.226673,0.595034,-0.00300598,1
6,Gradient Descent,0.3,0.7,617,0.226637,0.594916,-0.00300751,1
6,Gradient Descent,0.3,0.7,618,0.226601,0.594798,-0.00300903,1
6,Gradient Descent,0.3,0.7,619,0.226566,0.59468,-0.00301054,1
6,Gradient Descent,0.3,0.7,620,0.22653,0.594562,-0.00301206,1
6,Gradient Descent,0.3,0.7,621,0.226495,0.594444,-0.00301356,1
6,Gradient Descent,0.3,0.7,622,0.226459,0.594327,-0.00301507,1
6,Gradient Descent,0.3,0.7,623,0.226424,0.594209,-0.00301657,1
6,Gradient Descent,0.3,0.7,624,0.226389,0.594092,-0.00301807,1
6,Gradient Descent,0.3,0.7,625,0.226354,0.593974,-0.00301957,1
6,Gradient Descent,0.3,0.7,626,0.22632,0.593857,-0.00302106,1
6,Gradient Descent,0.3,0.7,627,0.226285,0.59374,-0.00302255,1
6,Gradient Descent,0.3,0.7,628,0.226251,0.593623,-0.00302404,1
6,Gradient Descent,0.3,0.7,629,0.226217,0.593506,-0.00302553,1
6,Gradient Descent,0.3,0.7,630,0.226183,0.593389,-0.00302701,1
6,Gradient Descent,0.3,0.7,631,0.226149,0.593272,-0.00302848,1
6,Gradient Descent,0.3,0.7,632,0.226115,0.593156,-0.00302996,1
6,Gradient Descent,0.3,0.7,633,0.226081,0.593039,-0.00303143,1
6,Gradient Descent,0.3,0.7,634,0.226048,0.592923,-0.0030329,1
6,Gradient Descent,0.3,0.7,635,0.226014,0.592806,-0.00303436,1
6,Gradient Descent,0.3,0.7,636,0.225981,0.59269,-0.00303583,1
6,Gradient Descent,0.3,0.7,637,0.225948,0.592574,-0.00303728,1
6,Gradient Descent,0.3,0.7,638,0.225915,0.592458,-0.00303874,1
6,Gradient Descent,0.3,0.7,639,0.225882,0.592342,-0.00304019,1
6,Gradient Descent,0.3,0.7,640,0.22585,0.592226,-0.00304164,1
6,Gradient Descent,0.3,0.7,641,0.225817,0.59211,-0.00304309,1
6,Gradient Descent,0.3,0.7,642,0.225785,0.591994,-0.00304453,1
6,Gradient Descent,0.3,0.7,643,0.225753,0.591879,-0.00304597,1
6,Gradient Descent,0.3,0.7,644,0.22572,0.591763,-0.00304741,1
6,Gradient Descent,0.3,0.7,645,0.225688,0.591647,-0.00304885,1
6,Gradient Descent,0.3,0.7,646,0.225657,0.591532,-0.00305028,1
6,Gradient Descent,0.3,0.7,647,0.225625,0.591417,-0.00305171,1
6,Gradient Descent,0.3,0.7,648,0.225593,0.591302,-0.00305313,1
6,Gradient Descent,0.3,0.7,649,0.225562,0.591187,-0.00305455,1
6,Gradient Descent,0.3,0.7,650,0.225531,0.591072,-0.00305597,1
6,Gradient Descent,0.3,0.7,651,0.2255,0.590957,-0.00305739,1
6,Gradient Descent,0.3,0.7,652,0.225469,0.590842,-0.00305881,1
6,Gradient Descent,0.3,0.7,653,0.225438,0.590727,-0.00306022,1
6,Gradient Descent,0.3,0.7,654,0.225407,0.590612,-0.00306163,1
6,Gradient Descent,0.3,0.7,655,0.225376,0.590498,-0.00306303,1
6,Gradient Descent,0.3,0.7,656,0.225346,0.590383,-0.00306443,1
6,Gradient Descent,0.3,0.7,657,0.225316,0.590269,-0.00306583,1
6,Gradient Descent,0.3,0.7,658,0.225286,0.590155,-0.00306723,1
6,Gradient Descent,0.3,0.7,659,0.225256,0.59004,-0.00306862,1
6,Gradient Descent,0.3,0.7,660,0.225226,0.589926,-0.00307002,1
6,Gradient Descent,0.3,0.7,661,0.225196,0.589812,-0.0030714,1
6,Gradient Descent,0.3,0.7,662,0.225166,0.589698,-0.00307279,1
6,Gradient Descent,0.3,0.7,663,0.225137,0.589584,-0.00307417,1
6,Gradient Descent,0.3,0.7,664,0.225107,0.589471,-0.00307555,1
6,Gradient Descent,0.3,0.7,665,0.225078,0.589357,-0.00307693,1
6,Gradient Descent,0.3,0.7,666,0.225049,0.589243,-0.00307831,1
6,Gradient Descent,0.3,0.7,667,0.22502,0.58913,-0.00307968,1
6,Gradient Descent,0.3,0.7,668,0.224991,0.589016,-0.00308105,1
6,Gradient Descent,0.3,0.7,669,0.224962,0.588903,-0.00308241,1
6,Gradient Descent,0.3,0.7,670,0.224934,0.58879,-0.00308378,1
6,Gradient Descent,0.3,0.7,671,0.224905,0.588677,-0.00308514,1
6,Gradient Descent,0.3,0.7,672,0.224877,0.588563,-0.0030865,1
6,Gradient Descent,0.3,0.7,673,0.224849,0.58845,-0.00308785,1
6,Gradient Descent,0.3,0.7,674,0.224821,0.588338,-0.00308921,1
6,Gradient Descent,0.3,0.7,675,0.224793,0.588225,-0.00309056,1
6,Gradient Descent,0.3,0.7,676,0.224765,0.588112,-0.0030919,1
6,Gradient Descent,0.3,0.7,677,0.224737,0.587999,-0.00309325,1
6,Gradient Descent,0.3,0.7,678,0.22471,0.587887,-0.00309459,1
6,Gradient Descent,0.3,0.7,679,0.224682,0.587774,-0.00309593,1
6,Gradient Descent,0.3,0.7,680,0.224655,0.587662,-0.00309727,1
6,Gradient Descent,0.3,0.7,681,0.224628,0.58755,-0.0030986,1
6,Gradient Descent,0.3,0.7,682,0.224601,0.587437,-0.00309994,1
6,Gradient Descent,0.3,0.7,683,0.224574,0.587325,-0.00310126,1
6,Gradient Descent,0.3,0.7,684,0.224547,0.587213,-0.00310259,1
6,Gradient Descent,0.3,0.7,685,0.224521,0.587101,-0.00310392,1
6,Gradient Descent,0.3,0.7,686,0.224494,0.586989,-0.00310524,1
6,Gradient Descent,0.3,0.7,687,0.224468,0.586877,-0.00310656,1
6,Gradient Descent,0.3,0.7,688,0.224441,0.586766,-0.00310787,1
6,Gradient Descent,0.3,0.7,689,0.224415,0.586654,-0.00310919,1
6,Gradient Descent,0.3,0.7,690,0.224389,0.586542,-0.0031105,1
6,Gradient Descent,0.3,0.7,691,0.224363,0.586431,-0.00311181,1
6,Gradient Descent,0.3,0.7,692,0.224338,0.586319,-0.00311312,1
6,Gradient Descent,0.3,0.7,693,0.224312,0.586208,-0.00311442,1
6,Gradient Descent,0.3,0.7,694,0.224286,0.586097,-0.00311572,1
6,Gradient Descent,0.3,0.7,695,0.224261,0.585986,-0.00311702,1
6,Gradient Descent,0.3,0.7,696,0.224236,0.585875,-0.00311832,1
6,Gradient Descent,0.3,0.7,697,0.224211,0.585764,-0.00311961,1
6,Gradient Descent,0.3,0.7,698,0.224186,0.585653,-0.00312091,1
6,Gradient Descent,0.3,0.7,699,0.224161,0.585542,-0.0031222,1
6,Gradient Descent,0.3,0.7,700,0.224136,0.585431,-0.00312348,1
6,Gradient Descent,0.3,0.7,701,0.224111,0.585321,-0.00312477,1
6,Gradient Descent,0.3,0.7,702,0.224087,0.58521,-0.00312605,1
6,Gradient Descent,0.3,0.7,703,0.224062,0.585099,-0.00312733,1
6,Gradient Descent,0.3,0.7,704,0.224038,0.584989,-0.00312861,1
6,Gradient Descent,0.3,0.7,705,0.224014,0.584879,-0.00312988,1
6,Gradient Descent,0.3,0.7,706,0.22399,0.584768,-0.00313116,1
6,Gradient Descent,0.3,0.7,707,0.223966,0.584658,-0.00313243,1
6,Gradient Descent,0.3,0.7,708,0.223942,0.584548,-0.0031337,1
6,Gradient Descent,0.3,0.7,709,0.223918,0.584438,-0.00313496,1
6,Gradient Descent,0.3,0.7,710,0.223895,0.584328,-0.00313623,1
6,Gradient Descent,0.3,0.7,711,0.223871,0.584218,-0.00313749,1
6,Gradient Descent,0.3,0.7,712,0.223848,0.584109,-0.00313875,1
6,Gradient Descent,0.3,0.7,713,0.223825,0.583999,-0.00314,1
6,Gradient Descent,0.3,0.7,714,0.223802,0.583889,-0.00314126,1
6,Gradient Descent,0.3,0.7,715,0.223779,0.58378,-0.00314251,1
6,Gradient Descent,0.3,0.7,716,0.223756,0.58367,-0.00314376,1
6,Gradient Descent,0.3,0.7,717,0.223733,0.583561,-0.00314501,1
6,Gradient Descent,0.3,0.7,718,0.22371,0.583452,-0.00314625,1
6,Gradient Descent,0.3,0.7,719,0.223688,0.583342,-0.0031475,1
6,Gradient Descent,0.3,0.7,720,0.223665,0.583233,-0.00314874,1
6,Gradient Descent,0.3,0.7,721,0.223643,0.583124,-0.00314998,1
6,Gradient Descent,0.3,0.7,722,0.223621,0.583015,-0.00315121,1
6,Gradient Descent,0.3,0.7,723,0.223599,0.582906,-0.00315245,1
6,Gradient Descent,0.3,0.7,724,0.223577,0.582797,-0.00315368,1
6,Gradient Descent,0.3,0.7,725,0.223555,0.582689,-0.00315491,1
6,Gradient Descent,0.3,0.7,726,0.223533,0.58258,-0.00315614,1
6,Gradient Descent,0.3,0.7,727,0.223512,0.582471,-0.00315736,1
6,Gradient Descent,0.3,0.7,728,0.22349,0.582363,-0.00315859,1
6,Gradient Descent,0.3,0.7,729,0.223469,0.582254,-0.00315981,1
6,Gradient Descent,0.3,0.7,730,0.223448,0.582146,-0.00316103,1
6,Gradient Descent,0.3,0.7,731,0.223427,0.582038,-0.00316224,1
6,Gradient Descent,0.3,0.7,732,0.223406,0.581929,-0.00316346,1
6,Gradient Descent,0.3,0.7,733,0.223385,0.581821,-0.00316467,1
6,Gradient Descent,0.3,0.7,734,0.223364,0.581713,-0.00316588,1
6,Gradient Descent,0.3,0.7,735,0.223343,0.581605,-0.00316709,1
6,Gradient Descent,0.3,0.7,736,0.223323,0.581497,-0.0031683,1
6,Gradient Descent,0.3,0.7,737,0.223302,0.581389,-0.0031695,1
6,Gradient Descent,0.3,0.7,738,0.223282,0.581282,-0.0031707,1
6,Gradient Descent,0.3,0.7,739,0.223262,0.581174,-0.0031719,1
6,Gradient Descent,0.3,0.7,740,0.223242,0.581066,-0.0031731,1
6,Gradient Descent,0.3,0.7,741,0.223222,0.580959,-0.0031743,1
6,Gradient Descent,0.3,0.7,742,0.223202,0.580851,-0.00317549,1
6,Gradient Descent,0.3,0.7,743,0.223182,0.580744,-0.00317668,1
6,Gradient Descent,0.3,0.7,744,0.223162,0.580637,-0.00317787,1
6,Gradient Descent,0.3,0.7,745,0.223143,0.580529,-0.00317906,1
6,Gradient Descent,0.3,0.7,746,0.223123,0.580422,-0.00318025,1
6,Gradient Descent,0.3,0.7,747,0.223104,0.580315,-0.00318143,1
6,Gradient Descent,0.3,0.7,748,0.223085,0.580208,-0.00318261,1
6,Gradient Descent,0.3,0.7,749,0.223065,0.580101,-0.00318379,1
6,Gradient Descent,0.3,0.7,750,0.223046,0.579994,-0.00318497,1
6,Gradient Descent,0.3,0.7,751,0.223027,0.579888,-0.00318615,1
6,Gradient Descent,0.3,0.7,752,0.223009,0.579781,-0.00318732,1
6,Gradient Descent,0.3,0.7,753,0.22299,0.579674,-0.00318849,1
6,Gradient Descent,0.3,0.7,754,0.222971,0.579568,-0.00318966,1
6,Gradient Descent,0.3,0.7,755,0.222953,0.579461,-0.00319083,1
6,Gradient Descent,0.3,0.7,756,0.222935,0.579355,-0.003192,1
6,Gradient Descent,0.3,0.7,757,0.222916,0.579248,-0.00319316,1
6,Gradient Descent,0.3,0.7,758,0.222898,0.579142,-0.00319432,1
6,Gradient Descent,0.3,0.7,759,0.22288,0.579036,-0.00319548,1
6,Gradient Descent,0.3,0.7,760,0.222862,0.57893,-0.00319664,1
6,Gradient Descent,0.3,0.7,761,0.222844,0.578824,-0.0031978,1
6,Gradient Descent,0.3,0.7,762,0.222827,0.578718,-0.00319895,1
6,Gradient Descent,0.3,0.7,763,0.222809,0.578612,-0.0032001,1
6,Gradient Descent,0.3,0.7,764,0.222791,0.578506,-0.00320125,1
6,Gradient Descent,0.3,0.7,765,0.222774,0.5784,-0.0032024,1
6,Gradient Descent,0.3,0.7,766,0.222757,0.578294,-0.00320355,1
6,Gradient Descent,0.3,0.7,767,0.222739,0.578189,-0.00320469,1
6,Gradient Descent,0.3,0.7,768,0.222722,0.578083,-0.00320584,1
6,Gradient Descent,0.3,0.7,769,0.222705,0.577978,-0.00320698,1
6,Gradient Descent,0.3,0.7,770,0.222688,0.577872,-0.00320812,1
6,Gradient Descent,0.3,0.7,771,0.222672,0.577767,-0.00320925,1
6,Gradient Descent,0.3,0.7,772,0.222655,0.577662,-0.00321039,1
6,Gradient Descent,0.3,0.7,773,0.222638,0.577557,-0.00321152,1
6,Gradient Descent,0.3,0.7,774,0.222622,0.577451,-0.00321266,1
6,Gradient Descent,0.3,0.7,775,0.222605,0.577346,-0.00321379,1
6,Gradient Descent,0.3,0.7,776,0.222589,0.577241,-0.00321491,1
6,Gradient Descent,0.3,0.7,777,0.222573,0.577136,-0.00321604,1
6,Gradient Descent,0.3,0.7,778,0.222557,0.577032,-0.00321716,1
6,Gradient Descent,0.3,0.7,779,0.222541,0.576927,-0.00321829,1
6,Gradient Descent,0.3,0.7,780,0.222525,0.576822,-0.00321941,1
6,Gradient Descent,0.3,0.7,781,0.222509,0.576717,-0.00322053,1
6,Gradient Descent,0.3,0.7,782,0.222494,0.576613,-0.00322165,1
6,Gradient Descent,0.3,0.7,783,0.222478,0.576508,-0.00322276,1
6,Gradient Descent,0.3,0.7,784,0.222463,0.576404,-0.00322388,1
6,Gradient Descent,0.3,0.7,785,0.222447,0.5763,-0.00322499,1
6,Gradient Descent,0.3,0.7,786,0.222432,0.576195,-0.0032261,1
6,Gradient Descent,0.3,0.7,787,0.222417,0.576091,-0.00322721,1
6,Gradient Descent,0.3,0.7,788,0.222402,0.575987,-0.00322831,1
6,Gradient Descent,0.3,0.7,789,0.222387,0.575883,-0.00322942,1
6,Gradient Descent,0.3,0.7,790,0.222372,0.575779,-0.00323052,1
6,Gradient Descent,0.3,0.7,791,0.222357,0.575675,-0.00323162,1
6,Gradient Descent,0.3,0.7,792,0.222342,0.575571,-0.00323272,1
6,Gradient Descent,0.3,0.7,793,0.222328,0.575467,-0.00323382,1
6,Gradient Descent,0.3,0.7,794,0.222313,0.575364,-0.00323492,1
6,Gradient Descent,0.3,0.7,795,0.222299,0.57526,-0.00323601,1
6,Gradient Descent,0.3,0.7,796,0.222285,0.575156,-0.00323711,1
6,Gradient Descent,0.3,0.7,797,0.222271,0.575053,-0.0032382,1
6,Gradient Descent,0.3,0.7,798,0.222257,0.574949,-0.00323929,1
6,Gradient Descent,0.3,0.7,799,0.222243,0.574846,-0.00324038,1
6,Gradient Descent,0.3,0.7,800,0.222229,0.574743,-0.00324146,1
6,Gradient Descent,0.3,0.7,801,0.222215,0.574639,-0.00324255,1
6,Gradient Descent,0.3,0.7,802,0.222201,0.574536,-0.00324363,1
6,Gradient Descent,0.3,0.7,803,0.222188,0.574433,-0.00324471,1
6,Gradient Descent,0.3,0.7,804,0.222174,0.57433,-0.00324579,1
6,Gradient Descent,0.3,0.7,805,0.222161,0.574227,-0.00324687,1
6,Gradient Descent,0.3,0.7,806,0.222147,0.574124,-0.00324795,1
6,Gradient Descent,0.3,0.7,807,0.222134,0.574021,-0.00324902,1
6,Gradient Descent,0.3,0.7,808,0.222121,0.573918,-0.00325009,1
6,Gradient Descent,0.3,0.7,809,0.222108,0.573816,-0.00325117,1
6,Gradient Descent,0.3,0.7,810,0.222095,0.573713,-0.00325224,1
6,Gradient Descent,0.3,0.7,811,0.222082,0.57361,-0.00325331,1
6,Gradient Descent,0.3,0.7,812,0.222069,0.573508,-0.00325437,1
6,Gradient Descent,0.3,0.7,813,0.222057,0.573405,-0.00325544,1
6,Gradient Descent,0.3,0.7,814,0.222044,0.573303,-0.0032565,1
6,Gradient Descent,0.3,0.7,815,0.222032,0.573201,-0.00325756,1
6,Gradient Descent,0.3,0.7,816,0.222019,0.573099,-0.00325862,1
6,Gradient Descent,0.3,0.7,817,0.222007,0.572996,-0.00325968,1
6,Gradient Descent,0.3,0.7,818,0.221995,0.572894,-0.00326074,1
6,Gradient Descent,0.3,0.7,819,0.221983,0.572792,-0.0032618,1
6,Gradient Descent,0.3,0.7,820,0.221971,0.57269,-0.00326285,1
6,Gradient Descent,0.3,0.7,821,0.221959,0.572588,-0.0032639,1
6,Gradient Descent,0.3,0.7,822,0.221947,0.572486,-0.00326495,1
6,Gradient Descent,0.3,0.7,823,0.221935,0.572385,-0.003266,1
6,Gradient Descent,0.3,0.7,824,0.221924,0.572283,-0.00326705,1
6,Gradient Descent,0.3,0.7,825,0.221912,0.572181,-0.0032681,1
6,Gradient Descent,0.3,0.7,826,0.221901,0.57208,-0.00326914,1
6,Gradient Descent,0.3,0.7,827,0.221889,0.571978,-0.00327019,1
6,Gradient Descent,0.3,0.7,828,0.221878,0.571877,-0.00327123,1
6,Gradient Descent,0.3,0.7,829,0.221867,0.571775,-0.00327227,1
6,Gradient Descent,0.3,0.7,830,0.221856,0.571674,-0.00327331,1
6,Gradient Descent,0.3,0.7,831,0.221845,0.571573,-0.00327435,1
6,Gradient Descent,0.3,0.7,832,0.221834,0.571471,-0.00327538,1
6,Gradient Descent,0.3,0.7,833,0.221823,0.57137,-0.00327642,1
6,Gradient Descent,0.3,0.7,834,0.221812,0.571269,-0.00327745,1
6,Gradient Descent,0.3,0.7,835,0.221802,0.571168,-0.00327848,1
6,Gradient Descent,0.3,0.7,836,0.221791,0.571067,-0.00327951,1
6,Gradient Descent,0.3,0.7,837,0.221781,0.570966,-0.00328054,1
6,Gradient Descent,0.3,0.7,838,0.22177,0.570865,-0.00328157,1
6,Gradient Descent,0.3,0.7,839,0.22176,0.570765,-0.00328259,1
6,Gradient Descent,0.3,0.7,840,0.22175,0.570664,-0.00328362,1
6,Gradient Descent,0.3,0.7,841,0.22174,0.570563,-0.00328464,1
6,Gradient Descent,0.3,0.7,842,0.22173,0.570463,-0.00328566,1
6,Gradient Descent,0.3,0.7,843,0.22172,0.570362,-0.00328668,1
6,Gradient Descent,0.3,0.7,844,0.22171,0.570262,-0.0032877,1
6,Gradient Descent,0.3,0.7,845,0.2217,0.570161,-0.00328871,1
6,Gradient Descent,0.3,0.7,846,0.221691,0.570061,-0.00328973,1
6,Gradient Descent,0.3,0.7,847,0.221681,0.569961,-0.00329074,1
6,Gradient Descent,0.3,0.7,848,0.221672,0.569861,-0.00329176,1
6,Gradient Descent,0.3,0.7,849,0.221662,0.56976,-0.00329277,1
6,Gradient Descent,0.3,0.7,850,0.221653,0.56966,-0.00329378,1
6,Gradient Descent,0.3,0.7,851,0.221644,0.56956,-0.00329479,1
6,Gradient Descent,0.3,0.7,852,0.221634,0.56946,-0.00329579,1
6,Gradient Descent,0.3,0.7,853,0.221625,0.56936,-0.0032968,1
6,Gradient Descent,0.3,0.7,854,0.221616,0.569261,-0.0032978,1
6,Gradient Descent,0.3,0.7,855,0.221608,0.569161,-0.00329881,1
6,Gradient Descent,0.3,0.7,856,0.221599,0.569061,-0.00329981,1
6,Gradient Descent,0.3,0.7,857,0.22159,0.568962,-0.00330081,1
6,Gradient Descent,0.3,0.7,858,0.221581,0.568862,-0.00330181,1
6,Gradient Descent,0.3,0.7,859,0.221573,0.568762,-0.0033028,1
6,Gradient Descent,0.3,0.7,860,0.221564,0.568663,-0.0033038,1
6,Gradient Descent,0.3,0.7,861,0.221556,0.568564,-0.00330479,1
6,Gradient Descent,0.3,0.7,862,0.221548,0.568464,-0.00330579,1
6,Gradient Descent,0.3,0.7,863,0.221539,0.568365,-0.00330678,1
6,Gradient Descent,0.3,0.7,864,0.221531,0.568266,-0.00330777,1
6,Gradient Descent,0.3,0.7,865,0.221523,0.568167,-0.00330876,1
6,Gradient Descent,0.3,0.7,866,0.221515,0.568068,-0.00330975,1
6,Gradient Descent,0.3,0.7,867,0.221507,0.567968,-0.00331073,1
6,Gradient Descent,0.3,0.7,868,0.2215,0.56787,-0.00331172,1
6,Gradient Descent,0.3,0.7,869,0.221492,0.567771,-0.0033127,1
6,Gradient Descent,0.3,0.7,870,0.221484,0.567672,-0.00331369,1
6,Gradient Descent,0.3,0.7,871,0.221477,0.567573,-0.00331467,1
6,Gradient Descent,0.3,0.7,872,0.221469,0.567474,-0.00331565,1
6,Gradient Descent,0.3,0.7,873,0.221462,0.567376,-0.00331663,1
6,Gradient Descent,0.3,0.7,874,0.221455,0.567277,-0.0033176,1
6,Gradient Descent,0.3,0.7,875,0.221447,0.567178,-0.00331858,1
6,Gradient Descent,0.3,0.7,876,0.22144,0.56708,-0.00331955,1
6,Gradient Descent,0.3,0.7,877,0.221433,0.566981,-0.00332053,1
6,Gradient Descent,0.3,0.7,878,0.221426,0.566883,-0.0033215,1
6,Gradient Descent,0.3,0.7,879,0.221419,0.566785,-0.00332247,1
6,Gradient Descent,0.3,0.7,880,0.221413,0.566687,-0.00332344,1
6,Gradient Descent,0.3,0.7,881,0.221406,0.566588,-0.00332441,1
6,Gradient Descent,0.3,0.7,882,0.221399,0.56649,-0.00332538,1
6,Gradient Descent,0.3,0.7,883,0.221393,0.566392,-0.00332634,1
6,Gradient Descent,0.3,0.7,884,0.221386,0.566294,-0.00332731,1
6,Gradient Descent,0.3,0.7,885,0.22138,0.566196,-0.00332827,1
6,Gradient Descent,0.3,0.7,886,0.221373,0.566098,-0.00332923,1
6,Gradient Descent,0.3,0.7,887,0.221367,0.566,-0.00333019,1
6,Gradient Descent,0.3,0.7,888,0.221361,0.565903,-0.00333115,1
6,Gradient Descent,0.3,0.7,889,0.221355,0.565805,-0.00333211,1
6,Gradient Descent,0.3,0.7,890,0.221349,0.565707,-0.00333307,1
6,Gradient Descent,0.3,0.7,891,0.221343,0.56561,-0.00333402,1
6,Gradient Descent,0.3,0.7,892,0.221337,0.565512,-0.00333498,1
6,Gradient Descent,0.3,0.7,893,0.221331,0.565415,-0.00333593,1
6,Gradient Descent,0.3,0.7,894,0.221325,0.565317,-0.00333688,1
6,Gradient Descent,0.3,0.7,895,0.22132,0.56522,-0.00333784,1
6,Gradient Descent,0.3,0.7,896,0.221314,0.565123,-0.00333879,1
6,Gradient Descent,0.3,0.7,897,0.221309,0.565025,-0.00333973,1
6,Gradient Descent,0.3,0.7,898,0.221303,0.564928,-0.00334068,1
6,Gradient Descent,0.3,0.7,899,0.221298,0.564831,-0.00334163,1
6,Gradient Descent,0.3,0.7,900,0.221293,0.564734,-0.00334257,1
6,Gradient Descent,0.3,0.7,901,0.221288,0.564637,-0.00334352,1
6,Gradient Descent,0.3,0.7,902,0.221283,0.56454,-0.00334446,1
6,Gradient Descent,0.3,0.7,903,0.221278,0.564443,-0.0033454,1
6,Gradient Descent,0.3,0.7,904,0.221273,0.564346,-0.00334634,1
6,Gradient Descent,0.3,0.7,905,0.221268,0.564249,-0.00334728,1
6,Gradient Descent,0.3,0.7,906,0.221263,0.564153,-0.00334822,1
6,Gradient Descent,0.3,0.7,907,0.221258,0.564056,-0.00334915,1
6,Gradient Descent,0.3,0.7,908,0.221254,0.563959,-0.00335009,1
6,Gradient Descent,0.3,0.7,909,0.221249,0.563863,-0.00335102,1
6,Gradient Descent,0.3,0.7,910,0.221245,0.563766,-0.00335196,1
6,Gradient Descent,0.3,0.7,911,0.22124,0.56367,-0.00335289,1
6,Gradient Descent,0.3,0.7,912,0.221236,0.563573,-0.00335382,1
6,Gradient Descent,0.3,0.7,913,0.221232,0.563477,-0.00335475,1
6,Gradient Descent,0.3,0.7,914,0.221227,0.563381,-0.00335568,1
6,Gradient Descent,0.3,0.7,915,0.221223,0.563284,-0.00335661,1
6,Gradient Descent,0.3,0.7,916,0.221219,0.563188,-0.00335753,1
6,Gradient Descent,0.3,0.7,917,0.221215,0.563092,-0.00335846,1
6,Gradient Descent,0.3,0.7,918,0.221211,0.562996,-0.00335938,1
6,Gradient Descent,0.3,0.7,919,0.221208,0.5629,-0.0033603,1
6,Gradient Descent,0.3,0.7,920,0.221204,0.562804,-0.00336123,1
6,Gradient Descent,0.3,0.7,921,0.2212,0.562708,-0.00336215,1
6,Gradient Descent,0.3,0.7,922,0.221197,0.562612,-0.00336307,1
6,Gradient Descent,0.3,0.7,923,0.221193,0.562517,-0.00336398,1
6,Gradient Descent,0.3,0.7,924,0.22119,0.562421,-0.0033649,1
6,Gradient Descent,0.3,0.7,925,0.221186,0.562325,-0.00336582,1
6,Gradient Descent,0.3,0.7,926,0.221183,0.56223,-0.00336673,1
6,Gradient Descent,0.3,0.7,927,0.22118,0.562134,-0.00336765,1
6,Gradient Descent,0.3,0.7,928,0.221177,0.562039,-0.00336856,1
6,Gradient Descent,0.3,0.7,929,0.221173,0.561943,-0.00336947,1
6,Gradient Descent,0.3,0.7,930,0.22117,0.561848,-0.00337038,1
6,Gradient Descent,0.3,0.7,931,0.221167,0.561752,-0.00337129,1
6,Gradient Descent,0.3,0.7,932,0.221165,0.561657,-0.0033722,1
6,Gradient Descent,0.3,0.7,933,0.221162,0.561562,-0.00337311,1
6,Gradient Descent,0.3,0.7,934,0.221159,0.561467,-0.00337401,1
6,Gradient Descent,0.3,0.7,935,0.221156,0.561372,-0.00337492,1
6,Gradient Descent,0.3,0.7,936,0.221154,0.561276,-0.00337582,1
6,Gradient Descent,0.3,0.7,937,0.221151,0.561181,-0.00337673,1
6,Gradient Descent,0.3,0.7,938,0.221149,0.561086,-0.00337763,1
6,Gradient Descent,0.3,0.7,939,0.221147,0.560992,-0.00337853,1
6,Gradient Descent,0.3,0.7,940,0.221144,0.560897,-0.00337943,1
6,Gradient Descent,0.3,0.7,941,0.221142,0.560802,-0.00338033,1
6,Gradient Descent,0.3,0.7,942,0.22114,0.560707,-0.00338123,1
6,Gradient Descent,0.3,0.7,943,0.221138,0.560612,-0.00338212,1
6,Gradient Descent,0.3,0.7,944,0.221136,0.560518,-0.00338302,1
6,Gradient Descent,0.3,0.7,945,0.221134,0.560423,-0.00338391,1
6,Gradient Descent,0.3,0.7,946,0.221132,0.560329,-0.00338481,1
6,Gradient Descent,0.3,0.7,947,0.22113,0.560234,-0.0033857,1
6,Gradient Descent,0.3,0.7,948,0.221128,0.56014,-0.00338659,1
6,Gradient Descent,0.3,0.7,949,0.221127,0.560045,-0.00338748,1
6,Gradient Descent,0.3,0.7,950,0.221125,0.559951,-0.00338837,1
6,Gradient Descent,0.3,0.7,951,0.221123,0.559857,-0.00338926,1
6,Gradient Descent,0.3,0.7,952,0.221122,0.559763,-0.00339015,1
6,Gradient Descent,0.3,0.7,953,0.221121,0.559669,-0.00339103,1
6,Gradient Descent,0.3,0.7,954,0.221119,0.559574,-0.00339192,1
6,Gradient Descent,0.3,0.7,955,0.221118,0.55948,-0.0033928,1
6,Gradient Descent,0.3,0.7,956,0.221117,0.559386,-0.00339369,1
6,Gradient Descent,0.3,0.7,957,0.221116,0.559292,-0.00339457,1
6,Gradient Descent,0.3,0.7,958,0.221115,0.559199,-0.00339545,1
6,Gradient Descent,0.3,0.7,959,0.221114,0.559105,-0.00339633,1
6,Gradient Descent,0.3,0.7,960,0.221113,0.559011,-0.00339721,1
6,Gradient Descent,0.3,0.7,961,0.221112,0.558917,-0.00339809,1
6,Gradient Descent,0.3,0.7,962,0.221111,0.558823,-0.00339897,1
6,Gradient Descent,0.3,0.7,963,0.22111,0.55873,-0.00339984,1
6,Gradient Descent,0.3,0.7,964,0.22111,0.558636,-0.00340072,1
6,Gradient Descent,0.3,0.7,965,0.221109,0.558543,-0.00340159,1
6,Gradient Descent,0.3,0.7,966,0.221108,0.558449,-0.00340247,1
6,Gradient Descent,0.3,0.7,967,0.221108,0.558356,-0.00340334,1
6,Gradient Descent,0.3,0.7,968,0.221108,0.558263,-0.00340421,1
6,Gradient Descent,0.3,0.7,969,0.221107,0.558169,-0.00340508,1
6,Gradient Descent,0.3,0.7,970,0.221107,0.558076,-0.00340595,1
6,Gradient Descent,0.3,0.7,971,0.221107,0.557983,-0.00340682,1
6,Gradient Descent,0.3,0.7,972,0.221107,0.55789,-0.00340769,1
6,Gradient Descent,0.3,0.7,973,0.221107,0.557796,-0.00340855,1
6,Gradient Descent,0.3,0.7,974,0.221107,0.557703,-0.00340942,1
6,Gradient Descent,0.3,0.7,975,0.221107,0.55761,-0.00341028,1
6,Gradient Descent,0.3,0.7,976,0.221107,0.557517,-0.00341115,1
6,Gradient Descent,0.3,0.7,977,0.221107,0.557425,-0.00341201,1
6,Gradient Descent,0.3,0.7,978,0.221107,0.557332,-0.00341287,1
6,Gradient Descent,0.3,0.7,979,0.221108,0.557239,-0.00341373,1
6,Gradient Descent,0.3,0.7,980,0.221108,0.557146,-0.00341459,1
6,Gradient Descent,0.3,0.7,981,0.221108,0.557053,-0.00341545,1
6,Gradient Descent,0.3,0.7,982,0.221109,0.556961,-0.00341631,1
6,Gradient Descent,0.3,0.7,983,0.221109,0.556868,-0.00341717,1
6,Gradient Descent,0.3,0.7,984,0.22111,0.556776,-0.00341803,1
6,Gradient Descent,0.3,0.7,985,0.221111,0.556683,-0.00341888,1
6,Gradient Descent,0.3,0.7,986,0.221112,0.556591,-0.00341974,1
6,Gradient Descent,0.3,0.7,987,0.221112,0.556498,-0.00342059,1
6,Gradient Descent,0.3,0.7,988,0.221113,0.556406,-0.00342144,1
6,Gradient Descent,0.3,0.7,989,0.221114,0.556314,-0.00342229,1
6,Gradient Descent,0.3,0.7,990,0.221115,0.556221,-0.00342314,1
6,Gradient Descent,0.3,0.7,991,0.221116,0.556129,-0.00342399,1
6,Gradient Descent,0.3,0.7,992,0.221117,0.556037,-0.00342484,1
6,Gradient Descent,0.3,0.7,993,0.221119,0.555945,-0.00342569,1
6,Gradient Descent,0.3,0.7,994,0.22112,0.555853,-0.00342654,1
6,Gradient Descent,0.3,0.7,995,0.221121,0.555761,-0.00342738,1
6,Gradient Descent,0.3,0.7,996,0.221123,0.555669,-0.00342823,1
6,Gradient Descent,0.3,0.7,997,0.221124,0.555577,-0.00342907,1
6,Gradient Descent,0.3,0.7,998,0.221126,0.555485,-0.00342992,1
6,Gradient Descent,0.3,0.7,999,0.221127,0.555393,-0.00343076,1
6,Gradient Descent,0.3,0.7,1000,0.221129,0.555302,-0.0034316,1
6,Gradient Descent,0.3,0.7,1001,0.22113,0.55521,-0.00343244,1
6,Gradient Descent,0.3,0.7,1002,0.221132,0.555118,-0.00343328,1
6,Gradient Descent,0.3,0.7,1003,0.221134,0.555027,-0.00343412,1
6,Gradient Descent,0.3,0.7,1004,0.221136,0.554935,-0.00343496,1
6,Gradient Descent,0.3,0.7,1005,0.221138,0.554844,-0.0034358,1
6,Gradient Descent,0.3,0.7,1006,0.22114,0.554752,-0.00343663,1
6,Gradient Descent,0.3,0.7,1007,0.221142,0.554661,-0.00343747,1
6,Gradient Descent,0.3,0.7,1008,0.221144,0.55457,-0.0034383,1
6,Gradient Descent,0.3,0.7,1009,0.221146,0.554478,-0.00343914,1
6,Gradient Descent,0.3,0.7,1010,0.221148,0.554387,-0.00343997,1
6,Gradient Descent,0.3,0.7,1011,0.221151,0.554296,-0.0034408,1
6,Gradient Descent,0.3,0.7,1012,0.221153,0.554205,-0.00344163,1
6,Gradient Descent,0.3,0.7,1013,0.221156,0.554114,-0.00344246,1
6,Gradient Descent,0.3,0.7,1014,0.221158,0.554022,-0.00344329,1
6,Gradient Descent,0.3,0.7,1015,0.221161,0.553931,-0.00344412,1
6,Gradient Descent,0.3,0.7,1016,0.221163,0.553841,-0.00344495,1
6,Gradient Descent,0.3,0.7,1017,0.221166,0.55375,-0.00344578,1
6,Gradient Descent,0.3,0.7,1018,0.221168,0.553659,-0.0034466,1
6,Gradient Descent,0.3,0.7,1019,0.221171,0.553568,-0.00344743,1
6,Gradient Descent,0.3,0.7,1020,0.221174,0.553477,-0.00344825,1
6,Gradient Descent,0.3,0.7,1021,0.221177,0.553386,-0.00344908,1
6,Gradient Descent,0.3,0.7,1022,0.22118,0.553296,-0.0034499,1
6,Gradient Descent,0.3,0.7,1023,0.221183,0.553205,-0.00345072,1
6,Gradient Descent,0.3,0.7,1024,0.221186,0.553115,-0.00345154,1
6,Gradient Descent,0.3,0.7,1025,0.221189,0.553024,-0.00345236,1
6,Gradient Descent,0.3,0.7,1026,0.221192,0.552934,-0.00345318,1
6,Gradient Descent,0.3,0.7,1027,0.221196,0.552843,-0.003454,1
6,Gradient Descent,0.3,0.7,1028,0.221199,0.552753,-0.00345482,1
6,Gradient Descent,0.3,0.7,1029,0.221202,0.552662,-0.00345564,1
6,Gradient Descent,0.3,0.7,1030,0.221206,0.552572,-0.00345645,1
6,Gradient Descent,0.3,0.7,1031,0.221209,0.552482,-0.00345727,1
6,Gradient Descent,0.3,0.7,1032,0.221213,0.552392,-0.00345808,1
6,Gradient Descent,0.3,0.7,1033,0.221216,0.552302,-0.00345889,1
6,Gradient Descent,0.3,0.7,1034,0.22122,0.552211,-0.00345971,1
6,Gradient Descent,0.3,0.7,1035,0.221223,0.552121,-0.00346052,1
6,Gradient Descent,0.3,0.7,1036,0.221227,0.552031,-0.00346133,1
6,Gradient Descent,0.3,0.7,1037,0.221231,0.551941,-0.00346214,1
6,Gradient Descent,0.3,0.7,1038,0.221235,0.551852,-0.00346295,1
6,Gradient Descent,0.3,0.7,1039,0.221239,0.551762,-0.00346376,1
6,Gradient Descent,0.3,0.7,1040,0.221243,0.551672,-0.00346457,1
6,Gradient Descent,0.3,0.7,1041,0.221247,0.551582,-0.00346537,1
6,Gradient Descent,0.3,0.7,1042,0.221251,0.551492,-0.00346618,1
6,Gradient Descent,0.3,0.7,1043,0.221255,0.551403,-0.00346699,1
6,Gradient Descent,0.3,0.7,1044,0.221259,0.551313,-0.00346779,1
6,Gradient Descent,0.3,0.7,1045,0.221263,0.551224,-0.0034686,1
6,Gradient Descent,0.3,0.7,1046,0.221268,0.551134,-0.0034694,1
6,Gradient Descent,0.3,0.7,1047,0.221272,0.551045,-0.0034702,1
6,Gradient Descent,0.3,0.7,1048,0.221277,0.550955,-0.003471,1
6,Gradient Descent,0.3,0.7,1049,0.221281,0.550866,-0.0034718,1
6,Gradient Descent,0.3,0.7,1050,0.221286,0.550776,-0.0034726,1
6,Gradient Descent,0.3,0.7,1051,0.22129,0.550687,-0.0034734,1
6,Gradient Descent,0.3,0.7,1052,0.221295,0.550598,-0.0034742,1
6,Gradient Descent,0.3,0.7,1053,0.221299,0.550509,-0.003475,1
6,Gradient Descent,0.3,0.7,1054,0.221304,0.550419,-0.0034758,1
6,Gradient Descent,0.3,0.7,1055,0.221309,0.55033,-0.00347659,1
6,Gradient Descent,0.3,0.7,1056,0.221314,0.550241,-0.00347739,1
6,Gradient Descent,0.3,0.7,1057,0.221319,0.550152,-0.00347818,1
6,Gradient Descent,0.3,0.7,1058,0.221324,0.550063,-0.00347898,1
6,Gradient Descent,0.3,0.7,1059,0.221329,0.549974,-0.00347977,1
6,Gradient Descent,0.3,0.7,1060,0.221334,0.549885,-0.00348056,1
6,Gradient Descent,0.3,0.7,1061,0.221339,0.549797,-0.00348135,1
6,Gradient Descent,0.3,0.7,1062,0.221344,0.549708,-0.00348215,1
6,Gradient Descent,0.3,0.7,1063,0.221349,0.549619,-0.00348294,1
6,Gradient Descent,0.3,0.7,1064,0.221355,0.54953,-0.00348372,1
6,Gradient Descent,0.3,0.7,1065,0.22136,0.549442,-0.00348451,1
6,Gradient Descent,0.3,0.7,1066,0.221365,0.549353,-0.0034853,1
6,Gradient Descent,0.3,0.7,1067,0.221371,0.549265,-0.00348609,1
6,Gradient Descent,0.3,0.7,1068,0.221376,0.549176,-0.00348688,1
6,Gradient Descent,0.3,0.7,1069,0.221382,0.549088,-0.00348766,1
6,Gradient Descent,0.3,0.7,1070,0.221387,0.548999,-0.00348845,1
6,Gradient Descent,0.3,0.7,1071,0.221393,0.548911,-0.00348923,1
6,Gradient Descent,0.3,0.7,1072,0.221399,0.548822,-0.00349001,1
6,Gradient Descent,0.3,0.7,1073,0.221404,0.548734,-0.0034908,1
6,Gradient Descent,0.3,0.7,1074,0.22141,0.548646,-0.00349158,1
6,Gradient Descent,0.3,0.7,1075,0.221416,0.548558,-0.00349236,1
6,Gradient Descent,0.3,0.7,1076,0.221422,0.548469,-0.00349314,1
6,Gradient Descent,0.3,0.7,1077,0.221428,0.548381,-0.00349392,1
6,Gradient Descent,0.3,0.7,1078,0.221434,0.548293,-0.0034947,1
6,Gradient Descent,0.3,0.7,1079,0.22144,0.548205,-0.00349548,1
6,Gradient Descent,0.3,0.7,1080,0.221446,0.548117,-0.00349625,1
6,Gradient Descent,0.3,0.7,1081,0.221452,0.548029,-0.00349703,1
6,Gradient Descent,0.3,0.7,1082,0.221459,0.547941,-0.00349781,1
6,Gradient Descent,0.3,0.7,1083,0.221465,0.547854,-0.00349858,1
6,Gradient Descent,0.3,0.7,1084,0.221471,0.547766,-0.00349936,1
6,Gradient Descent,0.3,0.7,1085,0.221477,0.547678,-0.00350013,1
6,Gradient Descent,0.3,0.7,1086,0.221484,0.54759,-0.00350091,1
6,Gradient Descent,0.3,0.7,1087,0.22149,0.547503,-0.00350168,1
6,Gradient Descent,0.3,0.7,1088,0.221497,0.547415,-0.00350245,1
6,Gradient Descent,0.3,0.7,1089,0.221503,0.547327,-0.00350322,1
6,Gradient Descent,0.3,0.7,1090,0.22151,0.54724,-0.00350399,1
6,Gradient Descent,0.3,0.7,1091,0.221517,0.547152,-0.00350476,1
6,Gradient Descent,0.3,0.7,1092,0.221523,0.547065,-0.00350553,1
6,Gradient Descent,0.3,0.7,1093,0.22153,0.546978,-0.0035063,1
6,Gradient Descent,0.3,0.7,1094,0.221537,0.54689,-0.00350707,1
6,Gradient Descent,0.3,0.7,1095,0.221544,0.546803,-0.00350783,1
6,Gradient Descent,0.3,0.7,1096,0.221551,0.546716,-0.0035086,1
6,Gradient Descent,0.3,0.7,1097,0.221558,0.546628,-0.00350937,1
6,Gradient Descent,0.3,0.7,1098,0.221565,0.546541,-0.00351013,1
6,Gradient Descent,0.3,0.7,1099,0.221572,0.546454,-0.00351089,1
6,Gradient Descent,0.3,0.7,1100,0.221579,0.546367,-0.00351166,1
6,Gradient Descent,0.3,0.7,1101,0.221586,0.54628,-0.00351242,1
6,Gradient Descent,0.3,0.7,1102,0.221593,0.546193,-0.00351318,1
6,Gradient Descent,0.3,0.7,1103,0.2216,0.546106,-0.00351394,1
6,Gradient Descent,0.3,0.7,1104,0.221608,0.546019,-0.00351471,1
6,Gradient Descent,0.3,0.7,1105,0.221615,0.545932,-0.00351547,1
6,Gradient Descent,0.3,0.7,1106,0.221623,0.545845,-0.00351622,1
6,Gradient Descent,0.3,0.7,1107,0.22163,0.545758,-0.00351698,1
6,Gradient Descent,0.3,0.7,1108,0.221637,0.545672,-0.00351774,1
6,Gradient Descent,0.3,0.7,1109,0.221645,0.545585,-0.0035185,1
6,Gradient Descent,0.3,0.7,1110,0.221653,0.545498,-0.00351926,1
6,Gradient Descent,0.3,0.7,1111,0.22166,0.545412,-0.00352001,1
6,Gradient Descent,0.3,0.7,1112,0.221668,0.545325,-0.00352077,1
6,Gradient Descent,0.3,0.7,1113,0.221676,0.545239,-0.00352152,1
6,Gradient Descent,0.3,0.7,1114,0.221683,0.545152,-0.00352228,1
6,Gradient Descent,0.3,0.7,1115,0.221691,0.545066,-0.00352303,1
6,Gradient Descent,0.3,0.7,1116,0.221699,0.544979,-0.00352378,1
6,Gradient Descent,0.3,0.7,1117,0.221707,0.544893,-0.00352453,1
6,Gradient Descent,0.3,0.7,1118,0.221715,0.544807,-0.00352529,1
6,Gradient Descent,0.3,0.7,1119,0.221723,0.54472,-0.00352604,1
6,Gradient Descent,0.3,0.7,1120,0.221731,0.544634,-0.00352679,1
6,Gradient Descent,0.3,0.7,1121,0.221739,0.544548,-0.00352754,1
6,Gradient Descent,0.3,0.7,1122,0.221747,0.544462,-0.00352828,1
6,Gradient Descent,0.3,0.7,1123,0.221755,0.544376,-0.00352903,1
6,Gradient Descent,0.3,0.7,1124,0.221764,0.544289,-0.00352978,1
6,Gradient Descent,0.3,0.7,1125,0.221772,0.544203,-0.00353053,1
6,Gradient Descent,0.3,0.7,1126,0.22178,0.544117,-0.00353127,1
6,Gradient Descent,0.3,0.7,1127,0.221789,0.544032,-0.00353202,1
6,Gradient Descent,0.3,0.7,1128,0.221797,0.543946,-0.00353276,1
6,Gradient Descent,0.3,0.7,1129,0.221806,0.54386,-0.00353351,1
6,Gradient Descent,0.3,0.7,1130,0.221814,0.543774,-0.00353425,1
6,Gradient Descent,0.3,0.7,1131,0.221823,0.543688,-0.00353499,1
6,Gradient Descent,0.3,0.7,1132,0.221831,0.543602,-0.00353574,1
6,Gradient Descent,0.3,0.7,1133,0.22184,0.543517,-0.00353648,1
6,Gradient Descent,0.3,0.7,1134,0.221849,0.543431,-0.00353722,1
6,Gradient Descent,0.3,0.7,1135,0.221857,0.543345,-0.00353796,1
6,Gradient Descent,0.3,0.7,1136,0.221866,0.54326,-0.0035387,1
6,Gradient Descent,0.3,0.7,1137,0.221875,0.543174,-0.00353944,1
6,Gradient Descent,0.3,0.7,1138,0.221884,0.543089,-0.00354018,1
6,Gradient Descent,0.3,0.7,1139,0.221893,0.543003,-0.00354091,1
6,Gradient Descent,0.3,0.7,1140,0.221902,0.542918,-0.00354165,1
6,Gradient Descent,0.3,0.7,1141,0.221911,0.542833,-0.00354239,1
6,Gradient Descent,0.3,0.7,1142,0.22192,0.542747,-0.00354312,1
6,Gradient Descent,0.3,0.7,1143,0.221929,0.542662,-0.00354386,1
6,Gradient Descent,0.3,0.7,1144,0.221938,0.542577,-0.00354459,1
6,Gradient Descent,0.3,0.7,1145,0.221947,0.542492,-0.00354533,1
6,Gradient Descent,0.3,0.7,1146,0.221957,0.542407,-0.00354606,1
6,Gradient Descent,0.3,0.7,1147,0.221966,0.542321,-0.00354679,1
6,Gradient Descent,0.3,0.7,1148,0.221975,0.542236,-0.00354753,1
6,Gradient Descent,0.3,0.7,1149,0.221984,0.542151,-0.00354826,1
6,Gradient Descent,0.3,0.7,1150,0.221994,0.542066,-0.00354899,1
6,Gradient Descent,0.3,0.7,1151,0.222003,0.541981,-0.00354972,1
6,Gradient Descent,0.3,0.7,1152,0.222013,0.541896,-0.00355045,1
6,Gradient Descent,0.3,0.7,1153,0.222022,0.541812,-0.00355118,1
6,Gradient Descent,0.3,0.7,1154,0.222032,0.541727,-0.00355191,1
6,Gradient Descent,0.3,0.7,1155,0.222042,0.541642,-0.00355263,1
6,Gradient Descent,0.3,0.7,1156,0.222051,0.541557,-0.00355336,1
6,Gradient Descent,0.3,0.7,1157,0.222061,0.541473,-0.00355409,1
6,Gradient Descent,0.3,0.7,1158,0.222071,0.541388,-0.00355482,1
6,Gradient Descent,0.3,0.7,1159,0.22208,0.541303,-0.00355554,1
6,Gradient Descent,0.3,0.7,1160,0.22209,0.541219,-0.00355627,1
6,Gradient Descent,0.3,0.7,1161,0.2221,0.541134,-0.00355699,1
6,Gradient Descent,0.3,0.7,1162,0.22211,0.54105,-0.00355771,1
6,Gradient Descent,0.3,0.7,1163,0.22212,0.540965,-0.00355844,1
6,Gradient Descent,0.3,0.7,1164,0.22213,0.540881,-0.00355916,1
6,Gradient Descent,0.3,0.7,1165,0.22214,0.540796,-0.00355988,1
6,Gradient Descent,0.3,0.7,1166,0.22215,0.540712,-0.0035606,1
6,Gradient Descent,0.3,0.7,1167,0.22216,0.540628,-0.00356132,1
6,Gradient Descent,0.3,0.7,1168,0.222171,0.540543,-0.00356204,1
6,Gradient Descent,0.3,0.7,1169,0.222181,0.540459,-0.00356276,1
6,Gradient Descent,0.3,0.7,1170,0.222191,0.540375,-0.00356348,1
6,Gradient Descent,0.3,0.7,1171,0.222201,0.540291,-0.0035642,1
6,Gradient Descent,0.3,0.7,1172,0.222212,0.540207,-0.00356492,1
6,Gradient Descent,0.3,0.7,1173,0.222222,0.540123,-0.00356564,1
6,Gradient Descent,0.3,0.7,1174,0.222232,0.540039,-0.00356635,1
6,Gradient Descent,0.3,0.7,1175,0.222243,0.539955,-0.00356707,1
6,Gradient Descent,0.3,0.7,1176,0.222253,0.539871,-0.00356778,1
6,Gradient Descent,0.3,0.7,1177,0.222264,0.539787,-0.0035685,1
6,Gradient Descent,0.3,0.7,1178,0.222275,0.539703,-0.00356921,1
6,Gradient Descent,0.3,0.7,1179,0.222285,0.539619,-0.00356993,1
6,Gradient Descent,0.3,0.7,1180,0.222296,0.539535,-0.00357064,1
6,Gradient Descent,0.3,0.7,1181,0.222307,0.539452,-0.00357135,1
6,Gradient Descent,0.3,0.7,1182,0.222317,0.539368,-0.00357206,1
6,Gradient Descent,0.3,0.7,1183,0.222328,0.539284,-0.00357278,1
6,Gradient Descent,0.3,0.7,1184,0.222339,0.539201,-0.00357349,1
6,Gradient Descent,0.3,0.7,1185,0.22235,0.539117,-0.0035742,1
6,Gradient Descent,0.3,0.7,1186,0.222361,0.539034,-0.00357491,1
6,Gradient Descent,0.3,0.7,1187,0.222372,0.53895,-0.00357562,1
6,Gradient Descent,0.3,0.7,1188,0.222383,0.538867,-0.00357632,1
6,Gradient Descent,0.3,0.7,1189,0.222394,0.538783,-0.00357703,1
6,Gradient Descent,0.3,0.7,1190,0.222405,0.5387,-0.00357774,1
6,Gradient Descent,0.3,0.7,1191,0.222416,0.538616,-0.00357845,1
6,Gradient Descent,0.3,0.7,1192,0.222427,0.538533,-0.00357915,1
6,Gradient Descent,0.3,0.7,1193,0.222438,0.53845,-0.00357986,1
6,Gradient Descent,0.3,0.7,1194,0.222449,0.538367,-0.00358056,1
6,Gradient Descent,0.3,0.7,1195,0.222461,0.538283,-0.00358127,1
6,Gradient Descent,0.3,0.7,1196,0.222472,0.5382,-0.00358197,1
6,Gradient Descent,0.3,0.7,1197,0.222483,0.538117,-0.00358268,1
6,Gradient Descent,0.3,0.7,1198,0.222495,0.538034,-0.00358338,1
6,Gradient Descent,0.3,0.7,1199,0.222506,0.537951,-0.00358408,1
6,Gradient Descent,0.3,0.7,1200,0.222517,0.537868,-0.00358478,1
6,Gradient Descent,0.3,0.7,1201,0.222529,0.537785,-0.00358548,1
6,Gradient Descent,0.3,0.7,1202,0.22254,0.537702,-0.00358618,1
6,Gradient Descent,0.3,0.7,1203,0.222552,0.537619,-0.00358689,1
6,Gradient Descent,0.3,0.7,1204,0.222564,0.537537,-0.00358758,1
6,Gradient Descent,0.3,0.7,1205,0.222575,0.537454,-0.00358828,1
6,Gradient Descent,0.3,0.7,1206,0.222587,0.537371,-0.00358898,1
6,Gradient Descent,0.3,0.7,1207,0.222599,0.537288,-0.00358968,1
6,Gradient Descent,0.3,0.7,1208,0.222611,0.537206,-0.00359038,1
6,Gradient Descent,0.3,0.7,1209,0.222622,0.537123,-0.00359107,1
6,Gradient Descent,0.3,0.7,1210,0.222634,0.53704,-0.00359177,1
6,Gradient Descent,0.3,0.7,1211,0.222646,0.536958,-0.00359247,1
6,Gradient Descent,0.3,0.7,1212,0.222658,0.536875,-0.00359316,1
6,Gradient Descent,0.3,0.7,1213,0.22267,0.536793,-0.00359386,1
6,Gradient Descent,0.3,0.7,1214,0.222682,0.53671,-0.00359455,1
6,Gradient Descent,0.3,0.7,1215,0.222694,0.536628,-0.00359524,1
6,Gradient Descent,0.3,0.7,1216,0.222706,0.536545,-0.00359594,1
6,Gradient Descent,0.3,0.7,1217,0.222718,0.536463,-0.00359663,1
6,Gradient Descent,0.3,0.7,1218,0.22273,0.536381,-0.00359732,1
6,Gradient Descent,0.3,0.7,1219,0.222742,0.536298,-0.00359801,1
6,Gradient Descent,0.3,0.7,1220,0.222755,0.536216,-0.0035987,1
6,Gradient Descent,0.3,0.7,1221,0.222767,0.536134,-0.0035994,1
6,Gradient Descent,0.3,0.7,1222,0.222779,0.536052,-0.00360009,1
6,Gradient Descent,0.3,0.7,1223,0.222791,0.53597,-0.00360077,1
6,Gradient Descent,0.3,0.7,1224,0.222804,0.535888,-0.00360146,1
6,Gradient Descent,0.3,0.7,1225,0.222816,0.535806,-0.00360215,1
6,Gradient Descent,0.3,0.7,1226,0.222829,0.535724,-0.00360284,1
6,Gradient Descent,0.3,0.7,1227,0.222841,0.535642,-0.00360353,1
6,Gradient Descent,0.3,0.7,1228,0.222854,0.53556,-0.00360421,1
6,Gradient Descent,0.3,0.7,1229,0.222866,0.535478,-0.0036049,1
6,Gradient Descent,0.3,0.7,1230,0.222879,0.535396,-0.00360559,1
6,Gradient Descent,0.3,0.7,1231,0.222891,0.535314,-0.00360627,1
6,Gradient Descent,0.3,0.7,1232,0.222904,0.535232,-0.00360696,1
6,Gradient Descent,0.3,0.7,1233,0.222917,0.535151,-0.00360764,1
6,Gradient Descent,0.3,0.7,1234,0.222929,0.535069,-0.00360832,1
6,Gradient Descent,0.3,0.7,1235,0.222942,0.534987,-0.00360901,1
6,Gradient Descent,0.3,0.7,1236,0.222955,0.534906,-0.00360969,1
6,Gradient Descent,0.3,0.7,1237,0.222968,0.534824,-0.00361037,1
6,Gradient Descent,0.3,0.7,1238,0.222981,0.534743,-0.00361105,1
6,Gradient Descent,0.3,0.7,1239,0.222994,0.534661,-0.00361173,1
6,Gradient Descent,0.3,0.7,1240,0.223006,0.53458,-0.00361241,1
6,Gradient Descent,0.3,0.7,1241,0.223019,0.534498,-0.00361309,1
6,Gradient Descent,0.3,0.7,1242,0.223032,0.534417,-0.00361377,1
6,Gradient Descent,0.3,0.7,1243,0.223045,0.534335,-0.00361445,1
6,Gradient Descent,0.3,0.7,1244,0.223059,0.534254,-0.00361513,1
6,Gradient Descent,0.3,0.7,1245,0.223072,0.534173,-0.00361581,1
6,Gradient Descent,0.3,0.7,1246,0.223085,0.534091,-0.00361649,1
6,Gradient Descent,0.3,0.7,1247,0.223098,0.53401,-0.00361716,1
6,Gradient Descent,0.3,0.7,1248,0.223111,0.533929,-0.00361784,1
6,Gradient Descent,0.3,0.7,1249,0.223124,0.533848,-0.00361852,1
6,Gradient Descent,0.3,0.7,1250,0.223138,0.533767,-0.00361919,1
6,Gradient Descent,0.3,0.7,1251,0.223151,0.533686,-0.00361987,1
6,Gradient Descent,0.3,0.7,1252,0.223164,0.533605,-0.00362054,1
6,Gradient Descent,0.3,0.7,1253,0.223178,0.533524,-0.00362121,1
6,Gradient Descent,0.3,0.7,1254,0.223191,0.533443,-0.00362189,1
6,Gradient Descent,0.3,0.7,1255,0.223205,0.533362,-0.00362256,1
6,Gradient Descent,0.3,0.7,1256,0.223218,0.533281,-0.00362323,1
6,Gradient Descent,0.3,0.7,1257,0.223232,0.5332,-0.0036239,1
6,Gradient Descent,0.3,0.7,1258,0.223245,0.533119,-0.00362458,1
6,Gradient Descent,0.3,0.7,1259,0.223259,0.533038,-0.00362525,1
6,Gradient Descent,0.3,0.7,1260,0.223272,0.532958,-0.00362592,1
6,Gradient Descent,0.3,0.7,1261,0.223286,0.532877,-0.00362659,1
6,Gradient Descent,0.3,0.7,1262,0.2233,0.532796,-0.00362726,1
6,Gradient Descent,0.3,0.7,1263,0.223313,0.532716,-0.00362793,1
6,Gradient Descent,0.3,0.7,1264,0.223327,0.532635,-0.00362859,1
6,Gradient Descent,0.3,0.7,1265,0.223341,0.532554,-0.00362926,1
6,Gradient Descent,0.3,0.7,1266,0.223355,0.532474,-0.00362993,1
6,Gradient Descent,0.3,0.7,1267,0.223369,0.532393,-0.0036306,1
6,Gradient Descent,0.3,0.7,1268,0.223383,0.532313,-0.00363126,1
6,Gradient Descent,0.3,0.7,1269,0.223397,0.532233,-0.00363193,1
6,Gradient Descent,0.3,0.7,1270,0.22341,0.532152,-0.00363259,1
6,Gradient Descent,0.3,0.7,1271,0.223424,0.532072,-0.00363326,1
6,Gradient Descent,0.3,0.7,1272,0.223438,0.531992,-0.00363392,1
6,Gradient Descent,0.3,0.7,1273,0.223453,0.531911,-0.00363459,1
6,Gradient Descent,0.3,0.7,1274,0.223467,0.531831,-0.00363525,1
6,Gradient Descent,0.3,0.7,1275,0.223481,0.531751,-0.00363591,1
6,Gradient Descent,0.3,0.7,1276,0.223495,0.531671,-0.00363658,1
6,Gradient Descent,0.3,0.7,1277,0.223509,0.531591,-0.00363724,1
6,Gradient Descent,0.3,0.7,1278,0.223523,0.53151,-0.0036379,1
6,Gradient Descent,0.3,0.7,1279,0.223538,0.53143,-0.00363856,1
6,Gradient Descent,0.3,0.7,1280,0.223552,0.53135,-0.00363922,1
6,Gradient Descent,0.3,0.7,1281,0.223566,0.53127,-0.00363988,1
6,Gradient Descent,0.3,0.7,1282,0.22358,0.53119,-0.00364054,1
6,Gradient Descent,0.3,0.7,1283,0.223595,0.53111,-0.0036412,1
6,Gradient Descent,0.3,0.7,1284,0.223609,0.531031,-0.00364186,1
6,Gradient Descent,0.3,0.7,1285,0.223624,0.530951,-0.00364252,1
6,Gradient Descent,0.3,0.7,1286,0.223638,0.530871,-0.00364318,1
6,Gradient Descent,0.3,0.7,1287,0.223653,0.530791,-0.00364383,1
6,Gradient Descent,0.3,0.7,1288,0.223667,0.530711,-0.00364449,1
6,Gradient Descent,0.3,0.7,1289,0.223682,0.530632,-0.00364515,1
6,Gradient Descent,0.3,0.7,1290,0.223696,0.530552,-0.0036458,1
6,Gradient Descent,0.3,0.7,1291,0.223711,0.530472,-0.00364646,1
6,Gradient Descent,0.3,0.7,1292,0.223726,0.530393,-0.00364711,1
6,Gradient Descent,0.3,0.7,1293,0.22374,0.530313,-0.00364777,1
6,Gradient Descent,0.3,0.7,1294,0.223755,0.530234,-0.00364842,1
6,Gradient Descent,0.3,0.7,1295,0.22377,0.530154,-0.00364908,1
6,Gradient Descent,0.3,0.7,1296,0.223785,0.530075,-0.00364973,1
6,Gradient Descent,0.3,0.7,1297,0.223799,0.529995,-0.00365038,1
6,Gradient Descent,0.3,0.7,1298,0.223814,0.529916,-0.00365103,1
6,Gradient Descent,0.3,0.7,1299,0.223829,0.529837,-0.00365169,1
6,Gradient Descent,0.3,0.7,1300,0.223844,0.529757,-0.00365234,1
6,Gradient Descent,0.3,0.7,1301,0.223859,0.529678,-0.00365299,1
6,Gradient Descent,0.3,0.7,1302,0.223874,0.529599,-0.00365364,1
6,Gradient Descent,0.3,0.7,1303,0.223889,0.52952,-0.00365429,1
6,Gradient Descent,0.3,0.7,1304,0.223904,0.52944,-0.00365494,1
6,Gradient Descent,0.3,0.7,1305,0.223919,0.529361,-0.00365559,1
6,Gradient Descent,0.3,0.7,1306,0.223934,0.529282,-0.00365624,1
6,Gradient Descent,0.3,0.7,1307,0.223949,0.529203,-0.00365688,1
6,Gradient Descent,0.3,0.7,1308,0.223964,0.529124,-0.00365753,1
6,Gradient Descent,0.3,0.7,1309,0.22398,0.529045,-0.00365818,1
6,Gradient Descent,0.3,0.7,1310,0.223995,0.528966,-0.00365882,1
6,Gradient Descent,0.3,0.7,1311,0.22401,0.528887,-0.00365947,1
6,Gradient Descent,0.3,0.7,1312,0.224025,0.528808,-0.00366012,1
6,Gradient Descent,0.3,0.7,1313,0.224041,0.528729,-0.00366076,1
6,Gradient Descent,0.3,0.7,1314,0.224056,0.52865,-0.00366141,1
6,Gradient Descent,0.3,0.7,1315,0.224071,0.528572,-0.00366205,1
6,Gradient Descent,0.3,0.7,1316,0.224087,0.528493,-0.0036627,1
6,Gradient Descent,0.3,0.7,1317,0.224102,0.528414,-0.00366334,1
6,Gradient Descent,0.3,0.7,1318,0.224117,0.528335,-0.00366398,1
6,Gradient Descent,0.3,0.7,1319,0.224133,0.528257,-0.00366462,1
6,Gradient Descent,0.3,0.7,1320,0.224148,0.528178,-0.00366527,1
6,Gradient Descent,0.3,0.7,1321,0.224164,0.5281,-0.00366591,1
6,Gradient Descent,0.3,0.7,1322,0.22418,0.528021,-0.00366655,1
6,Gradient Descent,0.3,0.7,1323,0.224195,0.527942,-0.00366719,1
6,Gradient Descent,0.3,0.7,1324,0.224211,0.527864,-0.00366783,1
6,Gradient Descent,0.3,0.7,1325,0.224226,0.527786,-0.00366847,1
6,Gradient Descent,0.3,0.7,1326,0.224242,0.527707,-0.00366911,1
6,Gradient Descent,0.3,0.7,1327,0.224258,0.527629,-0.00366975,1
6,Gradient Descent,0.3,0.7,1328,0.224273,0.52755,-0.00367039,1
6,Gradient Descent,0.3,0.7,1329,0.224289,0.527472,-0.00367103,1
6,Gradient Descent,0.3,0.7,1330,0.224305,0.527394,-0.00367166,1
6,Gradient Descent,0.3,0.7,1331,0.224321,0.527315,-0.0036723,1
6,Gradient Descent,0.3,0.7,1332,0.224337,0.527237,-0.00367294,1
6,Gradient Descent,0.3,0.7,1333,0.224353,0.527159,-0.00367357,1
6,Gradient Descent,0.3,0.7,1334,0.224368,0.527081,-0.00367421,1
6,Gradient Descent,0.3,0.7,1335,0.224384,0.527003,-0.00367485,1
6,Gradient Descent,0.3,0.7,1336,0.2244,0.526925,-0.00367548,1
6,Gradient Descent,0.3,0.7,1337,0.224416,0.526847,-0.00367611,1
6,Gradient Descent,0.3,0.7,1338,0.224432,0.526769,-0.00367675,1
6,Gradient Descent,0.3,0.7,1339,0.224448,0.526691,-0.00367738,1
6,Gradient Descent,0.3,0.7,1340,0.224464,0.526613,-0.00367802,1
6,Gradient Descent,0.3,0.7,1341,0.224481,0.526535,-0.00367865,1
6,Gradient Descent,0.3,0.7,1342,0.224497,0.526457,-0.00367928,1
6,Gradient Descent,0.3,0.7,1343,0.224513,0.526379,-0.00367991,1
6,Gradient Descent,0.3,0.7,1344,0.224529,0.526301,-0.00368055,1
6,Gradient Descent,0.3,0.7,1345,0.224545,0.526224,-0.00368118,1
6,Gradient Descent,0.3,0.7,1346,0.224562,0.526146,-0.00368181,1
6,Gradient Descent,0.3,0.7,1347,0.224578,0.526068,-0.00368244,1
6,Gradient Descent,0.3,0.7,1348,0.224594,0.52599,-0.00368307,1
6,Gradient Descent,0.3,0.7,1349,0.22461,0.525913,-0.0036837,1
6,Gradient Descent,0.3,0.7,1350,0.224627,0.525835,-0.00368433,1
6,Gradient Descent,0.3,0.7,1351,0.224643,0.525758,-0.00368495,1
6,Gradient Descent,0.3,0.7,1352,0.22466,0.52568,-0.00368558,1
6,Gradient Descent,0.3,0.7,1353,0.224676,0.525602,-0.00368621,1
6,Gradient Descent,0.3,0.7,1354,0.224692,0.525525,-0.00368684,1
6,Gradient Descent,0.3,0.7,1355,0.224709,0.525448,-0.00368746,1
6,Gradient Descent,0.3,0.7,1356,0.224725,0.52537,-0.00368809,1
6,Gradient Descent,0.3,0.7,1357,0.224742,0.525293,-0.00368872,1
6,Gradient Descent,0.3,0.7,1358,0.224758,0.525215,-0.00368934,1
6,Gradient Descent,0.3,0.7,1359,0.224775,0.525138,-0.00368997,1
6,Gradient Descent,0.3,0.7,1360,0.224792,0.525061,-0.00369059,1
6,Gradient Descent,0.3,0.7,1361,0.224808,0.524984,-0.00369122,1
6,Gradient Descent,0.3,0.7,1362,0.224825,0.524906,-0.00369184,1
6,Gradient Descent,0.3,0.7,1363,0.224842,0.524829,-0.00369246,1
6,Gradient Descent,0.3,0.7,1364,0.224858,0.524752,-0.00369309,1
6,Gradient Descent,0.3,0.7,1365,0.224875,0.524675,-0.00369371,1
6,Gradient Descent,0.3,0.7,1366,0.224892,0.524598,-0.00369433,1
6,Gradient Descent,0.3,0.7,1367,0.224909,0.524521,-0.00369495,1
6,Gradient Descent,0.3,0.7,1368,0.224926,0.524444,-0.00369557,1
6,Gradient Descent,0.3,0.7,1369,0.224942,0.524367,-0.0036962,1
6,Gradient Descent,0.3,0.7,1370,0.224959,0.52429,-0.00369682,1
6,Gradient Descent,0.3,0.7,1371,0.224976,0.524213,-0.00369744,1
6,Gradient Descent,0.3,0.7,1372,0.224993,0.524136,-0.00369806,1
6,Gradient Descent,0.3,0.7,1373,0.22501,0.524059,-0.00369868,1
6,Gradient Descent,0.3,0.7,1374,0.225027,0.523982,-0.00369929,1
6,Gradient Descent,0.3,0.7,1375,0.225044,0.523906,-0.00369991,1
6,Gradient Descent,0.3,0.7,1376,0.225061,0.523829,-0.00370053,1
6,Gradient Descent,0.3,0.7,1377,0.225078,0.523752,-0.00370115,1
6,Gradient Descent,0.3,0.7,1378,0.225095,0.523675,-0.00370177,1
6,Gradient Descent,0.3,0.7,1379,0.225112,0.523599,-0.00370238,1
6,Gradient Descent,0.3,0.7,1380,0.225129,0.523522,-0.003703,1
6,Gradient Descent,0.3,0.7,1381,0.225147,0.523446,-0.00370361,1
6,Gradient Descent,0.3,0.7,1382,0.225164,0.523369,-0.00370423,1
6,Gradient Descent,0.3,0.7,1383,0.225181,0.523292,-0.00370485,1
6,Gradient Descent,0.3,0.7,1384,0.225198,0.523216,-0.00370546,1
6,Gradient Descent,0.3,0.7,1385,0.225216,0.523139,-0.00370607,1
6,Gradient Descent,0.3,0.7,1386,0.225233,0.523063,-0.00370669,1
6,Gradient Descent,0.3,0.7,1387,0.22525,0.522987,-0.0037073,1
6,Gradient Descent,0.3,0.7,1388,0.225267,0.52291,-0.00370792,1
6,Gradient Descent,0.3,0.7,1389,0.225285,0.522834,-0.00370853,1
6,Gradient Descent,0.3,0.7,1390,0.225302,0.522758,-0.00370914,1
6,Gradient Descent,0.3,0.7,1391,0.22532,0.522681,-0.00370975,1
6,Gradient Descent,0.3,0.7,1392,0.225337,0.522605,-0.00371036,1
6,Gradient Descent,0.3,0.7,1393,0.225354,0.522529,-0.00371097,1
6,Gradient Descent,0.3,0.7,1394,0.225372,0.522453,-0.00371159,1
6,Gradient Descent,0.3,0.7,1395,0.225389,0.522377,-0.0037122,1
6,Gradient Descent,0.3,0.7,1396,0.225407,0.5223,-0.00371281,1
6,Gradient Descent,0.3,0.7,1397,0.225425,0.522224,-0.00371341,1
6,Gradient Descent,0.3,0.7,1398,0.225442,0.522148,-0.00371402,1
6,Gradient Descent,0.3,0.7,1399,0.22546,0.522072,-0.00371463,1
6,Gradient Descent,0.3,0.7,1400,0.225477,0.521996,-0.00371524,1
6,Gradient Descent,0.3,0.7,1401,0.225495,0.52192,-0.00371585,1
6,Gradient Descent,0.3,0.7,1402,0.225513,0.521845,-0.00371646,1
6,Gradient Descent,0.3,0.7,1403,0.22553,0.521769,-0.00371706,1
6,Gradient Descent,0.3,0.7,1404,0.225548,0.521693,-0.00371767,1
6,Gradient Descent,0.3,0.7,1405,0.225566,0.521617,-0.00371828,1
6,Gradient Descent,0.3,0.7,1406,0.225584,0.521541,-0.00371888,1
6,Gradient Descent,0.3,0.7,1407,0.225601,0.521465,-0.00371949,1
6,Gradient Descent,0.3,0.7,1408,0.225619,0.52139,-0.00372009,1
6,Gradient Descent,0.3,0.7,1409,0.225637,0.521314,-0.0037207,1
6,Gradient Descent,0.3,0.7,1410,0.225655,0.521238,-0.0037213,1
6,Gradient Descent,0.3,0.7,1411,0.225673,0.521163,-0.00372191,1
6,Gradient Descent,0.3,0.7,1412,0.225691,0.521087,-0.00372251,1
6,Gradient Descent,0.3,0.7,1413,0.225709,0.521012,-0.00372311,1
6,Gradient Descent,0.3,0.7,1414,0.225727,0.520936,-0.00372372,1
6,Gradient Descent,0.3,0.7,1415,0.225745,0.52086,-0.00372432,1
6,Gradient Descent,0.3,0.7,1416,0.225763,0.520785,-0.00372492,1
6,Gradient Descent,0.3,0.7,1417,0.225781,0.52071,-0.00372552,1
6,Gradient Descent,0.3,0.7,1418,0.225799,0.520634,-0.00372612,1
6,Gradient Descent,0.3,0.7,1419,0.225817,0.520559,-0.00372672,1
6,Gradient Descent,0.3,0.7,1420,0.225835,0.520483,-0.00372732,1
6,Gradient Descent,0.3,0.7,1421,0.225853,0.520408,-0.00372792,1
6,Gradient Descent,0.3,0.7,1422,0.225871,0.520333,-0.00372852,1
6,Gradient Descent,0.3,0.7,1423,0.225889,0.520258,-0.00372912,1
6,Gradient Descent,0.3,0.7,1424,0.225907,0.520182,-0.00372972,1
6,Gradient Descent,0.3,0.7,1425,0.225926,0.520107,-0.00373032,1
6,Gradient Descent,0.3,0.7,1426,0.225944,0.520032,-0.00373092,1
6,Gradient Descent,0.3,0.7,1427,0.225962,0.519957,-0.00373151,1
6,Gradient Descent,0.3,0.7,1428,0.22598,0.519882,-0.00373211,1
6,Gradient Descent,0.3,0.7,1429,0.225999,0.519807,-0.00373271,1
6,Gradient Descent,0.3,0.7,1430,0.226017,0.519732,-0.00373331,1
6,Gradient Descent,0.3,0.7,1431,0.226035,0.519657,-0.0037339,1
6,Gradient Descent,0.3,0.7,1432,0.226054,0.519582,-0.0037345,1
6,Gradient Descent,0.3,0.7,1433,0.226072,0.519507,-0.00373509,1
6,Gradient Descent,0.3,0.7,1434,0.22609,0.519432,-0.00373569,1
6,Gradient Descent,0.3,0.7,1435,0.226109,0.519357,-0.00373628,1
6,Gradient Descent,0.3,0.7,1436,0.226127,0.519282,-0.00373688,1
6,Gradient Descent,0.3,0.7,1437,0.226146,0.519207,-0.00373747,1
6,Gradient Descent,0.3,0.7,1438,0.226164,0.519133,-0.00373806,1
6,Gradient Descent,0.3,0.7,1439,0.226183,0.519058,-0.00373866,1
6,Gradient Descent,0.3,0.7,1440,0.226201,0.518983,-0.00373925,1
6,Gradient Descent,0.3,0.7,1441,0.22622,0.518908,-0.00373984,1
6,Gradient Descent,0.3,0.7,1442,0.226239,0.518834,-0.00374043,1
6,Gradient Descent,0.3,0.7,1443,0.226257,0.518759,-0.00374103,1
6,Gradient Descent,0.3,0.7,1444,0.226276,0.518684,-0.00374162,1
6,Gradient Descent,0.3,0.7,1445,0.226294,0.51861,-0.00374221,1
6,Gradient Descent,0.3,0.7,1446,0.226313,0.518535,-0.0037428,1
6,Gradient Descent,0.3,0.7,1447,0.226332,0.518461,-0.00374339,1
6,Gradient Descent,0.3,0.7,1448,0.226351,0.518386,-0.00374398,1
6,Gradient Descent,0.3,0.7,1449,0.226369,0.518312,-0.00374457,1
6,Gradient Descent,0.3,0.7,1450,0.226388,0.518237,-0.00374516,1
6,Gradient Descent,0.3,0.7,1451,0.226407,0.518163,-0.00374574,1
6,Gradient Descent,0.3,0.7,1452,0.226426,0.518089,-0.00374633,1
6,Gradient Descent,0.3,0.7,1453,0.226444,0.518014,-0.00374692,1
6,Gradient Descent,0.3,0.7,1454,0.226463,0.51794,-0.00374751,1
6,Gradient Descent,0.3,0.7,1455,0.226482,0.517866,-0.00374809,1
6,Gradient Descent,0.3,0.7,1456,0.226501,0.517792,-0.00374868,1
6,Gradient Descent,0.3,0.7,1457,0.22652,0.517717,-0.00374927,1
6,Gradient Descent,0.3,0.7,1458,0.226539,0.517643,-0.00374985,1
6,Gradient Descent,0.3,0.7,1459,0.226558,0.517569,-0.00375044,1
6,Gradient Descent,0.3,0.7,1460,0.226577,0.517495,-0.00375102,1
6,Gradient Descent,0.3,0.7,1461,0.226596,0.517421,-0.00375161,1
6,Gradient Descent,0.3,0.7,1462,0.226615,0.517347,-0.00375219,1
6,Gradient Descent,0.3,0.7,1463,0.226634,0.517273,-0.00375278,1
6,Gradient Descent,0.3,0.7,1464,0.226653,0.517199,-0.00375336,1
6,Gradient Descent,0.3,0.7,1465,0.226672,0.517125,-0.00375394,1
6,Gradient Descent,0.3,0.7,1466,0.226691,0.517051,-0.00375453,1
6,Gradient Descent,0.3,0.7,1467,0.22671,0.516977,-0.00375511,1
6,Gradient Descent,0.3,0.7,1468,0.226729,0.516903,-0.00375569,1
6,Gradient Descent,0.3,0.7,1469,0.226748,0.516829,-0.00375627,1
6,Gradient Descent,0.3,0.7,1470,0.226768,0.516756,-0.00375685,1
6,Gradient Descent,0.3,0.7,1471,0.226787,0.516682,-0.00375744,1
6,Gradient Descent,0.3,0.7,1472,0.226806,0.516608,-0.00375802,1
6,Gradient Descent,0.3,0.7,1473,0.226825,0.516534,-0.0037586,1
6,Gradient Descent,0.3,0.7,1474,0.226844,0.516461,-0.00375918,1
6,Gradient Descent,0.3,0.7,1475,0.226864,0.516387,-0.00375976,1
6,Gradient Descent,0.3,0.7,1476,0.226883,0.516313,-0.00376034,1
6,Gradient Descent,0.3,0.7,1477,0.226902,0.51624,-0.00376091,1
6,Gradient Descent,0.3,0.7,1478,0.226922,0.516166,-0.00376149,1
6,Gradient Descent,0.3,0.7,1479,0.226941,0.516093,-0.00376207,1
6,Gradient Descent,0.3,0.7,1480,0.22696,0.516019,-0.00376265,1
6,Gradient Descent,0.3,0.7,1481,0.22698,0.515946,-0.00376323,1
6,Gradient Descent,0.3,0.7,1482,0.226999,0.515872,-0.0037638,1
6,Gradient Descent,0.3,0.7,1483,0.227019,0.515799,-0.00376438,1
6,Gradient Descent,0.3,0.7,1484,0.227038,0.515725,-0.00376496,1
6,Gradient Descent,0.3,0.7,1485,0.227057,0.515652,-0.00376553,1
6,Gradient Descent,0.3,0.7,1486,0.227077,0.515579,-0.00376611,1
6,Gradient Descent,0.3,0.7,1487,0.227096,0.515505,-0.00376668,1
6,Gradient Descent,0.3,0.7,1488,0.227116,0.515432,-0.00376726,1
6,Gradient Descent,0.3,0.7,1489,0.227136,0.515359,-0.00376783,1
6,Gradient Descent,0.3,0.7,1490,0.227155,0.515286,-0.00376841,1
6,Gradient Descent,0.3,0.7,1491,0.227175,0.515212,-0.00376898,1
6,Gradient Descent,0.3,0.7,1492,0.227194,0.515139,-0.00376955,1
6,Gradient Descent,0.3,0.7,1493,0.227214,0.515066,-0.00377013,1
6,Gradient Descent,0.3,0.7,1494,0.227234,0.514993,-0.0037707,1
6,Gradient Descent,0.3,0.7,1495,0.227253,0.51492,-0.00377127,1
6,Gradient Descent,0.3,0.7,1496,0.227273,0.514847,-0.00377184,1
6,Gradient Descent,0.3,0.7,1497,0.227293,0.514774,-0.00377242,1
6,Gradient Descent,0.3,0.7,1498,0.227312,0.514701,-0.00377299,1
6,Gradient Descent,0.3,0.7,1499,0.227332,0.514628,-0.00377356,1
6,Gradient Descent,0.3,0.7,1500,0.227352,0.514555,-0.00377413,1
6,Gradient Descent,0.3,0.7,1501,0.227372,0.514482,-0.0037747,1
6,Gradient Descent,0.3,0.7,1502,0.227391,0.514409,-0.00377527,1
6,Gradient Descent,0.3,0.7,1503,0.227411,0.514337,-0.00377584,1
6,Gradient Descent,0.3,0.7,1504,0.227431,0.514264,-0.00377641,1
6,Gradient Descent,0.3,0.7,1505,0.227451,0.514191,-0.00377698,1
6,Gradient Descent,0.3,0.7,1506,0.227471,0.514118,-0.00377754,1
6,Gradient Descent,0.3,0.7,1507,0.227491,0.514046,-0.00377811,1
6,Gradient Descent,0.3,0.7,1508,0.22751,0.513973,-0.00377868,1
6,Gradient Descent,0.3,0.7,1509,0.22753,0.5139,-0.00377925,1
6,Gradient Descent,0.3,0.7,1510,0.22755,0.513828,-0.00377981,1
6,Gradient Descent,0.3,0.7,1511,0.22757,0.513755,-0.00378038,1
6,Gradient Descent,0.3,0.7,1512,0.22759,0.513683,-0.00378095,1
6,Gradient Descent,0.3,0.7,1513,0.22761,0.51361,-0.00378151,1
6,Gradient Descent,0.3,0.7,1514,0.22763,0.513537,-0.00378208,1
6,Gradient Descent,0.3,0.7,1515,0.22765,0.513465,-0.00378264,1
6,Gradient Descent,0.3,0.7,1516,0.22767,0.513393,-0.00378321,1
6,Gradient Descent,0.3,0.7,1517,0.22769,0.51332,-0.00378377,1
6,Gradient Descent,0.3,0.7,1518,0.227711,0.513248,-0.00378434,1
6,Gradient Descent,0.3,0.7,1519,0.227731,0.513175,-0.0037849,1
6,Gradient Descent,0.3,0.7,1520,0.227751,0.513103,-0.00378546,1
6,Gradient Descent,0.3,0.7,1521,0.227771,0.513031,-0.00378603,1
6,Gradient Descent,0.3,0.7,1522,0.227791,0.512959,-0.00378659,1
6,Gradient Descent,0.3,0.7,1523,0.227811,0.512886,-0.00378715,1
6,Gradient Descent,0.3,0.7,1524,0.227831,0.512814,-0.00378772,1
6,Gradient Descent,0.3,0.7,1525,0.227852,0.512742,-0.00378828,1
6,Gradient Descent,0.3,0.7,1526,0.227872,0.51267,-0.00378884,1
6,Gradient Descent,0.3,0.7,1527,0.227892,0.512598,-0.0037894,1
6,Gradient Descent,0.3,0.7,1528,0.227912,0.512526,-0.00378996,1
6,Gradient Descent,0.3,0.7,1529,0.227933,0.512453,-0.00379052,1
6,Gradient Descent,0.3,0.7,1530,0.227953,0.512381,-0.00379108,1
6,Gradient Descent,0.3,0.7,1531,0.227973,0.512309,-0.00379164,1
6,Gradient Descent,0.3,0.7,1532,0.227994,0.512237,-0.0037922,1
6,Gradient Descent,0.3,0.7,1533,0.228014,0.512165,-0.00379276,1
6,Gradient Descent,0.3,0.7,1534,0.228034,0.512094,-0.00379332,1
6,Gradient Descent,0.3,0.7,1535,0.228055,0.512022,-0.00379388,1
6,Gradient Descent,0.3,0.7,1536,0.228075,0.51195,-0.00379443,1
6,Gradient Descent,0.3,0.7,1537,0.228095,0.511878,-0.00379499,1
6,Gradient Descent,0.3,0.7,1538,0.228116,0.511806,-0.00379555,1
6,Gradient Descent,0.3,0.7,1539,0.228136,0.511734,-0.00379611,1
6,Gradient Descent,0.3,0.7,1540,0.228157,0.511663,-0.00379666,1
6,Gradient Descent,0.3,0.7,1541,0.228177,0.511591,-0.00379722,1
6,Gradient Descent,0.3,0.7,1542,0.228198,0.511519,-0.00379777,1
6,Gradient Descent,0.3,0.7,1543,0.228218,0.511448,-0.00379833,1
6,Gradient Descent,0.3,0.7,1544,0.228239,0.511376,-0.00379889,1
6,Gradient Descent,0.3,0.7,1545,0.228259,0.511304,-0.00379944,1
6,Gradient Descent,0.3,0.7,1546,0.22828,0.511233,-0.00379999,1
6,Gradient Descent,0.3,0.7,1547,0.2283,0.511161,-0.00380055,1
6,Gradient Descent,0.3,0.7,1548,0.228321,0.51109,-0.0038011,1
6,Gradient Descent,0.3,0.7,1549,0.228342,0.511018,-0.00380166,1
6,Gradient Descent,0.3,0.7,1550,0.228362,0.510947,-0.00380221,1
6,Gradient Descent,0.3,0.7,1551,0.228383,0.510875,-0.00380276,1
6,Gradient Descent,0.3,0.7,1552,0.228404,0.510804,-0.00380332,1
6,Gradient Descent,0.3,0.7,1553,0.228424,0.510732,-0.00380387,1
6,Gradient Descent,0.3,0.7,1554,0.228445,0.510661,-0.00380442,1
6,Gradient Descent,0.3,0.7,1555,0.228466,0.51059,-0.00380497,1
6,Gradient Descent,0.3,0.7,1556,0.228486,0.510518,-0.00380552,1
6,Gradient Descent,0.3,0.7,1557,0.228507,0.510447,-0.00380607,1
6,Gradient Descent,0.3,0.7,1558,0.228528,0.510376,-0.00380662,1
6,Gradient Descent,0.3,0.7,1559,0.228549,0.510305,-0.00380717,1
6,Gradient Descent,0.3,0.7,1560,0.22857,0.510234,-0.00380772,1
6,Gradient Descent,0.3,0.7,1561,0.22859,0.510162,-0.00380827,1
6,Gradient Descent,0.3,0.7,1562,0.228611,0.510091,-0.00380882,1
6,Gradient Descent,0.3,0.7,1563,0.228632,0.51002,-0.00380937,1
6,Gradient Descent,0.3,0.7,1564,0.228653,0.509949,-0.00380992,1
6,Gradient Descent,0.3,0.7,1565,0.228674,0.509878,-0.00381047,1
6,Gradient Descent,0.3,0.7,1566,0.228695,0.509807,-0.00381102,1
6,Gradient Descent,0.3,0.7,1567,0.228716,0.509736,-0.00381156,1
6,Gradient Descent,0.3,0.7,1568,0.228736,0.509665,-0.00381211,1
6,Gradient Descent,0.3,0.7,1569,0.228757,0.509594,-0.00381266,1
6,Gradient Descent,0.3,0.7,1570,0.228778,0.509523,-0.0038132,1
6,Gradient Descent,0.3,0.7,1571,0.228799,0.509452,-0.00381375,1
6,Gradient Descent,0.3,0.7,1572,0.22882,0.509382,-0.0038143,1
6,Gradient Descent,0.3,0.7,1573,0.228841,0.509311,-0.00381484,1
6,Gradient Descent,0.3,0.7,1574,0.228862,0.50924,-0.00381539,1
6,Gradient Descent,0.3,0.7,1575,0.228883,0.509169,-0.00381593,1
6,Gradient Descent,0.3,0.7,1576,0.228904,0.509099,-0.00381647,1
6,Gradient Descent,0.3,0.7,1577,0.228925,0.509028,-0.00381702,1
6,Gradient Descent,0.3,0.7,1578,0.228947,0.508957,-0.00381756,1
6,Gradient Descent,0.3,0.7,1579,0.228968,0.508887,-0.00381811,1
6,Gradient Descent,0.3,0.7,1580,0.228989,0.508816,-0.00381865,1
6,Gradient Descent,0.3,0.7,1581,0.22901,0.508745,-0.00381919,1
6,Gradient Descent,0.3,0.7,1582,0.229031,0.508675,-0.00381974,1
6,Gradient Descent,0.3,0.7,1583,0.229052,0.508604,-0.00382028,1
6,Gradient Descent,0.3,0.7,1584,0.229073,0.508534,-0.00382082,1
6,Gradient Descent,0.3,0.7,1585,0.229094,0.508463,-0.00382136,1
6,Gradient Descent,0.3,0.7,1586,0.229116,0.508393,-0.0038219,1
6,Gradient Descent,0.3,0.7,1587,0.229137,0.508322,-0.00382244,1
6,Gradient Descent,0.3,0.7,1588,0.229158,0.508252,-0.00382298,1
6,Gradient Descent,0.3,0.7,1589,0.229179,0.508182,-0.00382352,1
6,Gradient Descent,0.3,0.7,1590,0.229201,0.508111,-0.00382406,1
6,Gradient Descent,0.3,0.7,1591,0.229222,0.508041,-0.0038246,1
6,Gradient Descent,0.3,0.7,1592,0.229243,0.507971,-0.00382514,1
6,Gradient Descent,0.3,0.7,1593,0.229264,0.5079,-0.00382568,1
6,Gradient Descent,0.3,0.7,1594,0.229286,0.50783,-0.00382622,1
6,Gradient Descent,0.3,0.7,1595,0.229307,0.50776,-0.00382676,1
6,Gradient Descent,0.3,0.7,1596,0.229328,0.50769,-0.0038273,1
6,Gradient Descent,0.3,0.7,1597,0.22935,0.50762,-0.00382783,1
6,Gradient Descent,0.3,0.7,1598,0.229371,0.507549,-0.00382837,1
6,Gradient Descent,0.3,0.7,1599,0.229393,0.507479,-0.00382891,1
6,Gradient Descent,0.3,0.7,1600,0.229414,0.507409,-0.00382944,1
6,Gradient Descent,0.3,0.7,1601,0.229435,0.507339,-0.00382998,1
6,Gradient Descent,0.3,0.7,1602,0.229457,0.507269,-0.00383052,1
6,Gradient Descent,0.3,0.7,1603,0.229478,0.507199,-0.00383105,1
6,Gradient Descent,0.3,0.7,1604,0.2295,0.507129,-0.00383159,1
6,Gradient Descent,0.3,0.7,1605,0.229521,0.507059,-0.00383212,1
6,Gradient Descent,0.3,0.7,1606,0.229543,0.50699,-0.00383266,1
6,Gradient Descent,0.3,0.7,1607,0.229564,0.50692,-0.00383319,1
6,Gradient Descent,0.3,0.7,1608,0.229586,0.50685,-0.00383373,1
6,Gradient Descent,0.3,0.7,1609,0.229607,0.50678,-0.00383426,1
6,Gradient Descent,0.3,0.7,1610,0.229629,0.50671,-0.00383479,1
6,Gradient Descent,0.3,0.7,1611,0.22965,0.50664,-0.00383533,1
6,Gradient Descent,0.3,0.7,1612,0.229672,0.506571,-0.00383586,1
6,Gradient Descent,0.3,0.7,1613,0.229693,0.506501,-0.00383639,1
6,Gradient Descent,0.3,0.7,1614,0.229715,0.506431,-0.00383692,1
6,Gradient Descent,0.3,0.7,1615,0.229737,0.506362,-0.00383745,1
6,Gradient Descent,0.3,0.7,1616,0.229758,0.506292,-0.00383799,1
6,Gradient Descent,0.3,0.7,1617,0.22978,0.506222,-0.00383852,1
6,Gradient Descent,0.3,0.7,1618,0.229802,0.506153,-0.00383905,1
6,Gradient Descent,0.3,0.7,1619,0.229823,0.506083,-0.00383958,1
6,Gradient Descent,0.3,0.7,1620,0.229845,0.506014,-0.00384011,1
6,Gradient Descent,0.3,0.7,1621,0.229867,0.505944,-0.00384064,1
6,Gradient Descent,0.3,0.7,1622,0.229888,0.505875,-0.00384117,1
6,Gradient Descent,0.3,0.7,1623,0.22991,0.505805,-0.0038417,1
6,Gradient Descent,0.3,0.7,1624,0.229932,0.505736,-0.00384223,1
6,Gradient Descent,0.3,0.7,1625,0.229953,0.505667,-0.00384276,1
6,Gradient Descent,0.3,0.7,1626,0.229975,0.505597,-0.00384328,1
6,Gradient Descent,0.3,0.7,1627,0.229997,0.505528,-0.00384381,1
6,Gradient Descent,0.3,0.7,1628,0.230019,0.505459,-0.00384434,1
6,Gradient Descent,0.3,0.7,1629,0.230041,0.505389,-0.00384487,1
6,Gradient Descent,0.3,0.7,1630,0.230062,0.50532,-0.00384539,1
6,Gradient Descent,0.3,0.7,1631,0.230084,0.505251,-0.00384592,1
6,Gradient Descent,0.3,0.7,1632,0.230106,0.505182,-0.00384645,1
6,Gradient Descent,0.3,0.7,1633,0.230128,0.505112,-0.00384697,1
6,Gradient Descent,0.3,0.7,1634,0.23015,0.505043,-0.0038475,1
6,Gradient Descent,0.3,0.7,1635,0.230172,0.504974,-0.00384802,1
6,Gradient Descent,0.3,0.7,1636,0.230194,0.504905,-0.00384855,1
6,Gradient Descent,0.3,0.7,1637,0.230215,0.504836,-0.00384907,1
6,Gradient Descent,0.3,0.7,1638,0.230237,0.504767,-0.0038496,1
6,Gradient Descent,0.3,0.7,1639,0.230259,0.504698,-0.00385012,1
6,Gradient Descent,0.3,0.7,1640,0.230281,0.504629,-0.00385065,1
6,Gradient Descent,0.3,0.7,1641,0.230303,0.50456,-0.00385117,1
6,Gradient Descent,0.3,0.7,1642,0.230325,0.504491,-0.00385169,1
6,Gradient Descent,0.3,0.7,1643,0.230347,0.504422,-0.00385222,1
6,Gradient Descent,0.3,0.7,1644,0.230369,0.504353,-0.00385274,1
6,Gradient Descent,0.3,0.7,1645,0.230391,0.504285,-0.00385326,1
6,Gradient Descent,0.3,0.7,1646,0.230413,0.504216,-0.00385378,1
6,Gradient Descent,0.3,0.7,1647,0.230435,0.504147,-0.00385431,1
6,Gradient Descent,0.3,0.7,1648,0.230457,0.504078,-0.00385483,1
6,Gradient Descent,0.3,0.7,1649,0.230479,0.504009,-0.00385535,1
6,Gradient Descent,0.3,0.7,1650,0.230501,0.503941,-0.00385587,1
6,Gradient Descent,0.3,0.7,1651,0.230524,0.503872,-0.00385639,1
6,Gradient Descent,0.3,0.7,1652,0.230546,0.503803,-0.00385691,1
6,Gradient Descent,0.3,0.7,1653,0.230568,0.503735,-0.00385743,1
6,Gradient Descent,0.3,0.7,1654,0.23059,0.503666,-0.00385795,1
6,Gradient Descent,0.3,0.7,1655,0.230612,0.503598,-0.00385847,1
6,Gradient Descent,0.3,0.7,1656,0.230634,0.503529,-0.00385899,1
6,Gradient Descent,0.3,0.7,1657,0.230656,0.503461,-0.0038595,1
6,Gradient Descent,0.3,0.7,1658,0.230678,0.503392,-0.00386002,1
6,Gradient Descent,0.3,0.7,1659,0.230701,0.503324,-0.00386054,1
6,Gradient Descent,0.3,0.7,1660,0.230723,0.503255,-0.00386106,1
6,Gradient Descent,0.3,0.7,1661,0.230745,0.503187,-0.00386158,1
6,Gradient Descent,0.3,0.7,1662,0.230767,0.503118,-0.00386209,1
6,Gradient Descent,0.3,0.7,1663,0.230789,0.50305,-0.00386261,1
6,Gradient Descent,0.3,0.7,1664,0.230812,0.502982,-0.00386313,1
6,Gradient Descent,0.3,0.7,1665,0.230834,0.502913,-0.00386364,1
6,Gradient Descent,0.3,0.7,1666,0.230856,0.502845,-0.00386416,1
6,Gradient Descent,0.3,0.7,1667,0.230879,0.502777,-0.00386467,1
6,Gradient Descent,0.3,0.7,1668,0.230901,0.502709,-0.00386519,1
6,Gradient Descent,0.3,0.7,1669,0.230923,0.50264,-0.0038657,1
6,Gradient Descent,0.3,0.7,1670,0.230945,0.502572,-0.00386622,1
6,Gradient Descent,0.3,0.7,1671,0.230968,0.502504,-0.00386673,1
6,Gradient Descent,0.3,0.7,1672,0.23099,0.502436,-0.00386725,1
6,Gradient Descent,0.3,0.7,1673,0.231012,0.502368,-0.00386776,1
6,Gradient Descent,0.3,0.7,1674,0.231035,0.5023,-0.00386827,1
6,Gradient Descent,0.3,0.7,1675,0.231057,0.502232,-0.00386879,1
6,Gradient Descent,0.3,0.7,1676,0.23108,0.502164,-0.0038693,1
6,Gradient Descent,0.3,0.7,1677,0.231102,0.502096,-0.00386981,1
6,Gradient Descent,0.3,0.7,1678,0.231124,0.502028,-0.00387032,1
6,Gradient Descent,0.3,0.7,1679,0.231147,0.50196,-0.00387084,1
6,Gradient Descent,0.3,0.7,1680,0.231169,0.501892,-0.00387135,1
6,Gradient Descent,0.3,0.7,1681,0.231192,0.501824,-0.00387186,1
6,Gradient Descent,0.3,0.7,1682,0.231214,0.501756,-0.00387237,1
6,Gradient Descent,0.3,0.7,1683,0.231237,0.501688,-0.00387288,1
6,Gradient Descent,0.3,0.7,1684,0.231259,0.50162,-0.00387339,1
6,Gradient Descent,0.3,0.7,1685,0.231281,0.501553,-0.0038739,1
6,Gradient Descent,0.3,0.7,1686,0.231304,0.501485,-0.00387441,1
6,Gradient Descent,0.3,0.7,1687,0.231327,0.501417,-0.00387492,1
6,Gradient Descent,0.3,0.7,1688,0.231349,0.501349,-0.00387543,1
6,Gradient Descent,0.3,0.7,1689,0.231372,0.501282,-0.00387594,1
6,Gradient Descent,0.3,0.7,1690,0.231394,0.501214,-0.00387645,1
6,Gradient Descent,0.3,0.7,1691,0.231417,0.501146,-0.00387695,1
6,Gradient Descent,0.3,0.7,1692,0.231439,0.501079,-0.00387746,1
6,Gradient Descent,0.3,0.7,1693,0.231462,0.501011,-0.00387797,1
6,Gradient Descent,0.3,0.7,1694,0.231484,0.500944,-0.00387848,1
6,Gradient Descent,0.3,0.7,1695,0.231507,0.500876,-0.00387898,1
6,Gradient Descent,0.3,0.7,1696,0.23153,0.500809,-0.00387949,1
6,Gradient Descent,0.3,0.7,1697,0.231552,0.500741,-0.00388,1
6,Gradient Descent,0.3,0.7,1698,0.231575,0.500674,-0.0038805,1
6,Gradient Descent,0.3,0.7,1699,0.231597,0.500606,-0.00388101,1
6,Gradient Descent,0.3,0.7,1700,0.23162,0.500539,-0.00388151,1
6,Gradient Descent,0.3,0.7,1701,0.231643,0.500471,-0.00388202,1
6,Gradient Descent,0.3,0.7,1702,0.231665,0.500404,-0.00388252,1
6,Gradient Descent,0.3,0.7,1703,0.231688,0.500337,-0.00388303,1
6,Gradient Descent,0.3,0.7,1704,0.231711,0.50027,-0.00388353,1
6,Gradient Descent,0.3,0.7,1705,0.231734,0.500202,-0.00388404,1
6,Gradient Descent,0.3,0.7,1706,0.231756,0.500135,-0.00388454,1
6,Gradient Descent,0.3,0.7,1707,0.231779,0.500068,-0.00388504,1
6,Gradient Descent,0.3,0.7,1708,0.231802,0.500001,-0.00388555,1
6,Gradient Descent,0.3,0.7,1709,0.231824,0.499933,-0.00388605,1
6,Gradient Descent,0.3,0.7,1710,0.231847,0.499866,-0.00388655,1
6,Gradient Descent,0.3,0.7,1711,0.23187,0.499799,-0.00388705,1
6,Gradient Descent,0.3,0.7,1712,0.231893,0.499732,-0.00388756,1
6,Gradient Descent,0.3,0.7,1713,0.231916,0.499665,-0.00388806,1
6,Gradient Descent,0.3,0.7,1714,0.231938,0.499598,-0.00388856,1
6,Gradient Descent,0.3,0.7,1715,0.231961,0.499531,-0.00388906,1
6,Gradient Descent,0.3,0.7,1716,0.231984,0.499464,-0.00388956,1
6,Gradient Descent,0.3,0.7,1717,0.232007,0.499397,-0.00389006,1
6,Gradient Descent,0.3,0.7,1718,0.23203,0.49933,-0.00389056,1
6,Gradient Descent,0.3,0.7,1719,0.232053,0.499263,-0.00389106,1
6,Gradient Descent,0.3,0.7,1720,0.232075,0.499196,-0.00389156,1
6,Gradient Descent,0.3,0.7,1721,0.232098,0.499129,-0.00389206,1
6,Gradient Descent,0.3,0.7,1722,0.232121,0.499063,-0.00389256,1
6,Gradient Descent,0.3,0.7,1723,0.232144,0.498996,-0.00389306,1
6,Gradient Descent,0.3,0.7,1724,0.232167,0.498929,-0.00389356,1
6,Gradient Descent,0.3,0.7,1725,0.23219,0.498862,-0.00389405,1
6,Gradient Descent,0.3,0.7,1726,0.232213,0.498796,-0.00389455,1
6,Gradient Descent,0.3,0.7,1727,0.232236,0.498729,-0.00389505,1
6,Gradient Descent,0.3,0.7,1728,0.232259,0.498662,-0.00389555,1
6,Gradient Descent,0.3,0.7,1729,0.232282,0.498596,-0.00389604,1
6,Gradient Descent,0.3,0.7,1730,0.232305,0.498529,-0.00389654,1
6,Gradient Descent,0.3,0.7,1731,0.232328,0.498462,-0.00389704,1
6,Gradient Descent,0.3,0.7,1732,0.23235,0.498396,-0.00389753,1
6,Gradient Descent,0.3,0.7,1733,0.232373,0.498329,-0.00389803,1
6,Gradient Descent,0.3,0.7,1734,0.232396,0.498263,-0.00389852,1
6,Gradient Descent,0.3,0.7,1735,0.232419,0.498196,-0.00389902,1
6,Gradient Descent,0.3,0.7,1736,0.232443,0.49813,-0.00389951,1
6,Gradient Descent,0.3,0.7,1737,0.232466,0.498063,-0.00390001,1
6,Gradient Descent,0.3,0.7,1738,0.232489,0.497997,-0.0039005,1
6,Gradient Descent,0.3,0.7,1739,0.232512,0.49793,-0.003901,1
6,Gradient Descent,0.3,0.7,1740,0.232535,0.497864,-0.00390149,1
6,Gradient Descent,0.3,0.7,1741,0.232558,0.497798,-0.00390198,1
6,Gradient Descent,0.3,0.7,1742,0.232581,0.497731,-0.00390248,1
6,Gradient Descent,0.3,0.7,1743,0.232604,0.497665,-0.00390297,1
6,Gradient Descent,0.3,0.7,1744,0.232627,0.497599,-0.00390346,1
6,Gradient Descent,0.3,0.7,1745,0.23265,0.497533,-0.00390395,1
6,Gradient Descent,0.3,0.7,1746,0.232673,0.497466,-0.00390445,1
6,Gradient Descent,0.3,0.7,1747,0.232696,0.4974,-0.00390494,1
6,Gradient Descent,0.3,0.7,1748,0.232719,0.497334,-0.00390543,1
6,Gradient Descent,0.3,0.7,1749,0.232743,0.497268,-0.00390592,1
6,Gradient Descent,0.3,0.7,1750,0.232766,0.497202,-0.00390641,1
6,Gradient Descent,0.3,0.7,1751,0.232789,0.497136,-0.0039069,1
6,Gradient Descent,0.3,0.7,1752,0.232812,0.49707,-0.00390739,1
6,Gradient Descent,0.3,0.7,1753,0.232835,0.497003,-0.00390788,1
6,Gradient Descent,0.3,0.7,1754,0.232858,0.496937,-0.00390837,1
6,Gradient Descent,0.3,0.7,1755,0.232882,0.496871,-0.00390886,1
6,Gradient Descent,0.3,0.7,1756,0.232905,0.496805,-0.00390935,1
6,Gradient Descent,0.3,0.7,1757,0.232928,0.49674,-0.00390984,1
6,Gradient Descent,0.3,0.7,1758,0.232951,0.496674,-0.00391033,1
6,Gradient Descent,0.3,0.7,1759,0.232975,0.496608,-0.00391081,1
6,Gradient Descent,0.3,0.7,1760,0.232998,0.496542,-0.0039113,1
6,Gradient Descent,0.3,0.7,1761,0.233021,0.496476,-0.00391179,1
6,Gradient Descent,0.3,0.7,1762,0.233044,0.49641,-0.00391228,1
6,Gradient Descent,0.3,0.7,1763,0.233068,0.496344,-0.00391276,1
6,Gradient Descent,0.3,0.7,1764,0.233091,0.496279,-0.00391325,1
6,Gradient Descent,0.3,0.7,1765,0.233114,0.496213,-0.00391374,1
6,Gradient Descent,0.3,0.7,1766,0.233137,0.496147,-0.00391422,1
6,Gradient Descent,0.3,0.7,1767,0.233161,0.496081,-0.00391471,1
6,Gradient Descent,0.3,0.7,1768,0.233184,0.496016,-0.00391519,1
6,Gradient Descent,0.3,0.7,1769,0.233207,0.49595,-0.00391568,1
6,Gradient Descent,0.3,0.7,1770,0.233231,0.495885,-0.00391616,1
6,Gradient Descent,0.3,0.7,1771,0.233254,0.495819,-0.00391665,1
6,Gradient Descent,0.3,0.7,1772,0.233277,0.495753,-0.00391713,1
6,Gradient Descent,0.3,0.7,1773,0.233301,0.495688,-0.00391762,1
6,Gradient Descent,0.3,0.7,1774,0.233324,0.495622,-0.0039181,1
6,Gradient Descent,0.3,0.7,1775,0.233348,0.495557,-0.00391858,1
6,Gradient Descent,0.3,0.7,1776,0.233371,0.495491,-0.00391907,1
6,Gradient Descent,0.3,0.7,1777,0.233394,0.495426,-0.00391955,1
6,Gradient Descent,0.3,0.7,1778,0.233418,0.49536,-0.00392003,1
6,Gradient Descent,0.3,0.7,1779,0.233441,0.495295,-0.00392052,1
6,Gradient Descent,0.3,0.7,1780,0.233465,0.49523,-0.003921,1
6,Gradient Descent,0.3,0.7,1781,0.233488,0.495164,-0.00392148,1
6,Gradient Descent,0.3,0.7,1782,0.233511,0.495099,-0.00392196,1
6,Gradient Descent,0.3,0.7,1783,0.233535,0.495034,-0.00392244,1
6,Gradient Descent,0.3,0.7,1784,0.233558,0.494968,-0.00392292,1
6,Gradient Descent,0.3,0.7,1785,0.233582,0.494903,-0.0039234,1
6,Gradient Descent,0.3,0.7,1786,0.233605,0.494838,-0.00392389,1
6,Gradient Descent,0.3,0.7,1787,0.233629,0.494773,-0.00392437,1
6,Gradient Descent,0.3,0.7,1788,0.233652,0.494708,-0.00392485,1
6,Gradient Descent,0.3,0.7,1789,0.233676,0.494642,-0.00392532,1
6,Gradient Descent,0.3,0.7,1790,0.233699,0.494577,-0.0039258,1
6,Gradient Descent,0.3,0.7,1791,0.233723,0.494512,-0.00392628,1
6,Gradient Descent,0.3,0.7,1792,0.233746,0.494447,-0.00392676,1
6,Gradient Descent,0.3,0.7,1793,0.23377,0.494382,-0.00392724,1
6,Gradient Descent,0.3,0.7,1794,0.233793,0.494317,-0.00392772,1
6,Gradient Descent,0.3,0.7,1795,0.233817,0.494252,-0.0039282,1
6,Gradient Descent,0.3,0.7,1796,0.23384,0.494187,-0.00392867,1
6,Gradient Descent,0.3,0.7,1797,0.233864,0.494122,-0.00392915,1
6,Gradient Descent,0.3,0.7,1798,0.233887,0.494057,-0.00392963,1
6,Gradient Descent,0.3,0.7,1799,0.233911,0.493992,-0.0039301,1
6,Gradient Descent,0.3,0.7,1800,0.233935,0.493927,-0.00393058,1
6,Gradient Descent,0.3,0.7,1801,0.233958,0.493863,-0.00393106,1
6,Gradient Descent,0.3,0.7,1802,0.233982,0.493798,-0.00393153,1
6,Gradient Descent,0.3,0.7,1803,0.234005,0.493733,-0.00393201,1
6,Gradient Descent,0.3,0.7,1804,0.234029,0.493668,-0.00393248,1
6,Gradient Descent,0.3,0.7,1805,0.234053,0.493603,-0.00393296,1
6,Gradient Descent,0.3,0.7,1806,0.234076,0.493539,-0.00393343,1
6,Gradient Descent,0.3,0.7,1807,0.2341,0.493474,-0.00393391,1
6,Gradient Descent,0.3,0.7,1808,0.234123,0.493409,-0.00393438,1
6,Gradient Descent,0.3,0.7,1809,0.234147,0.493345,-0.00393486,1
6,Gradient Descent,0.3,0.7,1810,0.234171,0.49328,-0.00393533,1
6,Gradient Descent,0.3,0.7,1811,0.234194,0.493215,-0.0039358,1
6,Gradient Descent,0.3,0.7,1812,0.234218,0.493151,-0.00393628,1
6,Gradient Descent,0.3,0.7,1813,0.234242,0.493086,-0.00393675,1
6,Gradient Descent,0.3,0.7,1814,0.234266,0.493022,-0.00393722,1
6,Gradient Descent,0.3,0.7,1815,0.234289,0.492957,-0.00393769,1
6,Gradient Descent,0.3,0.7,1816,0.234313,0.492893,-0.00393817,1
6,Gradient Descent,0.3,0.7,1817,0.234337,0.492828,-0.00393864,1
6,Gradient Descent,0.3,0.7,1818,0.23436,0.492764,-0.00393911,1
6,Gradient Descent,0.3,0.7,1819,0.234384,0.492699,-0.00393958,1
6,Gradient Descent,0.3,0.7,1820,0.234408,0.492635,-0.00394005,1
6,Gradient Descent,0.3,0.7,1821,0.234432,0.492571,-0.00394052,1
6,Gradient Descent,0.3,0.7,1822,0.234455,0.492506,-0.00394099,1
6,Gradient Descent,0.3,0.7,1823,0.234479,0.492442,-0.00394146,1
6,Gradient Descent,0.3,0.7,1824,0.234503,0.492378,-0.00394193,1
6,Gradient Descent,0.3,0.7,1825,0.234527,0.492313,-0.0039424,1
6,Gradient Descent,0.3,0.7,1826,0.23455,0.492249,-0.00394287,1
6,Gradient Descent,0.3,0.7,1827,0.234574,0.492185,-0.00394334,1
6,Gradient Descent,0.3,0.7,1828,0.234598,0.492121,-0.00394381,1
6,Gradient Descent,0.3,0.7,1829,0.234622,0.492056,-0.00394428,1
6,Gradient Descent,0.3,0.7,1830,0.234645,0.491992,-0.00394475,1
6,Gradient Descent,0.3,0.7,1831,0.234669,0.491928,-0.00394521,1
6,Gradient Descent,0.3,0.7,1832,0.234693,0.491864,-0.00394568,1
6,Gradient Descent,0.3,0.7,1833,0.234717,0.4918,-0.00394615,1
6,Gradient Descent,0.3,0.7,1834,0.234741,0.491736,-0.00394662,1
6,Gradient Descent,0.3,0.7,1835,0.234765,0.491672,-0.00394708,1
6,Gradient Descent,0.3,0.7,1836,0.234788,0.491608,-0.00394755,1
6,Gradient Descent,0.3,0.7,1837,0.234812,0.491544,-0.00394801,1
6,Gradient Descent,0.3,0.7,1838,0.234836,0.49148,-0.00394848,1
6,Gradient Descent,0.3,0.7,1839,0.23486,0.491416,-0.00394895,1
6,Gradient Descent,0.3,0.7,1840,0.234884,0.491352,-0.00394941,1
6,Gradient Descent,0.3,0.7,1841,0.234908,0.491288,-0.00394988,1
6,Gradient Descent,0.3,0.7,1842,0.234932,0.491224,-0.00395034,1
6,Gradient Descent,0.3,0.7,1843,0.234956,0.491161,-0.00395081,1
6,Gradient Descent,0.3,0.7,1844,0.234979,0.491097,-0.00395127,1
6,Gradient Descent,0.3,0.7,1845,0.235003,0.491033,-0.00395173,1
6,Gradient Descent,0.3,0.7,1846,0.235027,0.490969,-0.0039522,1
6,Gradient Descent,0.3,0.7,1847,0.235051,0.490905,-0.00395266,1
6,Gradient Descent,0.3,0.7,1848,0.235075,0.490842,-0.00395312,1
6,Gradient Descent,0.3,0.7,1849,0.235099,0.490778,-0.00395359,1
6,Gradient Descent,0.3,0.7,1850,0.235123,0.490714,-0.00395405,1
6,Gradient Descent,0.3,0.7,1851,0.235147,0.490651,-0.00395451,1
6,Gradient Descent,0.3,0.7,1852,0.235171,0.490587,-0.00395497,1
6,Gradient Descent,0.3,0.7,1853,0.235195,0.490524,-0.00395544,1
6,Gradient Descent,0.3,0.7,1854,0.235219,0.49046,-0.0039559,1
6,Gradient Descent,0.3,0.7,1855,0.235243,0.490396,-0.00395636,1
6,Gradient Descent,0.3,0.7,1856,0.235267,0.490333,-0.00395682,1
6,Gradient Descent,0.3,0.7,1857,0.235291,0.490269,-0.00395728,1
6,Gradient Descent,0.3,0.7,1858,0.235315,0.490206,-0.00395774,1
6,Gradient Descent,0.3,0.7,1859,0.235339,0.490142,-0.0039582,1
6,Gradient Descent,0.3,0.7,1860,0.235363,0.490079,-0.00395866,1
6,Gradient Descent,0.3,0.7,1861,0.235387,0.490016,-0.00395912,1
6,Gradient Descent,0.3,0.7,1862,0.235411,0.489952,-0.00395958,1
6,Gradient Descent,0.3,0.7,1863,0.235435,0.489889,-0.00396004,1
6,Gradient Descent,0.3,0.7,1864,0.235459,0.489826,-0.0039605,1
6,Gradient Descent,0.3,0.7,1865,0.235483,0.489762,-0.00396096,1
6,Gradient Descent,0.3,0.7,1866,0.235507,0.489699,-0.00396141,1
6,Gradient Descent,0.3,0.7,1867,0.235531,0.489636,-0.00396187,1
6,Gradient Descent,0.3,0.7,1868,0.235555,0.489572,-0.00396233,1
6,Gradient Descent,0.3,0.7,1869,0.235579,0.489509,-0.00396279,1
6,Gradient Descent,0.3,0.7,1870,0.235603,0.489446,-0.00396325,1
6,Gradient Descent,0.3,0.7,1871,0.235627,0.489383,-0.0039637,1
6,Gradient Descent,0.3,0.7,1872,0.235651,0.48932,-0.00396416,1
6,Gradient Descent,0.3,0.7,1873,0.235675,0.489257,-0.00396462,1
6,Gradient Descent,0.3,0.7,1874,0.235699,0.489193,-0.00396507,1
6,Gradient Descent,0.3,0.7,1875,0.235724,0.48913,-0.00396553,1
6,Gradient Descent,0.3,0.7,1876,0.235748,0.489067,-0.00396598,1
6,Gradient Descent,0.3,0.7,1877,0.235772,0.489004,-0.00396644,1
6,Gradient Descent,0.3,0.7,1878,0.235796,0.488941,-0.00396689,1
6,Gradient Descent,0.3,0.7,1879,0.23582,0.488878,-0.00396735,1
6,Gradient Descent,0.3,0.7,1880,0.235844,0.488815,-0.0039678,1
6,Gradient Descent,0.3,0.7,1881,0.235868,0.488752,-0.00396826,1
6,Gradient Descent,0.3,0.7,1882,0.235892,0.48869,-0.00396871,1
6,Gradient Descent,0.3,0.7,1883,0.235917,0.488627,-0.00396916,1
6,Gradient Descent,0.3,0.7,1884,0.235941,0.488564,-0.00396962,1
6,Gradient Descent,0.3,0.7,1885,0.235965,0.488501,-0.00397007,1
6,Gradient Descent,0.3,0.7,1886,0.235989,0.488438,-0.00397052,1
6,Gradient Descent,0.3,0.7,1887,0.236013,0.488375,-0.00397098,1
6,Gradient Descent,0.3,0.7,1888,0.236037,0.488313,-0.00397143,1
6,Gradient Descent,0.3,0.7,1889,0.236062,0.48825,-0.00397188,1
6,Gradient Descent,0.3,0.7,1890,0.236086,0.488187,-0.00397233,1
6,Gradient Descent,0.3,0.7,1891,0.23611,0.488124,-0.00397278,1
6,Gradient Descent,0.3,0.7,1892,0.236134,0.488062,-0.00397324,1
6,Gradient Descent,0.3,0.7,1893,0.236158,0.487999,-0.00397369,1
6,Gradient Descent,0.3,0.7,1894,0.236183,0.487936,-0.00397414,1
6,Gradient Descent,0.3,0.7,1895,0.236207,0.487874,-0.00397459,1
6,Gradient Descent,0.3,0.7,1896,0.236231,0.487811,-0.00397504,1
6,Gradient Descent,0.3,0.7,1897,0.236255,0.487749,-0.00397549,1
6,Gradient Descent,0.3,0.7,1898,0.236279,0.487686,-0.00397594,1
6,Gradient Descent,0.3,0.7,1899,0.236304,0.487624,-0.00397639,1
6,Gradient Descent,0.3,0.7,1900,0.236328,0.487561,-0.00397684,1
6,Gradient Descent,0.3,0.7,1901,0.236352,0.487499,-0.00397729,1
6,Gradient Descent,0.3,0.7,1902,0.236376,0.487436,-0.00397773,1
6,Gradient Descent,0.3,0.7,1903,0.236401,0.487374,-0.00397818,1
6,Gradient Descent,0.3,0.7,1904,0.236425,0.487311,-0.00397863,1
6,Gradient Descent,0.3,0.7,1905,0.236449,0.487249,-0.00397908,1
6,Gradient Descent,0.3,0.7,1906,0.236473,0.487187,-0.00397953,1
6,Gradient Descent,0.3,0.7,1907,0.236498,0.487124,-0.00397997,1
6,Gradient Descent,0.3,0.7,1908,0.236522,0.487062,-0.00398042,1
6,Gradient Descent,0.3,0.7,1909,0.236546,0.487,-0.00398087,1
6,Gradient Descent,0.3,0.7,1910,0.236571,0.486938,-0.00398131,1
6,Gradient Descent,0.3,0.7,1911,0.236595,0.486875,-0.00398176,1
6,Gradient Descent,0.3,0.7,1912,0.236619,0.486813,-0.00398221,1
6,Gradient Descent,0.3,0.7,1913,0.236644,0.486751,-0.00398265,1
6,Gradient Descent,0.3,0.7,1914,0.236668,0.486689,-0.0039831,1
6,Gradient Descent,0.3,0.7,1915,0.236692,0.486627,-0.00398354,1
6,Gradient Descent,0.3,0.7,1916,0.236716,0.486565,-0.00398399,1
6,Gradient Descent,0.3,0.7,1917,0.236741,0.486502,-0.00398443,1
6,Gradient Descent,0.3,0.7,1918,0.236765,0.48644,-0.00398488,1
6,Gradient Descent,0.3,0.7,1919,0.236789,0.486378,-0.00398532,1
6,Gradient Descent,0.3,0.7,1920,0.236814,0.486316,-0.00398576,1
6,Gradient Descent,0.3,0.7,1921,0.236838,0.486254,-0.00398621,1
6,Gradient Descent,0.3,0.7,1922,0.236863,0.486192,-0.00398665,1
6,Gradient Descent,0.3,0.7,1923,0.236887,0.48613,-0.00398709,1
6,Gradient Descent,0.3,0.7,1924,0.236911,0.486068,-0.00398754,1
6,Gradient Descent,0.3,0.7,1925,0.236936,0.486007,-0.00398798,1
6,Gradient Descent,0.3,0.7,1926,0.23696,0.485945,-0.00398842,1
6,Gradient Descent,0.3,0.7,1927,0.236984,0.485883,-0.00398886,1
6,Gradient Descent,0.3,0.7,1928,0.237009,0.485821,-0.00398931,1
6,Gradient Descent,0.3,0.7,1929,0.237033,0.485759,-0.00398975,1
6,Gradient Descent,0.3,0.7,1930,0.237058,0.485697,-0.00399019,1
6,Gradient Descent,0.3,0.7,1931,0.237082,0.485636,-0.00399063,1
6,Gradient Descent,0.3,0.7,1932,0.237106,0.485574,-0.00399107,1
6,Gradient Descent,0.3,0.7,1933,0.237131,0.485512,-0.00399151,1
6,Gradient Descent,0.3,0.7,1934,0.237155,0.48545,-0.00399195,1
6,Gradient Descent,0.3,0.7,1935,0.23718,0.485389,-0.00399239,1
6,Gradient Descent,0.3,0.7,1936,0.237204,0.485327,-0.00399283,1
6,Gradient Descent,0.3,0.7,1937,0.237228,0.485265,-0.00399327,1
6,Gradient Descent,0.3,0.7,1938,0.237253,0.485204,-0.00399371,1
6,Gradient Descent,0.3,0.7,1939,0.237277,0.485142,-0.00399415,1
6,Gradient Descent,0.3,0.7,1940,0.237302,0.485081,-0.00399459,1
6,Gradient Descent,0.3,0.7,1941,0.237326,0.485019,-0.00399503,1
6,Gradient Descent,0.3,0.7,1942,0.237351,0.484958,-0.00399546,1
6,Gradient Descent,0.3,0.7,1943,0.237375,0.484896,-0.0039959,1
6,Gradient Descent,0.3,0.7,1944,0.2374,0.484835,-0.00399634,1
6,Gradient Descent,0.3,0.7,1945,0.237424,0.484773,-0.00399678,1
6,Gradient Descent,0.3,0.7,1946,0.237448,0.484712,-0.00399721,1
6,Gradient Descent,0.3,0.7,1947,0.237473,0.48465,-0.00399765,1
6,Gradient Descent,0.3,0.7,1948,0.237497,0.484589,-0.00399809,1
6,Gradient Descent,0.3,0.7,1949,0.237522,0.484528,-0.00399852,1
6,Gradient Descent,0.3,0.7,1950,0.237546,0.484466,-0.00399896,1
6,Gradient Descent,0.3,0.7,1951,0.237571,0.484405,-0.0039994,1
6,Gradient Descent,0.3,0.7,1952,0.237595,0.484344,-0.00399983,1
6,Gradient Descent,0.3,0.7,1953,0.23762,0.484282,-0.00400027,1
6,Gradient Descent,0.3,0.7,1954,0.237644,0.484221,-0.0040007,1
6,Gradient Descent,0.3,0.7,1955,0.237669,0.48416,-0.00400114,1
6,Gradient Descent,0.3,0.7,1956,0.237693,0.484099,-0.00400157,1
6,Gradient Descent,0.3,0.7,1957,0.237718,0.484038,-0.004002,1
6,Gradient Descent,0.3,0.7,1958,0.237742,0.483976,-0.00400244,1
6,Gradient Descent,0.3,0.7,1959,0.237767,0.483915,-0.00400287,1
6,Gradient Descent,0.3,0.7,1960,0.237792,0.483854,-0.00400331,1
6,Gradient Descent,0.3,0.7,1961,0.237816,0.483793,-0.00400374,1
6,Gradient Descent,0.3,0.7,1962,0.237841,0.483732,-0.00400417,1
6,Gradient Descent,0.3,0.7,1963,0.237865,0.483671,-0.0040046,1
6,Gradient Descent,0.3,0.7,1964,0.23789,0.48361,-0.00400504,1
6,Gradient Descent,0.3,0.7,1965,0.237914,0.483549,-0.00400547,1
6,Gradient Descent,0.3,0.7,1966,0.237939,0.483488,-0.0040059,1
6,Gradient Descent,0.3,0.7,1967,0.237963,0.483427,-0.00400633,1
6,Gradient Descent,0.3,0.7,1968,0.237988,0.483366,-0.00400676,1
6,Gradient Descent,0.3,0.7,1969,0.238012,0.483305,-0.0040072,1
6,Gradient Descent,0.3,0.7,1970,0.238037,0.483244,-0.00400763,1
6,Gradient Descent,0.3,0.7,1971,0.238062,0.483184,-0.00400806,1
6,Gradient Descent,0.3,0.7,1972,0.238086,0.483123,-0.00400849,1
6,Gradient Descent,0.3,0.7,1973,0.238111,0.483062,-0.00400892,1
6,Gradient Descent,0.3,0.7,1974,0.238135,0.483001,-0.00400935,1
6,Gradient Descent,0.3,0.7,1975,0.23816,0.48294,-0.00400978,1
6,Gradient Descent,0.3,0.7,1976,0.238185,0.48288,-0.00401021,1
6,Gradient Descent,0.3,0.7,1977,0.238209,0.482819,-0.00401064,1
6,Gradient Descent,0.3,0.7,1978,0.238234,0.482758,-0.00401106,1
6,Gradient Descent,0.3,0.7,1979,0.238258,0.482698,-0.00401149,1
6,Gradient Descent,0.3,0.7,1980,0.238283,0.482637,-0.00401192,1
6,Gradient Descent,0.3,0.7,1981,0.238308,0.482576,-0.00401235,1
6,Gradient Descent,0.3,0.7,1982,0.238332,0.482516,-0.00401278,1
6,Gradient Descent,0.3,0.7,1983,0.238357,0.482455,-0.00401321,1
6,Gradient Descent,0.3,0.7,1984,0.238381,0.482395,-0.00401363,1
6,Gradient Descent,0.3,0.7,1985,0.238406,0.482334,-0.00401406,1
6,Gradient Descent,0.3,0.7,1986,0.238431,0.482273,-0.00401449,1
6,Gradient Descent,0.3,0.7,1987,0.238455,0.482213,-0.00401491,1
6,Gradient Descent,0.3,0.7,1988,0.23848,0.482152,-0.00401534,1
6,Gradient Descent,0.3,0.7,1989,0.238505,0.482092,-0.00401577,1
6,Gradient Descent,0.3,0.7,1990,0.238529,0.482032,-0.00401619,1
6,Gradient Descent,0.3,0.7,1991,0.238554,0.481971,-0.00401662,1
6,Gradient Descent,0.3,0.7,1992,0.238579,0.481911,-0.00401704,1
6,Gradient Descent,0.3,0.7,1993,0.238603,0.48185,-0.00401747,1
6,Gradient Descent,0.3,0.7,1994,0.238628,0.48179,-0.00401789,1
6,Gradient Descent,0.3,0.7,1995,0.238653,0.48173,-0.00401832,1
6,Gradient Descent,0.3,0.7,1996,0.238677,0.48167,-0.00401874,1
6,Gradient Descent,0.3,0.7,1997,0.238702,0.481609,-0.00401917,1
6,Gradient Descent,0.3,0.7,1998,0.238727,0.481549,-0.00401959,1
6,Gradient Descent,0.3,0.7,1999,0.238751,0.481489,-0.00402001,1
6,Gradient Descent,0.3,0.7,2000,0.238776,0.481429,-0.00402044,1
6,Gradient Descent,0.3,0.7,2001,0.238801,0.481368,-0.00402086,1
6,Gradient Descent,0.3,0.7,2002,0.238825,0.481308,-0.00402128,1
6,Gradient Descent,0.3,0.7,2003,0.23885,0.481248,-0.0040217,1
6,Gradient Descent,0.3,0.7,2004,0.238875,0.481188,-0.00402213,1
6,Gradient Descent,0.3,0.7,2005,0.238899,0.481128,-0.00402255,1
6,Gradient Descent,0.3,0.7,2006,0.238924,0.481068,-0.00402297,1
6,Gradient Descent,0.3,0.7,2007,0.238949,0.481008,-0.00402339,1
6,Gradient Descent,0.3,0.7,2008,0.238973,0.480948,-0.00402381,1
6,Gradient Descent,0.3,0.7,2009,0.238998,0.480888,-0.00402423,1
6,Gradient Descent,0.3,0.7,2010,0.239023,0.480828,-0.00402466,1
6,Gradient Descent,0.3,0.7,2011,0.239048,0.480768,-0.00402508,1
6,Gradient Descent,0.3,0.7,2012,0.239072,0.480708,-0.0040255,1
6,Gradient Descent,0.3,0.7,2013,0.239097,0.480648,-0.00402592,1
6,Gradient Descent,0.3,0.7,2014,0.239122,0.480588,-0.00402634,1
6,Gradient Descent,0.3,0.7,2015,0.239147,0.480528,-0.00402676,1
6,Gradient Descent,0.3,0.7,2016,0.239171,0.480468,-0.00402717,1
6,Gradient Descent,0.3,0.7,2017,0.239196,0.480409,-0.00402759,1
6,Gradient Descent,0.3,0.7,2018,0.239221,0.480349,-0.00402801,1
6,Gradient Descent,0.3,0.7,2019,0.239245,0.480289,-0.00402843,1
6,Gradient Descent,0.3,0.7,2020,0.23927,0.480229,-0.00402885,1
6,Gradient Descent,0.3,0.7,2021,0.239295,0.480169,-0.00402927,1
6,Gradient Descent,0.3,0.7,2022,0.23932,0.48011,-0.00402968,1
6,Gradient Descent,0.3,0.7,2023,0.239344,0.48005,-0.0040301,1
6,Gradient Descent,0.3,0.7,2024,0.239369,0.47999,-0.00403052,1
6,Gradient Descent,0.3,0.7,2025,0.239394,0.479931,-0.00403094,1
6,Gradient Descent,0.3,0.7,2026,0.239419,0.479871,-0.00403135,1
6,Gradient Descent,0.3,0.7,2027,0.239444,0.479811,-0.00403177,1
6,Gradient Descent,0.3,0.7,2028,0.239468,0.479752,-0.00403219,1
6,Gradient Descent,0.3,0.7,2029,0.239493,0.479692,-0.0040326,1
6,Gradient Descent,0.3,0.7,2030,0.239518,0.479633,-0.00403302,1
6,Gradient Descent,0.3,0.7,2031,0.239543,0.479573,-0.00403343,1
6,Gradient Descent,0.3,0.7,2032,0.239567,0.479514,-0.00403385,1
6,Gradient Descent,0.3,0.7,2033,0.239592,0.479454,-0.00403426,1
6,Gradient Descent,0.3,0.7,2034,0.239617,0.479395,-0.00403468,1
6,Gradient Descent,0.3,0.7,2035,0.239642,0.479335,-0.00403509,1
6,Gradient Descent,0.3,0.7,2036,0.239667,0.479276,-0.00403551,1
6,Gradient Descent,0.3,0.7,2037,0.239691,0.479217,-0.00403592,1
6,Gradient Descent,0.3,0.7,2038,0.239716,0.479157,-0.00403634,1
6,Gradient Descent,0.3,0.7,2039,0.239741,0.479098,-0.00403675,1
6,Gradient Descent,0.3,0.7,2040,0.239766,0.479039,-0.00403716,1
6,Gradient Descent,0.3,0.7,2041,0.239791,0.478979,-0.00403758,1
6,Gradient Descent,0.3,0.7,2042,0.239815,0.47892,-0.00403799,1
6,Gradient Descent,0.3,0.7,2043,0.23984,0.478861,-0.0040384,1
6,Gradient Descent,0.3,0.7,2044,0.239865,0.478802,-0.00403881,1
6,Gradient Descent,0.3,0.7,2045,0.23989,0.478742,-0.00403923,1
6,Gradient Descent,0.3,0.7,2046,0.239915,0.478683,-0.00403964,1
6,Gradient Descent,0.3,0.7,2047,0.239939,0.478624,-0.00404005,1
6,Gradient Descent,0.3,0.7,2048,0.239964,0.478565,-0.00404046,1
6,Gradient Descent,0.3,0.7,2049,0.239989,0.478506,-0.00404087,1
6,Gradient Descent,0.3,0.7,2050,0.240014,0.478447,-0.00404128,1
6,Gradient Descent,0.3,0.7,2051,0.240039,0.478388,-0.00404169,1
6,Gradient Descent,0.3,0.7,2052,0.240064,0.478329,-0.0040421,1
6,Gradient Descent,0.3,0.7,2053,0.240088,0.47827,-0.00404251,1
6,Gradient Descent,0.3,0.7,2054,0.240113,0.478211,-0.00404292,1
6,Gradient Descent,0.3,0.7,2055,0.240138,0.478152,-0.00404333,1
6,Gradient Descent,0.3,0.7,2056,0.240163,0.478093,-0.00404374,1
6,Gradient Descent,0.3,0.7,2057,0.240188,0.478034,-0.00404415,1
6,Gradient Descent,0.3,0.7,2058,0.240213,0.477975,-0.00404456,1
6,Gradient Descent,0.3,0.7,2059,0.240238,0.477916,-0.00404497,1
6,Gradient Descent,0.3,0.7,2060,0.240262,0.477857,-0.00404538,1
6,Gradient Descent,0.3,0.7,2061,0.240287,0.477798,-0.00404579,1
6,Gradient Descent,0.3,0.7,2062,0.240312,0.477739,-0.00404619,1
6,Gradient Descent,0.3,0.7,2063,0.240337,0.47768,-0.0040466,1
6,Gradient Descent,0.3,0.7,2064,0.240362,0.477622,-0.00404701,1
6,Gradient Descent,0.3,0.7,2065,0.240387,0.477563,-0.00404742,1
6,Gradient Descent,0.3,0.7,2066,0.240412,0.477504,-0.00404782,1
6,Gradient Descent,0.3,0.7,2067,0.240437,0.477445,-0.00404823,1
6,Gradient Descent,0.3,0.7,2068,0.240461,0.477387,-0.00404864,1
6,Gradient Descent,0.3,0.7,2069,0.240486,0.477328,-0.00404904,1
6,Gradient Descent,0.3,0.7,2070,0.240511,0.477269,-0.00404945,1
6,Gradient Descent,0.3,0.7,2071,0.240536,0.477211,-0.00404985,1
6,Gradient Descent,0.3,0.7,2072,0.240561,0.477152,-0.00405026,1
6,Gradient Descent,0.3,0.7,2073,0.240586,0.477093,-0.00405066,1
6,Gradient Descent,0.3,0.7,2074,0.240611,0.477035,-0.00405107,1
6,Gradient Descent,0.3,0.7,2075,0.240636,0.476976,-0.00405147,1
6,Gradient Descent,0.3,0.7,2076,0.24066,0.476918,-0.00405188,1
6,Gradient Descent,0.3,0.7,2077,0.240685,0.476859,-0.00405228,1
6,Gradient Descent,0.3,0.7,2078,0.24071,0.476801,-0.00405269,1
6,Gradient Descent,0.3,0.7,2079,0.240735,0.476742,-0.00405309,1
6,Gradient Descent,0.3,0.7,2080,0.24076,0.476684,-0.00405349,1
6,Gradient Descent,0.3,0.7,2081,0.240785,0.476625,-0.0040539,1
6,Gradient Descent,0.3,0.7,2082,0.24081,0.476567,-0.0040543,1
6,Gradient Descent,0.3,0.7,2083,0.240835,0.476509,-0.0040547,1
6,Gradient Descent,0.3,0.7,2084,0.24086,0.47645,-0.00405511,1
6,Gradient Descent,0.3,0.7,2085,0.240885,0.476392,-0.00405551,1
6,Gradient Descent,0.3,0.7,2086,0.24091,0.476334,-0.00405591,1
6,Gradient Descent,0.3,0.7,2087,0.240934,0.476275,-0.00405631,1
6,Gradient Descent,0.3,0.7,2088,0.240959,0.476217,-0.00405671,1
6,Gradient Descent,0.3,0.7,2089,0.240984,0.476159,-0.00405711,1
6,Gradient Descent,0.3,0.7,2090,0.241009,0.476101,-0.00405752,1
6,Gradient Descent,0.3,0.7,2091,0.241034,0.476042,-0.00405792,1
6,Gradient Descent,0.3,0.7,2092,0.241059,0.475984,-0.00405832,1
6,Gradient Descent,0.3,0.7,2093,0.241084,0.475926,-0.00405872,1
6,Gradient Descent,0.3,0.7,2094,0.241109,0.475868,-0.00405912,1
6,Gradient Descent,0.3,0.7,2095,0.241134,0.47581,-0.00405952,1
6,Gradient Descent,0.3,0.7,2096,0.241159,0.475752,-0.00405992,1
6,Gradient Descent,0.3,0.7,2097,0.241184,0.475694,-0.00406032,1
6,Gradient Descent,0.3,0.7,2098,0.241209,0.475636,-0.00406072,1
6,Gradient Descent,0.3,0.7,2099,0.241234,0.475578,-0.00406112,1
6,Gradient Descent,0.3,0.7,2100,0.241259,0.47552,-0.00406151,1
6,Gradient Descent,0.3,0.7,2101,0.241283,0.475462,-0.00406191,1
6,Gradient Descent,0.3,0.7,2102,0.241308,0.475404,-0.00406231,1
6,Gradient Descent,0.3,0.7,2103,0.241333,0.475346,-0.00406271,1
6,Gradient Descent,0.3,0.7,2104,0.241358,0.475288,-0.00406311,1
6,Gradient Descent,0.3,0.7,2105,0.241383,0.47523,-0.0040635,1
6,Gradient Descent,0.3,0.7,2106,0.241408,0.475172,-0.0040639,1
6,Gradient Descent,0.3,0.7,2107,0.241433,0.475114,-0.0040643,1
6,Gradient Descent,0.3,0.7,2108,0.241458,0.475056,-0.00406469,1
6,Gradient Descent,0.3,0.7,2109,0.241483,0.474998,-0.00406509,1
6,Gradient Descent,0.3,0.7,2110,0.241508,0.474941,-0.00406549,1
6,Gradient Descent,0.3,0.7,2111,0.241533,0.474883,-0.00406588,1
6,Gradient Descent,0.3,0.7,2112,0.241558,0.474825,-0.00406628,1
6,Gradient Descent,0.3,0.7,2113,0.241583,0.474767,-0.00406668,1
6,Gradient Descent,0.3,0.7,2114,0.241608,0.47471,-0.00406707,1
6,Gradient Descent,0.3,0.7,2115,0.241633,0.474652,-0.00406747,1
6,Gradient Descent,0.3,0.7,2116,0.241658,0.474594,-0.00406786,1
6,Gradient Descent,0.3,0.7,2117,0.241683,0.474537,-0.00406826,1
6,Gradient Descent,0.3,0.7,2118,0.241708,0.474479,-0.00406865,1
6,Gradient Descent,0.3,0.7,2119,0.241733,0.474421,-0.00406904,1
6,Gradient Descent,0.3,0.7,2120,0.241758,0.474364,-0.00406944,1
6,Gradient Descent,0.3,0.7,2121,0.241783,0.474306,-0.00406983,1
6,Gradient Descent,0.3,0.7,2122,0.241808,0.474249,-0.00407022,1
6,Gradient Descent,0.3,0.7,2123,0.241833,0.474191,-0.00407062,1
6,Gradient Descent,0.3,0.7,2124,0.241858,0.474134,-0.00407101,1
6,Gradient Descent,0.3,0.7,2125,0.241883,0.474076,-0.0040714,1
6,Gradient Descent,0.3,0.7,2126,0.241908,0.474019,-0.0040718,1
6,Gradient Descent,0.3,0.7,2127,0.241933,0.473961,-0.00407219,1
6,Gradient Descent,0.3,0.7,2128,0.241958,0.473904,-0.00407258,1
6,Gradient Descent,0.3,0.7,2129,0.241983,0.473846,-0.00407297,1
6,Gradient Descent,0.3,0.7,2130,0.242008,0.473789,-0.00407336,1
6,Gradient Descent,0.3,0.7,2131,0.242033,0.473732,-0.00407375,1
6,Gradient Descent,0.3,0.7,2132,0.242058,0.473674,-0.00407415,1
6,Gradient Descent,0.3,0.7,2133,0.242083,0.473617,-0.00407454,1
6,Gradient Descent,0.3,0.7,2134,0.242108,0.47356,-0.00407493,1
6,Gradient Descent,0.3,0.7,2135,0.242132,0.473503,-0.00407532,1
6,Gradient Descent,0.3,0.7,2136,0.242157,0.473445,-0.00407571,1
6,Gradient Descent,0.3,0.7,2137,0.242182,0.473388,-0.0040761,1
6,Gradient Descent,0.3,0.7,2138,0.242207,0.473331,-0.00407649,1
6,Gradient Descent,0.3,0.7,2139,0.242232,0.473274,-0.00407688,1
6,Gradient Descent,0.3,0.7,2140,0.242257,0.473217,-0.00407727,1
6,Gradient Descent,0.3,0.7,2141,0.242282,0.473159,-0.00407766,1
6,Gradient Descent,0.3,0.7,2142,0.242307,0.473102,-0.00407804,1
6,Gradient Descent,0.3,0.7,2143,0.242333,0.473045,-0.00407843,1
6,Gradient Descent,0.3,0.7,2144,0.242358,0.472988,-0.00407882,1
6,Gradient Descent,0.3,0.7,2145,0.242383,0.472931,-0.00407921,1
6,Gradient Descent,0.3,0.7,2146,0.242408,0.472874,-0.0040796,1
6,Gradient Descent,0.3,0.7,2147,0.242433,0.472817,-0.00407998,1
6,Gradient Descent,0.3,0.7,2148,0.242458,0.47276,-0.00408037,1
6,Gradient Descent,0.3,0.7,2149,0.242483,0.472703,-0.00408076,1
6,Gradient Descent,0.3,0.7,2150,0.242508,0.472646,-0.00408115,1
6,Gradient Descent,0.3,0.7,2151,0.242533,0.472589,-0.00408153,1
6,Gradient Descent,0.3,0.7,2152,0.242558,0.472532,-0.00408192,1
6,Gradient Descent,0.3,0.7,2153,0.242583,0.472475,-0.0040823,1
6,Gradient Descent,0.3,0.7,2154,0.242608,0.472419,-0.00408269,1
6,Gradient Descent,0.3,0.7,2155,0.242633,0.472362,-0.00408308,1
6,Gradient Descent,0.3,0.7,2156,0.242658,0.472305,-0.00408346,1
6,Gradient Descent,0.3,0.7,2157,0.242683,0.472248,-0.00408385,1
6,Gradient Descent,0.3,0.7,2158,0.242708,0.472191,-0.00408423,1
6,Gradient Descent,0.3,0.7,2159,0.242733,0.472134,-0.00408462,1
6,Gradient Descent,0.3,0.7,2160,0.242758,0.472078,-0.004085,1
6,Gradient Descent,0.3,0.7,2161,0.242783,0.472021,-0.00408538,1
6,Gradient Descent,0.3,0.7,2162,0.242808,0.471964,-0.00408577,1
6,Gradient Descent,0.3,0.7,2163,0.242833,0.471908,-0.00408615,1
6,Gradient Descent,0.3,0.7,2164,0.242858,0.471851,-0.00408654,1
6,Gradient Descent,0.3,0.7,2165,0.242883,0.471794,-0.00408692,1
6,Gradient Descent,0.3,0.7,2166,0.242908,0.471738,-0.0040873,1
6,Gradient Descent,0.3,0.7,2167,0.242933,0.471681,-0.00408769,1
6,Gradient Descent,0.3,0.7,2168,0.242958,0.471625,-0.00408807,1
6,Gradient Descent,0.3,0.7,2169,0.242983,0.471568,-0.00408845,1
6,Gradient Descent,0.3,0.7,2170,0.243008,0.471512,-0.00408883,1
6,Gradient Descent,0.3,0.7,2171,0.243033,0.471455,-0.00408921,1
6,Gradient Descent,0.3,0.7,2172,0.243058,0.471399,-0.0040896,1
6,Gradient Descent,0.3,0.7,2173,0.243083,0.471342,-0.00408998,1
6,Gradient Descent,0.3,0.7,2174,0.243108,0.471286,-0.00409036,1
6,Gradient Descent,0.3,0.7,2175,0.243133,0.471229,-0.00409074,1
6,Gradient Descent,0.3,0.7,2176,0.243158,0.471173,-0.00409112,1
6,Gradient Descent,0.3,0.7,2177,0.243183,0.471116,-0.0040915,1
6,Gradient Descent,0.3,0.7,2178,0.243208,0.47106,-0.00409188,1
6,Gradient Descent,0.3,0.7,2179,0.243233,0.471004,-0.00409226,1
6,Gradient Descent,0.3,0.7,2180,0.243258,0.470947,-0.00409264,1
6,Gradient Descent,0.3,0.7,2181,0.243283,0.470891,-0.00409302,1
6,Gradient Descent,0.3,0.7,2182,0.243308,0.470835,-0.0040934,1
6,Gradient Descent,0.3,0.7,2183,0.243334,0.470779,-0.00409378,1
6,Gradient Descent,0.3,0.7,2184,0.243359,0.470722,-0.00409416,1
6,Gradient Descent,0.3,0.7,2185,0.243384,0.470666,-0.00409454,1
6,Gradient Descent,0.3,0.7,2186,0.243409,0.47061,-0.00409492,1
6,Gradient Descent,0.3,0.7,2187,0.243434,0.470554,-0.00409529,1
6,Gradient Descent,0.3,0.7,2188,0.243459,0.470498,-0.00409567,1
6,Gradient Descent,0.3,0.7,2189,0.243484,0.470441,-0.00409605,1
6,Gradient Descent,0.3,0.7,2190,0.243509,0.470385,-0.00409643,1
6,Gradient Descent,0.3,0.7,2191,0.243534,0.470329,-0.0040968,1
6,Gradient Descent,0.3,0.7,2192,0.243559,0.470273,-0.00409718,1
6,Gradient Descent,0.3,0.7,2193,0.243584,0.470217,-0.00409756,1
6,Gradient Descent,0.3,0.7,2194,0.243609,0.470161,-0.00409794,1
6,Gradient Descent,0.3,0.7,2195,0.243634,0.470105,-0.00409831,1
6,Gradient Descent,0.3,0.7,2196,0.243659,0.470049,-0.00409869,1
6,Gradient Descent,0.3,0.7,2197,0.243684,0.469993,-0.00409906,1
6,Gradient Descent,0.3,0.7,2198,0.243709,0.469937,-0.00409944,1
6,Gradient Descent,0.3,0.7,2199,0.243734,0.469881,-0.00409981,1
6,Gradient Descent,0.3,0.7,2200,0.243759,0.469825,-0.00410019,1
6,Gradient Descent,0.3,0.7,2201,0.243784,0.469769,-0.00410056,1
6,Gradient Descent,0.3,0.7,2202,0.243809,0.469714,-0.00410094,1
6,Gradient Descent,0.3,0.7,2203,0.243834,0.469658,-0.00410131,1
6,Gradient Descent,0.3,0.7,2204,0.24386,0.469602,-0.00410169,1
6,Gradient Descent,0.3,0.7,2205,0.243885,0.469546,-0.00410206,1
6,Gradient Descent,0.3,0.7,2206,0.24391,0.46949,-0.00410244,1
6,Gradient Descent,0.3,0.7,2207,0.243935,0.469435,-0.00410281,1
6,Gradient Descent,0.3,0.7,2208,0.24396,0.469379,-0.00410318,1
6,Gradient Descent,0.3,0.7,2209,0.243985,0.469323,-0.00410356,1
6,Gradient Descent,0.3,0.7,2210,0.24401,0.469267,-0.00410393,1
6,Gradient Descent,0.3,0.7,2211,0.244035,0.469212,-0.0041043,1
6,Gradient Descent,0.3,0.7,2212,0.24406,0.469156,-0.00410467,1
6,Gradient Descent,0.3,0.7,2213,0.244085,0.4691,-0.00410505,1
6,Gradient Descent,0.3,0.7,2214,0.24411,0.469045,-0.00410542,1
6,Gradient Descent,0.3,0.7,2215,0.244135,0.468989,-0.00410579,1
6,Gradient Descent,0.3,0.7,2216,0.24416,0.468934,-0.00410616,1
6,Gradient Descent,0.3,0.7,2217,0.244185,0.468878,-0.00410653,1
6,Gradient Descent,0.3,0.7,2218,0.24421,0.468823,-0.00410691,1
6,Gradient Descent,0.3,0.7,2219,0.244235,0.468767,-0.00410728,1
6,Gradient Descent,0.3,0.7,2220,0.24426,0.468712,-0.00410765,1
6,Gradient Descent,0.3,0.7,2221,0.244285,0.468656,-0.00410802,1
6,Gradient Descent,0.3,0.7,2222,0.244311,0.468601,-0.00410839,1
6,Gradient Descent,0.3,0.7,2223,0.244336,0.468545,-0.00410876,1
6,Gradient Descent,0.3,0.7,2224,0.244361,0.46849,-0.00410913,1
6,Gradient Descent,0.3,0.7,2225,0.244386,0.468434,-0.0041095,1
6,Gradient Descent,0.3,0.7,2226,0.244411,0.468379,-0.00410987,1
6,Gradient Descent,0.3,0.7,2227,0.244436,0.468324,-0.00411024,1
6,Gradient Descent,0.3,0.7,2228,0.244461,0.468268,-0.0041106,1
6,Gradient Descent,0.3,0.7,2229,0.244486,0.468213,-0.00411097,1
6,Gradient Descent,0.3,0.7,2230,0.244511,0.468158,-0.00411134,1
6,Gradient Descent,0.3,0.7,2231,0.244536,0.468102,-0.00411171,1
6,Gradient Descent,0.3,0.7,2232,0.244561,0.468047,-0.00411208,1
6,Gradient Descent,0.3,0.7,2233,0.244586,0.467992,-0.00411244,1
6,Gradient Descent,0.3,0.7,2234,0.244611,0.467937,-0.00411281,1
6,Gradient Descent,0.3,0.7,2235,0.244636,0.467882,-0.00411318,1
6,Gradient Descent,0.3,0.7,2236,0.244661,0.467826,-0.00411355,1
6,Gradient Descent,0.3,0.7,2237,0.244686,0.467771,-0.00411391,1
6,Gradient Descent,0.3,0.7,2238,0.244711,0.467716,-0.00411428,1
6,Gradient Descent,0.3,0.7,2239,0.244737,0.467661,-0.00411465,1
6,Gradient Descent,0.3,0.7,2240,0.244762,0.467606,-0.00411501,1
6,Gradient Descent,0.3,0.7,2241,0.244787,0.467551,-0.00411538,1
6,Gradient Descent,0.3,0.7,2242,0.244812,0.467496,-0.00411574,1
6,Gradient Descent,0.3,0.7,2243,0.244837,0.467441,-0.00411611,1
6,Gradient Descent,0.3,0.7,2244,0.244862,0.467386,-0.00411648,1
6,Gradient Descent,0.3,0.7,2245,0.244887,0.467331,-0.00411684,1
6,Gradient Descent,0.3,0.7,2246,0.244912,0.467276,-0.0041172,1
6,Gradient Descent,0.3,0.7,2247,0.244937,0.467221,-0.00411757,1
6,Gradient Descent,0.3,0.7,2248,0.244962,0.467166,-0.00411793,1
6,Gradient Descent,0.3,0.7,2249,0.244987,0.467111,-0.0041183,1
6,Gradient Descent,0.3,0.7,2250,0.245012,0.467056,-0.00411866,1
6,Gradient Descent,0.3,0.7,2251,0.245037,0.467001,-0.00411903,1
6,Gradient Descent,0.3,0.7,2252,0.245062,0.466947,-0.00411939,1
6,Gradient Descent,0.3,0.7,2253,0.245087,0.466892,-0.00411975,1
6,Gradient Descent,0.3,0.7,2254,0.245112,0.466837,-0.00412012,1
6,Gradient Descent,0.3,0.7,2255,0.245137,0.466782,-0.00412048,1
6,Gradient Descent,0.3,0.7,2256,0.245162,0.466727,-0.00412084,1
6,Gradient Descent,0.3,0.7,2257,0.245188,0.466673,-0.0041212,1
6,Gradient Descent,0.3,0.7,2258,0.245213,0.466618,-0.00412157,1
6,Gradient Descent,0.3,0.7,2259,0.245238,0.466563,-0.00412193,1
6,Gradient Descent,0.3,0.7,2260,0.245263,0.466509,-0.00412229,1
6,Gradient Descent,0.3,0.7,2261,0.245288,0.466454,-0.00412265,1
6,Gradient Descent,0.3,0.7,2262,0.245313,0.466399,-0.00412301,1
6,Gradient Descent,0.3,0.7,2263,0.245338,0.466345,-0.00412337,1
6,Gradient Descent,0.3,0.7,2264,0.245363,0.46629,-0.00412373,1
6,Gradient Descent,0.3,0.7,2265,0.245388,0.466235,-0.00412409,1
6,Gradient Descent,0.3,0.7,2266,0.245413,0.466181,-0.00412445,1
6,Gradient Descent,0.3,0.7,2267,0.245438,0.466126,-0.00412481,1
6,Gradient Descent,0.3,0.7,2268,0.245463,0.466072,-0.00412517,1
6,Gradient Descent,0.3,0.7,2269,0.245488,0.466017,-0.00412553,1
6,Gradient Descent,0.3,0.7,2270,0.245513,0.465963,-0.00412589,1
6,Gradient Descent,0.3,0.7,2271,0.245538,0.465908,-0.00412625,1
6,Gradient Descent,0.3,0.7,2272,0.245563,0.465854,-0.00412661,1
6,Gradient Descent,0.3,0.7,2273,0.245588,0.4658,-0.00412697,1
6,Gradient Descent,0.3,0.7,2274,0.245613,0.465745,-0.00412733,1
6,Gradient Descent,0.3,0.7,2275,0.245639,0.465691,-0.00412769,1
6,Gradient Descent,0.3,0.7,2276,0.245664,0.465636,-0.00412805,1
6,Gradient Descent,0.3,0.7,2277,0.245689,0.465582,-0.0041284,1
6,Gradient Descent,0.3,0.7,2278,0.245714,0.465528,-0.00412876,1
6,Gradient Descent,0.3,0.7,2279,0.245739,0.465474,-0.00412912,1
6,Gradient Descent,0.3,0.7,2280,0.245764,0.465419,-0.00412948,1
6,Gradient Descent,0.3,0.7,2281,0.245789,0.465365,-0.00412983,1
6,Gradient Descent,0.3,0.7,2282,0.245814,0.465311,-0.00413019,1
6,Gradient Descent,0.3,0.7,2283,0.245839,0.465257,-0.00413055,1
6,Gradient Descent,0.3,0.7,2284,0.245864,0.465202,-0.0041309,1
6,Gradient Descent,0.3,0.7,2285,0.245889,0.465148,-0.00413126,1
6,Gradient Descent,0.3,0.7,2286,0.245914,0.465094,-0.00413161,1
6,Gradient Descent,0.3,0.7,2287,0.245939,0.46504,-0.00413197,1
6,Gradient Descent,0.3,0.7,2288,0.245964,0.464986,-0.00413233,1
6,Gradient Descent,0.3,0.7,2289,0.245989,0.464932,-0.00413268,1
6,Gradient Descent,0.3,0.7,2290,0.246014,0.464878,-0.00413304,1
6,Gradient Descent,0.3,0.7,2291,0.246039,0.464824,-0.00413339,1
6,Gradient Descent,0.3,0.7,2292,0.246064,0.46477,-0.00413375,1
6,Gradient Descent,0.3,0.7,2293,0.246089,0.464716,-0.0041341,1
6,Gradient Descent,0.3,0.7,2294,0.246114,0.464662,-0.00413445,1
6,Gradient Descent,0.3,0.7,2295,0.246139,0.464608,-0.00413481,1
6,Gradient Descent,0.3,0.7,2296,0.246164,0.464554,-0.00413516,1
6,Gradient Descent,0.3,0.7,2297,0.246189,0.4645,-0.00413552,1
6,Gradient Descent,0.3,0.7,2298,0.246215,0.464446,-0.00413587,1
6,Gradient Descent,0.3,0.7,2299,0.24624,0.464392,-0.00413622,1
6,Gradient Descent,0.3,0.7,2300,0.246265,0.464338,-0.00413657,1
6,Gradient Descent,0.3,0.7,2301,0.24629,0.464284,-0.00413693,1
6,Gradient Descent,0.3,0.7,2302,0.246315,0.46423,-0.00413728,1
6,Gradient Descent,0.3,0.7,2303,0.24634,0.464177,-0.00413763,1
6,Gradient Descent,0.3,0.7,2304,0.246365,0.464123,-0.00413798,1
6,Gradient Descent,0.3,0.7,2305,0.24639,0.464069,-0.00413834,1
6,Gradient Descent,0.3,0.7,2306,0.246415,0.464015,-0.00413869,1
6,Gradient Descent,0.3,0.7,2307,0.24644,0.463961,-0.00413904,1
6,Gradient Descent,0.3,0.7,2308,0.246465,0.463908,-0.00413939,1
6,Gradient Descent,0.3,0.7,2309,0.24649,0.463854,-0.00413974,1
6,Gradient Descent,0.3,0.7,2310,0.246515,0.4638,-0.00414009,1
6,Gradient Descent,0.3,0.7,2311,0.24654,0.463747,-0.00414044,1
6,Gradient Descent,0.3,0.7,2312,0.246565,0.463693,-0.00414079,1
6,Gradient Descent,0.3,0.7,2313,0.24659,0.46364,-0.00414114,1
6,Gradient Descent,0.3,0.7,2314,0.246615,0.463586,-0.00414149,1
6,Gradient Descent,0.3,0.7,2315,0.24664,0.463532,-0.00414184,1
6,Gradient Descent,0.3,0.7,2316,0.246665,0.463479,-0.00414219,1
6,Gradient Descent,0.3,0.7,2317,0.24669,0.463425,-0.00414254,1
6,Gradient Descent,0.3,0.7,2318,0.246715,0.463372,-0.00414289,1
6,Gradient Descent,0.3,0.7,2319,0.24674,0.463318,-0.00414324,1
6,Gradient Descent,0.3,0.7,2320,0.246765,0.463265,-0.00414359,1
6,Gradient Descent,0.3,0.7,2321,0.24679,0.463211,-0.00414393,1
6,Gradient Descent,0.3,0.7,2322,0.246815,0.463158,-0.00414428,1
6,Gradient Descent,0.3,0.7,2323,0.24684,0.463104,-0.00414463,1
6,Gradient Descent,0.3,0.7,2324,0.246865,0.463051,-0.00414498,1
6,Gradient Descent,0.3,0.7,2325,0.24689,0.462998,-0.00414532,1
6,Gradient Descent,0.3,0.7,2326,0.246915,0.462944,-0.00414567,1
6,Gradient Descent,0.3,0.7,2327,0.24694,0.462891,-0.00414602,1
6,Gradient Descent,0.3,0.7,2328,0.246965,0.462838,-0.00414637,1
6,Gradient Descent,0.3,0.7,2329,0.24699,0.462784,-0.00414671,1
6,Gradient Descent,0.3,0.7,2330,0.247015,0.462731,-0.00414706,1
6,Gradient Descent,0.3,0.7,2331,0.24704,0.462678,-0.0041474,1
6,Gradient Descent,0.3,0.7,2332,0.247065,0.462625,-0.00414775,1
6,Gradient Descent,0.3,0.7,2333,0.24709,0.462571,-0.0041481,1
6,Gradient Descent,0.3,0.7,2334,0.247115,0.462518,-0.00414844,1
6,Gradient Descent,0.3,0.7,2335,0.24714,0.462465,-0.00414879,1
6,Gradient Descent,0.3,0.7,2336,0.247165,0.462412,-0.00414913,1
6,Gradient Descent,0.3,0.7,2337,0.24719,0.462359,-0.00414948,1
6,Gradient Descent,0.3,0.7,2338,0.247215,0.462306,-0.00414982,1
6,Gradient Descent,0.3,0.7,2339,0.24724,0.462253,-0.00415017,1
6,Gradient Descent,0.3,0.7,2340,0.247265,0.462199,-0.00415051,1
6,Gradient Descent,0.3,0.7,2341,0.24729,0.462146,-0.00415085,1
6,Gradient Descent,0.3,0.7,2342,0.247315,0.462093,-0.0041512,1
6,Gradient Descent,0.3,0.7,2343,0.24734,0.46204,-0.00415154,1
6,Gradient Descent,0.3,0.7,2344,0.247365,0.461987,-0.00415188,1
6,Gradient Descent,0.3,0.7,2345,0.24739,0.461934,-0.00415223,1
6,Gradient Descent,0.3,0.7,2346,0.247415,0.461881,-0.00415257,1
6,Gradient Descent,0.3,0.7,2347,0.24744,0.461828,-0.00415291,1
6,Gradient Descent,0.3,0.7,2348,0.247465,0.461776,-0.00415326,1
6,Gradient Descent,0.3,0.7,2349,0.24749,0.461723,-0.0041536,1
6,Gradient Descent,0.3,0.7,2350,0.247515,0.46167,-0.00415394,1
6,Gradient Descent,0.3,0.7,2351,0.24754,0.461617,-0.00415428,1
6,Gradient Descent,0.3,0.7,2352,0.247565,0.461564,-0.00415462,1
6,Gradient Descent,0.3,0.7,2353,0.24759,0.461511,-0.00415496,1
6,Gradient Descent,0.3,0.7,2354,0.247615,0.461458,-0.00415531,1
6,Gradient Descent,0.3,0.7,2355,0.24764,0.461406,-0.00415565,1
6,Gradient Descent,0.3,0.7,2356,0.247665,0.461353,-0.00415599,1
6,Gradient Descent,0.3,0.7,2357,0.24769,0.4613,-0.00415633,1
6,Gradient Descent,0.3,0.7,2358,0.247715,0.461247,-0.00415667,1
6,Gradient Descent,0.3,0.7,2359,0.24774,0.461195,-0.00415701,1
6,Gradient Descent,0.3,0.7,2360,0.247765,0.461142,-0.00415735,1
6,Gradient Descent,0.3,0.7,2361,0.24779,0.461089,-0.00415769,1
6,Gradient Descent,0.3,0.7,2362,0.247815,0.461037,-0.00415803,1
6,Gradient Descent,0.3,0.7,2363,0.24784,0.460984,-0.00415837,1
6,Gradient Descent,0.3,0.7,2364,0.247865,0.460931,-0.00415871,1
6,Gradient Descent,0.3,0.7,2365,0.24789,0.460879,-0.00415904,1
6,Gradient Descent,0.3,0.7,2366,0.247915,0.460826,-0.00415938,1
6,Gradient Descent,0.3,0.7,2367,0.24794,0.460774,-0.00415972,1
6,Gradient Descent,0.3,0.7,2368,0.247965,0.460721,-0.00416006,1
6,Gradient Descent,0.3,0.7,2369,0.24799,0.460669,-0.0041604,1
6,Gradient Descent,0.3,0.7,2370,0.248015,0.460616,-0.00416074,1
6,Gradient Descent,0.3,0.7,2371,0.24804,0.460564,-0.00416107,1
6,Gradient Descent,0.3,0.7,2372,0.248065,0.460511,-0.00416141,1
6,Gradient Descent,0.3,0.7,2373,0.24809,0.460459,-0.00416175,1
6,Gradient Descent,0.3,0.7,2374,0.248115,0.460407,-0.00416208,1
6,Gradient Descent,0.3,0.7,2375,0.24814,0.460354,-0.00416242,1
6,Gradient Descent,0.3,0.7,2376,0.248165,0.460302,-0.00416276,1
6,Gradient Descent,0.3,0.7,2377,0.24819,0.460249,-0.00416309,1
6,Gradient Descent,0.3,0.7,2378,0.248214,0.460197,-0.00416343,1
6,Gradient Descent,0.3,0.7,2379,0.248239,0.460145,-0.00416377,1
6,Gradient Descent,0.3,0.7,2380,0.248264,0.460092,-0.0041641,1
6,Gradient Descent,0.3,0.7,2381,0.248289,0.46004,-0.00416444,1
6,Gradient Descent,0.3,0.7,2382,0.248314,0.459988,-0.00416477,1
6,Gradient Descent,0.3,0.7,2383,0.248339,0.459936,-0.00416511,1
6,Gradient Descent,0.3,0.7,2384,0.248364,0.459883,-0.00416544,1
6,Gradient Descent,0.3,0.7,2385,0.248389,0.459831,-0.00416578,1
6,Gradient Descent,0.3,0.7,2386,0.248414,0.459779,-0.00416611,1
6,Gradient Descent,0.3,0.7,2387,0.248439,0.459727,-0.00416645,1
6,Gradient Descent,0.3,0.7,2388,0.248464,0.459675,-0.00416678,1
6,Gradient Descent,0.3,0.7,2389,0.248489,0.459623,-0.00416711,1
6,Gradient Descent,0.3,0.7,2390,0.248514,0.459571,-0.00416745,1
6,Gradient Descent,0.3,0.7,2391,0.248539,0.459518,-0.00416778,1
6,Gradient Descent,0.3,0.7,2392,0.248564,0.459466,-0.00416811,1
6,Gradient Descent,0.3,0.7,2393,0.248589,0.459414,-0.00416845,1
6,Gradient Descent,0.3,0.7,2394,0.248613,0.459362,-0.00416878,1
6,Gradient Descent,0.3,0.7,2395,0.248638,0.45931,-0.00416911,1
6,Gradient Descent,0.3,0.7,2396,0.248663,0.459258,-0.00416944,1
6,Gradient Descent,0.3,0.7,2397,0.248688,0.459206,-0.00416978,1
6,Gradient Descent,0.3,0.7,2398,0.248713,0.459154,-0.00417011,1
6,Gradient Descent,0.3,0.7,2399,0.248738,0.459103,-0.00417044,1
6,Gradient Descent,0.3,0.7,2400,0.248763,0.459051,-0.00417077,1
6,Gradient Descent,0.3,0.7,2401,0.248788,0.458999,-0.0041711,1
6,Gradient Descent,0.3,0.7,2402,0.248813,0.458947,-0.00417143,1
6,Gradient Descent,0.3,0.7,2403,0.248838,0.458895,-0.00417176,1
6,Gradient Descent,0.3,0.7,2404,0.248863,0.458843,-0.00417209,1
6,Gradient Descent,0.3,0.7,2405,0.248888,0.458791,-0.00417243,1
6,Gradient Descent,0.3,0.7,2406,0.248912,0.45874,-0.00417276,1
6,Gradient Descent,0.3,0.7,2407,0.248937,0.458688,-0.00417309,1
6,Gradient Descent,0.3,0.7,2408,0.248962,0.458636,-0.00417342,1
6,Gradient Descent,0.3,0.7,2409,0.248987,0.458584,-0.00417374,1
6,Gradient Descent,0.3,0.7,2410,0.249012,0.458533,-0.00417407,1
6,Gradient Descent,0.3,0.7,2411,0.249037,0.458481,-0.0041744,1
6,Gradient Descent,0.3,0.7,2412,0.249062,0.458429,-0.00417473,1
6,Gradient Descent,0.3,0.7,2413,0.249087,0.458378,-0.00417506,1
6,Gradient Descent,0.3,0.7,2414,0.249112,0.458326,-0.00417539,1
6,Gradient Descent,0.3,0.7,2415,0.249137,0.458274,-0.00417572,1
6,Gradient Descent,0.3,0.7,2416,0.249161,0.458223,-0.00417605,1
6,Gradient Descent,0.3,0.7,2417,0.249186,0.458171,-0.00417637,1
6,Gradient Descent,0.3,0.7,2418,0.249211,0.45812,-0.0041767,1
6,Gradient Descent,0.3,0.7,2419,0.249236,0.458068,-0.00417703,1
6,Gradient Descent,0.3,0.7,2420,0.249261,0.458017,-0.00417736,1
6,Gradient Descent,0.3,0.7,2421,0.249286,0.457965,-0.00417768,1
6,Gradient Descent,0.3,0.7,2422,0.249311,0.457914,-0.00417801,1
6,Gradient Descent,0.3,0.7,2423,0.249336,0.457862,-0.00417834,1
6,Gradient Descent,0.3,0.7,2424,0.249361,0.457811,-0.00417866,1
6,Gradient Descent,0.3,0.7,2425,0.249385,0.457759,-0.00417899,1
6,Gradient Descent,0.3,0.7,2426,0.24941,0.457708,-0.00417932,1
6,Gradient Descent,0.3,0.7,2427,0.249435,0.457656,-0.00417964,1
6,Gradient Descent,0.3,0.7,2428,0.24946,0.457605,-0.00417997,1
6,Gradient Descent,0.3,0.7,2429,0.249485,0.457554,-0.00418029,1
6,Gradient Descent,0.3,0.7,2430,0.24951,0.457502,-0.00418062,1
6,Gradient Descent,0.3,0.7,2431,0.249535,0.457451,-0.00418094,1
6,Gradient Descent,0.3,0.7,2432,0.24956,0.4574,-0.00418127,1
6,Gradient Descent,0.3,0.7,2433,0.249584,0.457349,-0.00418159,1
6,Gradient Descent,0.3,0.7,2434,0.249609,0.457297,-0.00418192,1
6,Gradient Descent,0.3,0.7,2435,0.249634,0.457246,-0.00418224,1
6,Gradient Descent,0.3,0.7,2436,0.249659,0.457195,-0.00418257,1
6,Gradient Descent,0.3,0.7,2437,0.249684,0.457144,-0.00418289,1
6,Gradient Descent,0.3,0.7,2438,0.249709,0.457092,-0.00418321,1
6,Gradient Descent,0.3,0.7,2439,0.249733,0.457041,-0.00418354,1
6,Gradient Descent,0.3,0.7,2440,0.249758,0.45699,-0.00418386,1
6,Gradient Descent,0.3,0.7,2441,0.249783,0.456939,-0.00418418,1
6,Gradient Descent,0.3,0.7,2442,0.249808,0.456888,-0.00418451,1
6,Gradient Descent,0.3,0.7,2443,0.249833,0.456837,-0.00418483,1
6,Gradient Descent,0.3,0.7,2444,0.249858,0.456786,-0.00418515,1
6,Gradient Descent,0.3,0.7,2445,0.249883,0.456735,-0.00418547,1
6,Gradient Descent,0.3,0.7,2446,0.249907,0.456684,-0.00418579,1
6,Gradient Descent,0.3,0.7,2447,0.249932,0.456633,-0.00418612,1
6,Gradient Descent,0.3,0.7,2448,0.249957,0.456582,-0.00418644,1
6,Gradient Descent,0.3,0.7,2449,0.249982,0.456531,-0.00418676,1
6,Gradient Descent,0.3,0.7,2450,0.250007,0.45648,-0.00418708,1
6,Gradient Descent,0.3,0.7,2451,0.250032,0.456429,-0.0041874,1
6,Gradient Descent,0.3,0.7,2452,0.250056,0.456378,-0.00418772,1
6,Gradient Descent,0.3,0.7,2453,0.250081,0.456327,-0.00418804,1
6,Gradient Descent,0.3,0.7,2454,0.250106,0.456276,-0.00418836,1
6,Gradient Descent,0.3,0.7,2455,0.250131,0.456225,-0.00418868,1
6,Gradient Descent,0.3,0.7,2456,0.250156,0.456175,-0.004189,1
6,Gradient Descent,0.3,0.7,2457,0.25018,0.456124,-0.00418932,1
6,Gradient Descent,0.3,0.7,2458,0.250205,0.456073,-0.00418964,1
6,Gradient Descent,0.3,0.7,2459,0.25023,0.456022,-0.00418996,1
6,Gradient Descent,0.3,0.7,2460,0.250255,0.455971,-0.00419028,1
6,Gradient Descent,0.3,0.7,2461,0.25028,0.455921,-0.0041906,1
6,Gradient Descent,0.3,0.7,2462,0.250304,0.45587,-0.00419092,1
6,Gradient Descent,0.3,0.7,2463,0.250329,0.455819,-0.00419124,1
6,Gradient Descent,0.3,0.7,2464,0.250354,0.455769,-0.00419156,1
6,Gradient Descent,0.3,0.7,2465,0.250379,0.455718,-0.00419187,1
6,Gradient Descent,0.3,0.7,2466,0.250404,0.455667,-0.00419219,1
6,Gradient Descent,0.3,0.7,2467,0.250428,0.455617,-0.00419251,1
6,Gradient Descent,0.3,0.7,2468,0.250453,0.455566,-0.00419283,1
6,Gradient Descent,0.3,0.7,2469,0.250478,0.455515,-0.00419314,1
6,Gradient Descent,0.3,0.7,2470,0.250503,0.455465,-0.00419346,1
6,Gradient Descent,0.3,0.7,2471,0.250528,0.455414,-0.00419378,1
6,Gradient Descent,0.3,0.7,2472,0.250552,0.455364,-0.00419409,1
6,Gradient Descent,0.3,0.7,2473,0.250577,0.455313,-0.00419441,1
6,Gradient Descent,0.3,0.7,2474,0.250602,0.455263,-0.00419473,1
6,Gradient Descent,0.3,0.7,2475,0.250627,0.455212,-0.00419504,1
6,Gradient Descent,0.3,0.7,2476,0.250651,0.455162,-0.00419536,1
6,Gradient Descent,0.3,0.7,2477,0.250676,0.455111,-0.00419567,1
6,Gradient Descent,0.3,0.7,2478,0.250701,0.455061,-0.00419599,1
6,Gradient Descent,0.3,0.7,2479,0.250726,0.455011,-0.00419631,1
6,Gradient Descent,0.3,0.7,2480,0.250751,0.45496,-0.00419662,1
6,Gradient Descent,0.3,0.7,2481,0.250775,0.45491,-0.00419694,1
6,Gradient Descent,0.3,0.7,2482,0.2508,0.45486,-0.00419725,1
6,Gradient Descent,0.3,0.7,2483,0.250825,0.454809,-0.00419756,1
6,Gradient Descent,0.3,0.7,2484,0.25085,0.454759,-0.00419788,1
6,Gradient Descent,0.3,0.7,2485,0.250874,0.454709,-0.00419819,1
6,Gradient Descent,0.3,0.7,2486,0.250899,0.454658,-0.00419851,1
6,Gradient Descent,0.3,0.7,2487,0.250924,0.454608,-0.00419882,1
6,Gradient Descent,0.3,0.7,2488,0.250949,0.454558,-0.00419913,1
6,Gradient Descent,0.3,0.7,2489,0.250973,0.454508,-0.00419945,1
6,Gradient Descent,0.3,0.7,2490,0.250998,0.454457,-0.00419976,1
6,Gradient Descent,0.3,0.7,2491,0.251023,0.454407,-0.00420007,1
6,Gradient Descent,0.3,0.7,2492,0.251048,0.454357,-0.00420039,1
6,Gradient Descent,0.3,0.7,2493,0.251072,0.454307,-0.0042007,1
6,Gradient Descent,0.3,0.7,2494,0.251097,0.454257,-0.00420101,1
6,Gradient Descent,0.3,0.7,2495,0.251122,0.454207,-0.00420132,1
6,Gradient Descent,0.3,0.7,2496,0.251146,0.454157,-0.00420163,1
6,Gradient Descent,0.3,0.7,2497,0.251171,0.454107,-0.00420195,1
6,Gradient Descent,0.3,0.7,2498,0.251196,0.454057,-0.00420226,1
6,Gradient Descent,0.3,0.7,2499,0.251221,0.454007,-0.00420257,1
6,Gradient Descent,0.3,0.7,2500,0.251245,0.453957,-0.00420288,1
6,Gradient Descent,0.3,0.7,2501,0.25127,0.453907,-0.00420319,1
6,Gradient Descent,0.3,0.7,2502,0.251295,0.453857,-0.0042035,1
6,Gradient Descent,0.3,0.7,2503,0.251319,0.453807,-0.00420381,1
6,Gradient Descent,0.3,0.7,2504,0.251344,0.453757,-0.00420412,1
6,Gradient Descent,0.3,0.7,2505,0.251369,0.453707,-0.00420443,1
6,Gradient Descent,0.3,0.7,2506,0.251394,0.453657,-0.00420474,1
6,Gradient Descent,0.3,0.7,2507,0.251418,0.453607,-0.00420505,1
6,Gradient Descent,0.3,0.7,2508,0.251443,0.453557,-0.00420536,1
6,Gradient Descent,0.3,0.7,2509,0.251468,0.453507,-0.00420567,1
6,Gradient Descent,0.3,0.7,2510,0.251492,0.453458,-0.00420598,1
6,Gradient Descent,0.3,0.7,2511,0.251517,0.453408,-0.00420629,1
6,Gradient Descent,0.3,0.7,2512,0.251542,0.453358,-0.0042066,1
6,Gradient Descent,0.3,0.7,2513,0.251566,0.453308,-0.00420691,1
6,Gradient Descent,0.3,0.7,2514,0.251591,0.453259,-0.00420721,1
6,Gradient Descent,0.3,0.7,2515,0.251616,0.453209,-0.00420752,1
6,Gradient Descent,0.3,0.7,2516,0.25164,0.453159,-0.00420783,1
6,Gradient Descent,0.3,0.7,2517,0.251665,0.453109,-0.00420814,1
6,Gradient Descent,0.3,0.7,2518,0.25169,0.45306,-0.00420845,1
6,Gradient Descent,0.3,0.7,2519,0.251714,0.45301,-0.00420875,1
6,Gradient Descent,0.3,0.7,2520,0.251739,0.45296,-0.00420906,1
6,Gradient Descent,0.3,0.7,2521,0.251764,0.452911,-0.00420937,1
6,Gradient Descent,0.3,0.7,2522,0.251788,0.452861,-0.00420967,1
6,Gradient Descent,0.3,0.7,2523,0.251813,0.452812,-0.00420998,1
6,Gradient Descent,0.3,0.7,2524,0.251838,0.452762,-0.00421029,1
6,Gradient Descent,0.3,0.7,2525,0.251862,0.452713,-0.00421059,1
6,Gradient Descent,0.3,0.7,2526,0.251887,0.452663,-0.0042109,1
6,Gradient Descent,0.3,0.7,2527,0.251912,0.452614,-0.0042112,1
6,Gradient Descent,0.3,0.7,2528,0.251936,0.452564,-0.00421151,1
6,Gradient Descent,0.3,0.7,2529,0.251961,0.452515,-0.00421181,1
6,Gradient Descent,0.3,0.7,2530,0.251986,0.452465,-0.00421212,1
6,Gradient Descent,0.3,0.7,2531,0.25201,0.452416,-0.00421242,1
6,Gradient Descent,0.3,0.7,2532,0.252035,0.452366,-0.00421273,1
6,Gradient Descent,0.3,0.7,2533,0.25206,0.452317,-0.00421303,1
6,Gradient Descent,0.3,0.7,2534,0.252084,0.452268,-0.00421334,1
6,Gradient Descent,0.3,0.7,2535,0.252109,0.452218,-0.00421364,1
6,Gradient Descent,0.3,0.7,2536,0.252133,0.452169,-0.00421395,1
6,Gradient Descent,0.3,0.7,2537,0.252158,0.45212,-0.00421425,1
6,Gradient Descent,0.3,0.7,2538,0.252183,0.45207,-0.00421455,1
6,Gradient Descent,0.3,0.7,2539,0.252207,0.452021,-0.00421486,1
6,Gradient Descent,0.3,0.7,2540,0.252232,0.451972,-0.00421516,1
6,Gradient Descent,0.3,0.7,2541,0.252257,0.451923,-0.00421546,1
6,Gradient Descent,0.3,0.7,2542,0.252281,0.451873,-0.00421577,1
6,Gradient Descent,0.3,0.7,2543,0.252306,0.451824,-0.00421607,1
6,Gradient Descent,0.3,0.7,2544,0.25233,0.451775,-0.00421637,1
6,Gradient Descent,0.3,0.7,2545,0.252355,0.451726,-0.00421667,1
6,Gradient Descent,0.3,0.7,2546,0.25238,0.451677,-0.00421698,1
6,Gradient Descent,0.3,0.7,2547,0.252404,0.451627,-0.00421728,1
6,Gradient Descent,0.3,0.7,2548,0.252429,0.451578,-0.00421758,1
6,Gradient Descent,0.3,0.7,2549,0.252453,0.451529,-0.00421788,1
6,Gradient Descent,0.3,0.7,2550,0.252478,0.45148,-0.00421818,1
6,Gradient Descent,0.3,0.7,2551,0.252502,0.451431,-0.00421848,1
6,Gradient Descent,0.3,0.7,2552,0.252527,0.451382,-0.00421878,1
6,Gradient Descent,0.3,0.7,2553,0.252552,0.451333,-0.00421908,1
6,Gradient Descent,0.3,0.7,2554,0.252576,0.451284,-0.00421938,1
6,Gradient Descent,0.3,0.7,2555,0.252601,0.451235,-0.00421969,1
6,Gradient Descent,0.3,0.7,2556,0.252625,0.451186,-0.00421999,1
6,Gradient Descent,0.3,0.7,2557,0.25265,0.451137,-0.00422029,1
6,Gradient Descent,0.3,0.7,2558,0.252675,0.451088,-0.00422058,1
6,Gradient Descent,0.3,0.7,2559,0.252699,0.451039,-0.00422088,1
6,Gradient Descent,0.3,0.7,2560,0.252724,0.45099,-0.00422118,1
6,Gradient Descent,0.3,0.7,2561,0.252748,0.450942,-0.00422148,1
6,Gradient Descent,0.3,0.7,2562,0.252773,0.450893,-0.00422178,1
6,Gradient Descent,0.3,0.7,2563,0.252797,0.450844,-0.00422208,1
6,Gradient Descent,0.3,0.7,2564,0.252822,0.450795,-0.00422238,1
6,Gradient Descent,0.3,0.7,2565,0.252846,0.450746,-0.00422268,1
6,Gradient Descent,0.3,0.7,2566,0.252871,0.450697,-0.00422298,1
6,Gradient Descent,0.3,0.7,2567,0.252895,0.450649,-0.00422327,1
6,Gradient Descent,0.3,0.7,2568,0.25292,0.4506,-0.00422357,1
6,Gradient Descent,0.3,0.7,2569,0.252945,0.450551,-0.00422387,1
6,Gradient Descent,0.3,0.7,2570,0.252969,0.450503,-0.00422417,1
6,Gradient Descent,0.3,0.7,2571,0.252994,0.450454,-0.00422446,1
6,Gradient Descent,0.3,0.7,2572,0.253018,0.450405,-0.00422476,1
6,Gradient Descent,0.3,0.7,2573,0.253043,0.450357,-0.00422506,1
6,Gradient Descent,0.3,0.7,2574,0.253067,0.450308,-0.00422535,1
6,Gradient Descent,0.3,0.7,2575,0.253092,0.450259,-0.00422565,1
6,Gradient Descent,0.3,0.7,2576,0.253116,0.450211,-0.00422595,1
6,Gradient Descent,0.3,0.7,2577,0.253141,0.450162,-0.00422624,1
6,Gradient Descent,0.3,0.7,2578,0.253165,0.450114,-0.00422654,1
6,Gradient Descent,0.3,0.7,2579,0.25319,0.450065,-0.00422683,1
6,Gradient Descent,0.3,0.7,2580,0.253214,0.450016,-0.00422713,1
6,Gradient Descent,0.3,0.7,2581,0.253239,0.449968,-0.00422742,1
6,Gradient Descent,0.3,0.7,2582,0.253263,0.449919,-0.00422772,1
6,Gradient Descent,0.3,0.7,2583,0.253288,0.449871,-0.00422801,1
6,Gradient Descent,0.3,0.7,2584,0.253312,0.449823,-0.00422831,1
6,Gradient Descent,0.3,0.7,2585,0.253337,0.449774,-0.0042286,1
6,Gradient Descent,0.3,0.7,2586,0.253361,0.449726,-0.0042289,1
6,Gradient Descent,0.3,0.7,2587,0.253386,0.449677,-0.00422919,1
6,Gradient Descent,0.3,0.7,2588,0.25341,0.449629,-0.00422949,1
6,Gradient Descent,0.3,0.7,2589,0.253435,0.449581,-0.00422978,1
6,Gradient Descent,0.3,0.7,2590,0.253459,0.449532,-0.00423007,1
6,Gradient Descent,0.3,0.7,2591,0.253484,0.449484,-0.00423037,1
6,Gradient Descent,0.3,0.7,2592,0.253508,0.449436,-0.00423066,1
6,Gradient Descent,0.3,0.7,2593,0.253533,0.449387,-0.00423095,1
6,Gradient Descent,0.3,0.7,2594,0.253557,0.449339,-0.00423125,1
6,Gradient Descent,0.3,0.7,2595,0.253581,0.449291,-0.00423154,1
6,Gradient Descent,0.3,0.7,2596,0.253606,0.449243,-0.00423183,1
6,Gradient Descent,0.3,0.7,2597,0.25363,0.449194,-0.00423212,1
6,Gradient Descent,0.3,0.7,2598,0.253655,0.449146,-0.00423241,1
6,Gradient Descent,0.3,0.7,2599,0.253679,0.449098,-0.00423271,1
6,Gradient Descent,0.3,0.7,2600,0.253704,0.44905,-0.004233,1
6,Gradient Descent,0.3,0.7,2601,0.253728,0.449002,-0.00423329,1
6,Gradient Descent,0.3,0.7,2602,0.253753,0.448954,-0.00423358,1
6,Gradient Descent,0.3,0.7,2603,0.253777,0.448905,-0.00423387,1
6,Gradient Descent,0.3,0.7,2604,0.253801,0.448857,-0.00423416,1
6,Gradient Descent,0.3,0.7,2605,0.253826,0.448809,-0.00423445,1
6,Gradient Descent,0.3,0.7,2606,0.25385,0.448761,-0.00423474,1
6,Gradient Descent,0.3,0.7,2607,0.253875,0.448713,-0.00423503,1
6,Gradient Descent,0.3,0.7,2608,0.253899,0.448665,-0.00423532,1
6,Gradient Descent,0.3,0.7,2609,0.253924,0.448617,-0.00423561,1
6,Gradient Descent,0.3,0.7,2610,0.253948,0.448569,-0.0042359,1
6,Gradient Descent,0.3,0.7,2611,0.253972,0.448521,-0.00423619,1
6,Gradient Descent,0.3,0.7,2612,0.253997,0.448473,-0.00423648,1
6,Gradient Descent,0.3,0.7,2613,0.254021,0.448425,-0.00423677,1
6,Gradient Descent,0.3,0.7,2614,0.254046,0.448378,-0.00423706,1
6,Gradient Descent,0.3,0.7,2615,0.25407,0.44833,-0.00423735,1
6,Gradient Descent,0.3,0.7,2616,0.254094,0.448282,-0.00423764,1
6,Gradient Descent,0.3,0.7,2617,0.254119,0.448234,-0.00423793,1
6,Gradient Descent,0.3,0.7,2618,0.254143,0.448186,-0.00423822,1
6,Gradient Descent,0.3,0.7,2619,0.254168,0.448138,-0.0042385,1
6,Gradient Descent,0.3,0.7,2620,0.254192,0.44809,-0.00423879,1
6,Gradient Descent,0.3,0.7,2621,0.254216,0.448043,-0.00423908,1
6,Gradient Descent,0.3,0.7,2622,0.254241,0.447995,-0.00423937,1
6,Gradient Descent,0.3,0.7,2623,0.254265,0.447947,-0.00423965,1
6,Gradient Descent,0.3,0.7,2624,0.254289,0.447899,-0.00423994,1
6,Gradient Descent,0.3,0.7,2625,0.254314,0.447852,-0.00424023,1
6,Gradient Descent,0.3,0.7,2626,0.254338,0.447804,-0.00424051,1
6,Gradient Descent,0.3,0.7,2627,0.254363,0.447756,-0.0042408,1
6,Gradient Descent,0.3,0.7,2628,0.254387,0.447709,-0.00424109,1
6,Gradient Descent,0.3,0.7,2629,0.254411,0.447661,-0.00424137,1
6,Gradient Descent,0.3,0.7,2630,0.254436,0.447613,-0.00424166,1
6,Gradient Descent,0.3,0.7,2631,0.25446,0.447566,-0.00424195,1
6,Gradient Descent,0.3,0.7,2632,0.254484,0.447518,-0.00424223,1
6,Gradient Descent,0.3,0.7,2633,0.254509,0.447471,-0.00424252,1
6,Gradient Descent,0.3,0.7,2634,0.254533,0.447423,-0.0042428,1
6,Gradient Descent,0.3,0.7,2635,0.254557,0.447376,-0.00424309,1
6,Gradient Descent,0.3,0.7,2636,0.254582,0.447328,-0.00424337,1
6,Gradient Descent,0.3,0.7,2637,0.254606,0.447281,-0.00424366,1
6,Gradient Descent,0.3,0.7,2638,0.25463,0.447233,-0.00424394,1
6,Gradient Descent,0.3,0.7,2639,0.254655,0.447186,-0.00424422,1
6,Gradient Descent,0.3,0.7,2640,0.254679,0.447138,-0.00424451,1
6,Gradient Descent,0.3,0.7,2641,0.254703,0.447091,-0.00424479,1
6,Gradient Descent,0.3,0.7,2642,0.254728,0.447043,-0.00424508,1
6,Gradient Descent,0.3,0.7,2643,0.254752,0.446996,-0.00424536,1
6,Gradient Descent,0.3,0.7,2644,0.254776,0.446949,-0.00424564,1
6,Gradient Descent,0.3,0.7,2645,0.2548,0.446901,-0.00424593,1
6,Gradient Descent,0.3,0.7,2646,0.254825,0.446854,-0.00424621,1
6,Gradient Descent,0.3,0.7,2647,0.254849,0.446807,-0.00424649,1
6,Gradient Descent,0.3,0.7,2648,0.254873,0.446759,-0.00424678,1
6,Gradient Descent,0.3,0.7,2649,0.254898,0.446712,-0.00424706,1
6,Gradient Descent,0.3,0.7,2650,0.254922,0.446665,-0.00424734,1
6,Gradient Descent,0.3,0.7,2651,0.254946,0.446618,-0.00424762,1
6,Gradient Descent,0.3,0.7,2652,0.25497,0.44657,-0.0042479,1
6,Gradient Descent,0.3,0.7,2653,0.254995,0.446523,-0.00424819,1
6,Gradient Descent,0.3,0.7,2654,0.255019,0.446476,-0.00424847,1
6,Gradient Descent,0.3,0.7,2655,0.255043,0.446429,-0.00424875,1
6,Gradient Descent,0.3,0.7,2656,0.255068,0.446382,-0.00424903,1
6,Gradient Descent,0.3,0.7,2657,0.255092,0.446335,-0.00424931,1
6,Gradient Descent,0.3,0.7,2658,0.255116,0.446287,-0.00424959,1
6,Gradient Descent,0.3,0.7,2659,0.25514,0.44624,-0.00424987,1
6,Gradient Descent,0.3,0.7,2660,0.255165,0.446193,-0.00425015,1
6,Gradient Descent,0.3,0.7,2661,0.255189,0.446146,-0.00425043,1
6,Gradient Descent,0.3,0.7,2662,0.255213,0.446099,-0.00425071,1
6,Gradient Descent,0.3,0.7,2663,0.255237,0.446052,-0.00425099,1
6,Gradient Descent,0.3,0.7,2664,0.255262,0.446005,-0.00425127,1
6,Gradient Descent,0.3,0.7,2665,0.255286,0.445958,-0.00425155,1
6,Gradient Descent,0.3,0.7,2666,0.25531,0.445911,-0.00425183,1
6,Gradient Descent,0.3,0.7,2667,0.255334,0.445864,-0.00425211,1
6,Gradient Descent,0.3,0.7,2668,0.255359,0.445817,-0.00425239,1
6,Gradient Descent,0.3,0.7,2669,0.255383,0.44577,-0.00425267,1
6,Gradient Descent,0.3,0.7,2670,0.255407,0.445723,-0.00425295,1
6,Gradient Descent,0.3,0.7,2671,0.255431,0.445677,-0.00425323,1
6,Gradient Descent,0.3,0.7,2672,0.255455,0.44563,-0.0042535,1
6,Gradient Descent,0.3,0.7,2673,0.25548,0.445583,-0.00425378,1
6,Gradient Descent,0.3,0.7,2674,0.255504,0.445536,-0.00425406,1
6,Gradient Descent,0.3,0.7,2675,0.255528,0.445489,-0.00425434,1
6,Gradient Descent,0.3,0.7,2676,0.255552,0.445442,-0.00425461,1
6,Gradient Descent,0.3,0.7,2677,0.255576,0.445396,-0.00425489,1
6,Gradient Descent,0.3,0.7,2678,0.255601,0.445349,-0.00425517,1
6,Gradient Descent,0.3,0.7,2679,0.255625,0.445302,-0.00425545,1
6,Gradient Descent,0.3,0.7,2680,0.255649,0.445255,-0.00425572,1
6,Gradient Descent,0.3,0.7,2681,0.255673,0.445209,-0.004256,1
6,Gradient Descent,0.3,0.7,2682,0.255697,0.445162,-0.00425628,1
6,Gradient Descent,0.3,0.7,2683,0.255721,0.445115,-0.00425655,1
6,Gradient Descent,0.3,0.7,2684,0.255746,0.445069,-0.00425683,1
6,Gradient Descent,0.3,0.7,2685,0.25577,0.445022,-0.0042571,1
6,Gradient Descent,0.3,0.7,2686,0.255794,0.444975,-0.00425738,1
6,Gradient Descent,0.3,0.7,2687,0.255818,0.444929,-0.00425765,1
6,Gradient Descent,0.3,0.7,2688,0.255842,0.444882,-0.00425793,1
6,Gradient Descent,0.3,0.7,2689,0.255866,0.444836,-0.00425821,1
6,Gradient Descent,0.3,0.7,2690,0.255891,0.444789,-0.00425848,1
6,Gradient Descent,0.3,0.7,2691,0.255915,0.444743,-0.00425875,1
6,Gradient Descent,0.3,0.7,2692,0.255939,0.444696,-0.00425903,1
6,Gradient Descent,0.3,0.7,2693,0.255963,0.44465,-0.0042593,1
6,Gradient Descent,0.3,0.7,2694,0.255987,0.444603,-0.00425958,1
6,Gradient Descent,0.3,0.7,2695,0.256011,0.444557,-0.00425985,1
6,Gradient Descent,0.3,0.7,2696,0.256035,0.44451,-0.00426013,1
6,Gradient Descent,0.3,0.7,2697,0.25606,0.444464,-0.0042604,1
6,Gradient Descent,0.3,0.7,2698,0.256084,0.444417,-0.00426067,1
6,Gradient Descent,0.3,0.7,2699,0.256108,0.444371,-0.00426095,1
6,Gradient Descent,0.3,0.7,2700,0.256132,0.444325,-0.00426122,1
6,Gradient Descent,0.3,0.7,2701,0.256156,0.444278,-0.00426149,1
6,Gradient Descent,0.3,0.7,2702,0.25618,0.444232,-0.00426177,1
6,Gradient Descent,0.3,0.7,2703,0.256204,0.444186,-0.00426204,1
6,Gradient Descent,0.3,0.7,2704,0.256228,0.444139,-0.00426231,1
6,Gradient Descent,0.3,0.7,2705,0.256252,0.444093,-0.00426258,1
6,Gradient Descent,0.3,0.7,2706,0.256277,0.444047,-0.00426285,1
6,Gradient Descent,0.3,0.7,2707,0.256301,0.444001,-0.00426313,1
6,Gradient Descent,0.3,0.7,2708,0.256325,0.443954,-0.0042634,1
6,Gradient Descent,0.3,0.7,2709,0.256349,0.443908,-0.00426367,1
6,Gradient Descent,0.3,0.7,2710,0.256373,0.443862,-0.00426394,1
6,Gradient Descent,0.3,0.7,2711,0.256397,0.443816,-0.00426421,1
6,Gradient Descent,0.3,0.7,2712,0.256421,0.44377,-0.00426448,1
6,Gradient Descent,0.3,0.7,2713,0.256445,0.443723,-0.00426475,1
6,Gradient Descent,0.3,0.7,2714,0.256469,0.443677,-0.00426502,1
6,Gradient Descent,0.3,0.7,2715,0.256493,0.443631,-0.0042653,1
6,Gradient Descent,0.3,0.7,2716,0.256517,0.443585,-0.00426557,1
6,Gradient Descent,0.3,0.7,2717,0.256541,0.443539,-0.00426584,1
6,Gradient Descent,0.3,0.7,2718,0.256565,0.443493,-0.00426611,1
6,Gradient Descent,0.3,0.7,2719,0.256589,0.443447,-0.00426638,1
6,Gradient Descent,0.3,0.7,2720,0.256613,0.443401,-0.00426664,1
6,Gradient Descent,0.3,0.7,2721,0.256637,0.443355,-0.00426691,1
6,Gradient Descent,0.3,0.7,2722,0.256662,0.443309,-0.00426718,1
6,Gradient Descent,0.3,0.7,2723,0.256686,0.443263,-0.00426745,1
6,Gradient Descent,0.3,0.7,2724,0.25671,0.443217,-0.00426772,1
6,Gradient Descent,0.3,0.7,2725,0.256734,0.443171,-0.00426799,1
6,Gradient Descent,0.3,0.7,2726,0.256758,0.443125,-0.00426826,1
6,Gradient Descent,0.3,0.7,2727,0.256782,0.443079,-0.00426853,1
6,Gradient Descent,0.3,0.7,2728,0.256806,0.443033,-0.00426879,1
6,Gradient Descent,0.3,0.7,2729,0.25683,0.442988,-0.00426906,1
6,Gradient Descent,0.3,0.7,2730,0.256854,0.442942,-0.00426933,1
6,Gradient Descent,0.3,0.7,2731,0.256878,0.442896,-0.0042696,1
6,Gradient Descent,0.3,0.7,2732,0.256902,0.44285,-0.00426987,1
6,Gradient Descent,0.3,0.7,2733,0.256926,0.442804,-0.00427013,1
6,Gradient Descent,0.3,0.7,2734,0.25695,0.442758,-0.0042704,1
6,Gradient Descent,0.3,0.7,2735,0.256974,0.442713,-0.00427067,1
6,Gradient Descent,0.3,0.7,2736,0.256998,0.442667,-0.00427093,1
6,Gradient Descent,0.3,0.7,2737,0.257022,0.442621,-0.0042712,1
6,Gradient Descent,0.3,0.7,2738,0.257046,0.442576,-0.00427147,1
6,Gradient Descent,0.3,0.7,2739,0.25707,0.44253,-0.00427173,1
6,Gradient Descent,0.3,0.7,2740,0.257094,0.442484,-0.004272,1
6,Gradient Descent,0.3,0.7,2741,0.257117,0.442439,-0.00427226,1
6,Gradient Descent,0.3,0.7,2742,0.257141,0.442393,-0.00427253,1
6,Gradient Descent,0.3,0.7,2743,0.257165,0.442347,-0.0042728,1
6,Gradient Descent,0.3,0.7,2744,0.257189,0.442302,-0.00427306,1
6,Gradient Descent,0.3,0.7,2745,0.257213,0.442256,-0.00427333,1
6,Gradient Descent,0.3,0.7,2746,0.257237,0.442211,-0.00427359,1
6,Gradient Descent,0.3,0.7,2747,0.257261,0.442165,-0.00427386,1
6,Gradient Descent,0.3,0.7,2748,0.257285,0.442119,-0.00427412,1
6,Gradient Descent,0.3,0.7,2749,0.257309,0.442074,-0.00427438,1
6,Gradient Descent,0.3,0.7,2750,0.257333,0.442028,-0.00427465,1
6,Gradient Descent,0.3,0.7,2751,0.257357,0.441983,-0.00427491,1
6,Gradient Descent,0.3,0.7,2752,0.257381,0.441937,-0.00427518,1
6,Gradient Descent,0.3,0.7,2753,0.257405,0.441892,-0.00427544,1
6,Gradient Descent,0.3,0.7,2754,0.257429,0.441847,-0.0042757,1
6,Gradient Descent,0.3,0.7,2755,0.257453,0.441801,-0.00427597,1
6,Gradient Descent,0.3,0.7,2756,0.257477,0.441756,-0.00427623,1
6,Gradient Descent,0.3,0.7,2757,0.2575,0.44171,-0.00427649,1
6,Gradient Descent,0.3,0.7,2758,0.257524,0.441665,-0.00427676,1
6,Gradient Descent,0.3,0.7,2759,0.257548,0.44162,-0.00427702,1
6,Gradient Descent,0.3,0.7,2760,0.257572,0.441574,-0.00427728,1
6,Gradient Descent,0.3,0.7,2761,0.257596,0.441529,-0.00427754,1
6,Gradient Descent,0.3,0.7,2762,0.25762,0.441484,-0.00427781,1
6,Gradient Descent,0.3,0.7,2763,0.257644,0.441439,-0.00427807,1
6,Gradient Descent,0.3,0.7,2764,0.257668,0.441393,-0.00427833,1
6,Gradient Descent,0.3,0.7,2765,0.257692,0.441348,-0.00427859,1
6,Gradient Descent,0.3,0.7,2766,0.257715,0.441303,-0.00427885,1
6,Gradient Descent,0.3,0.7,2767,0.257739,0.441258,-0.00427911,1
6,Gradient Descent,0.3,0.7,2768,0.257763,0.441212,-0.00427937,1
6,Gradient Descent,0.3,0.7,2769,0.257787,0.441167,-0.00427964,1
6,Gradient Descent,0.3,0.7,2770,0.257811,0.441122,-0.0042799,1
6,Gradient Descent,0.3,0.7,2771,0.257835,0.441077,-0.00428016,1
6,Gradient Descent,0.3,0.7,2772,0.257859,0.441032,-0.00428042,1
6,Gradient Descent,0.3,0.7,2773,0.257882,0.440987,-0.00428068,1
6,Gradient Descent,0.3,0.7,2774,0.257906,0.440942,-0.00428094,1
6,Gradient Descent,0.3,0.7,2775,0.25793,0.440897,-0.0042812,1
6,Gradient Descent,0.3,0.7,2776,0.257954,0.440852,-0.00428146,1
6,Gradient Descent,0.3,0.7,2777,0.257978,0.440807,-0.00428172,1
6,Gradient Descent,0.3,0.7,2778,0.258002,0.440761,-0.00428198,1
6,Gradient Descent,0.3,0.7,2779,0.258025,0.440716,-0.00428224,1
6,Gradient Descent,0.3,0.7,2780,0.258049,0.440672,-0.00428249,1
6,Gradient Descent,0.3,0.7,2781,0.258073,0.440627,-0.00428275,1
6,Gradient Descent,0.3,0.7,2782,0.258097,0.440582,-0.00428301,1
6,Gradient Descent,0.3,0.7,2783,0.258121,0.440537,-0.00428327,1
6,Gradient Descent,0.3,0.7,2784,0.258144,0.440492,-0.00428353,1
6,Gradient Descent,0.3,0.7,2785,0.258168,0.440447,-0.00428379,1
6,Gradient Descent,0.3,0.7,2786,0.258192,0.440402,-0.00428404,1
6,Gradient Descent,0.3,0.7,2787,0.258216,0.440357,-0.0042843,1
6,Gradient Descent,0.3,0.7,2788,0.25824,0.440312,-0.00428456,1
6,Gradient Descent,0.3,0.7,2789,0.258263,0.440267,-0.00428482,1
6,Gradient Descent,0.3,0.7,2790,0.258287,0.440223,-0.00428507,1
6,Gradient Descent,0.3,0.7,2791,0.258311,0.440178,-0.00428533,1
6,Gradient Descent,0.3,0.7,2792,0.258335,0.440133,-0.00428559,1
6,Gradient Descent,0.3,0.7,2793,0.258358,0.440088,-0.00428585,1
6,Gradient Descent,0.3,0.7,2794,0.258382,0.440044,-0.0042861,1
6,Gradient Descent,0.3,0.7,2795,0.258406,0.439999,-0.00428636,1
6,Gradient Descent,0.3,0.7,2796,0.25843,0.439954,-0.00428661,1
6,Gradient Descent,0.3,0.7,2797,0.258453,0.439909,-0.00428687,1
6,Gradient Descent,0.3,0.7,2798,0.258477,0.439865,-0.00428713,1
6,Gradient Descent,0.3,0.7,2799,0.258501,0.43982,-0.00428738,1
6,Gradient Descent,0.3,0.7,2800,0.258525,0.439776,-0.00428764,1
6,Gradient Descent,0.3,0.7,2801,0.258548,0.439731,-0.00428789,1
6,Gradient Descent,0.3,0.7,2802,0.258572,0.439686,-0.00428815,1
6,Gradient Descent,0.3,0.7,2803,0.258596,0.439642,-0.0042884,1
6,Gradient Descent,0.3,0.7,2804,0.25862,0.439597,-0.00428866,1
6,Gradient Descent,0.3,0.7,2805,0.258643,0.439553,-0.00428891,1
6,Gradient Descent,0.3,0.7,2806,0.258667,0.439508,-0.00428917,1
6,Gradient Descent,0.3,0.7,2807,0.258691,0.439464,-0.00428942,1
6,Gradient Descent,0.3,0.7,2808,0.258714,0.439419,-0.00428968,1
6,Gradient Descent,0.3,0.7,2809,0.258738,0.439375,-0.00428993,1
6,Gradient Descent,0.3,0.7,2810,0.258762,0.43933,-0.00429018,1
6,Gradient Descent,0.3,0.7,2811,0.258786,0.439286,-0.00429044,1
6,Gradient Descent,0.3,0.7,2812,0.258809,0.439241,-0.00429069,1
6,Gradient Descent,0.3,0.7,2813,0.258833,0.439197,-0.00429094,1
6,Gradient Descent,0.3,0.7,2814,0.258857,0.439152,-0.0042912,1
6,Gradient Descent,0.3,0.7,2815,0.25888,0.439108,-0.00429145,1
6,Gradient Descent,0.3,0.7,2816,0.258904,0.439064,-0.0042917,1
6,Gradient Descent,0.3,0.7,2817,0.258928,0.439019,-0.00429196,1
6,Gradient Descent,0.3,0.7,2818,0.258951,0.438975,-0.00429221,1
6,Gradient Descent,0.3,0.7,2819,0.258975,0.438931,-0.00429246,1
6,Gradient Descent,0.3,0.7,2820,0.258999,0.438886,-0.00429271,1
6,Gradient Descent,0.3,0.7,2821,0.259022,0.438842,-0.00429297,1
6,Gradient Descent,0.3,0.7,2822,0.259046,0.438798,-0.00429322,1
6,Gradient Descent,0.3,0.7,2823,0.25907,0.438754,-0.00429347,1
6,Gradient Descent,0.3,0.7,2824,0.259093,0.438709,-0.00429372,1
6,Gradient Descent,0.3,0.7,2825,0.259117,0.438665,-0.00429397,1
6,Gradient Descent,0.3,0.7,2826,0.25914,0.438621,-0.00429422,1
6,Gradient Descent,0.3,0.7,2827,0.259164,0.438577,-0.00429447,1
6,Gradient Descent,0.3,0.7,2828,0.259188,0.438533,-0.00429472,1
6,Gradient Descent,0.3,0.7,2829,0.259211,0.438488,-0.00429497,1
6,Gradient Descent,0.3,0.7,2830,0.259235,0.438444,-0.00429523,1
6,Gradient Descent,0.3,0.7,2831,0.259259,0.4384,-0.00429548,1
6,Gradient Descent,0.3,0.7,2832,0.259282,0.438356,-0.00429573,1
6,Gradient Descent,0.3,0.7,2833,0.259306,0.438312,-0.00429598,1
6,Gradient Descent,0.3,0.7,2834,0.259329,0.438268,-0.00429623,1
6,Gradient Descent,0.3,0.7,2835,0.259353,0.438224,-0.00429648,1
6,Gradient Descent,0.3,0.7,2836,0.259377,0.43818,-0.00429672,1
6,Gradient Descent,0.3,0.7,2837,0.2594,0.438136,-0.00429697,1
6,Gradient Descent,0.3,0.7,2838,0.259424,0.438092,-0.00429722,1
6,Gradient Descent,0.3,0.7,2839,0.259447,0.438048,-0.00429747,1
6,Gradient Descent,0.3,0.7,2840,0.259471,0.438004,-0.00429772,1
6,Gradient Descent,0.3,0.7,2841,0.259495,0.43796,-0.00429797,1
6,Gradient Descent,0.3,0.7,2842,0.259518,0.437916,-0.00429822,1
6,Gradient Descent,0.3,0.7,2843,0.259542,0.437872,-0.00429847,1
6,Gradient Descent,0.3,0.7,2844,0.259565,0.437828,-0.00429871,1
6,Gradient Descent,0.3,0.7,2845,0.259589,0.437784,-0.00429896,1
6,Gradient Descent,0.3,0.7,2846,0.259612,0.437741,-0.00429921,1
6,Gradient Descent,0.3,0.7,2847,0.259636,0.437697,-0.00429946,1
6,Gradient Descent,0.3,0.7,2848,0.259659,0.437653,-0.0042997,1
6,Gradient Descent,0.3,0.7,2849,0.259683,0.437609,-0.00429995,1
6,Gradient Descent,0.3,0.7,2850,0.259706,0.437565,-0.0043002,1
6,Gradient Descent,0.3,0.7,2851,0.25973,0.437522,-0.00430045,1
6,Gradient Descent,0.3,0.7,2852,0.259754,0.437478,-0.00430069,1
6,Gradient Descent,0.3,0.7,2853,0.259777,0.437434,-0.00430094,1
6,Gradient Descent,0.3,0.7,2854,0.259801,0.43739,-0.00430119,1
6,Gradient Descent,0.3,0.7,2855,0.259824,0.437347,-0.00430143,1
6,Gradient Descent,0.3,0.7,2856,0.259848,0.437303,-0.00430168,1
6,Gradient Descent,0.3,0.7,2857,0.259871,0.437259,-0.00430192,1
6,Gradient Descent,0.3,0.7,2858,0.259895,0.437216,-0.00430217,1
6,Gradient Descent,0.3,0.7,2859,0.259918,0.437172,-0.00430242,1
6,Gradient Descent,0.3,0.7,2860,0.259942,0.437128,-0.00430266,1
6,Gradient Descent,0.3,0.7,2861,0.259965,0.437085,-0.00430291,1
6,Gradient Descent,0.3,0.7,2862,0.259989,0.437041,-0.00430315,1
6,Gradient Descent,0.3,0.7,2863,0.260012,0.436998,-0.0043034,1
6,Gradient Descent,0.3,0.7,2864,0.260036,0.436954,-0.00430364,1
6,Gradient Descent,0.3,0.7,2865,0.260059,0.436911,-0.00430389,1
6,Gradient Descent,0.3,0.7,2866,0.260082,0.436867,-0.00430413,1
6,Gradient Descent,0.3,0.7,2867,0.260106,0.436823,-0.00430437,1
6,Gradient Descent,0.3,0.7,2868,0.260129,0.43678,-0.00430462,1
6,Gradient Descent,0.3,0.7,2869,0.260153,0.436737,-0.00430486,1
6,Gradient Descent,0.3,0.7,2870,0.260176,0.436693,-0.00430511,1
6,Gradient Descent,0.3,0.7,2871,0.2602,0.43665,-0.00430535,1
6,Gradient Descent,0.3,0.7,2872,0.260223,0.436606,-0.00430559,1
6,Gradient Descent,0.3,0.7,2873,0.260247,0.436563,-0.00430584,1
6,Gradient Descent,0.3,0.7,2874,0.26027,0.436519,-0.00430608,1
6,Gradient Descent,0.3,0.7,2875,0.260293,0.436476,-0.00430632,1
6,Gradient Descent,0.3,0.7,2876,0.260317,0.436433,-0.00430657,1
6,Gradient Descent,0.3,0.7,2877,0.26034,0.436389,-0.00430681,1
6,Gradient Descent,0.3,0.7,2878,0.260364,0.436346,-0.00430705,1
6,Gradient Descent,0.3,0.7,2879,0.260387,0.436303,-0.00430729,1
6,Gradient Descent,0.3,0.7,2880,0.260411,0.436259,-0.00430753,1
6,Gradient Descent,0.3,0.7,2881,0.260434,0.436216,-0.00430778,1
6,Gradient Descent,0.3,0.7,2882,0.260457,0.436173,-0.00430802,1
6,Gradient Descent,0.3,0.7,2883,0.260481,0.43613,-0.00430826,1
6,Gradient Descent,0.3,0.7,2884,0.260504,0.436086,-0.0043085,1
6,Gradient Descent,0.3,0.7,2885,0.260528,0.436043,-0.00430874,1
6,Gradient Descent,0.3,0.7,2886,0.260551,0.436,-0.00430898,1
6,Gradient Descent,0.3,0.7,2887,0.260574,0.435957,-0.00430923,1
6,Gradient Descent,0.3,0.7,2888,0.260598,0.435914,-0.00430947,1
6,Gradient Descent,0.3,0.7,2889,0.260621,0.435871,-0.00430971,1
6,Gradient Descent,0.3,0.7,2890,0.260644,0.435828,-0.00430995,1
6,Gradient Descent,0.3,0.7,2891,0.260668,0.435784,-0.00431019,1
6,Gradient Descent,0.3,0.7,2892,0.260691,0.435741,-0.00431043,1
6,Gradient Descent,0.3,0.7,2893,0.260715,0.435698,-0.00431067,1
6,Gradient Descent,0.3,0.7,2894,0.260738,0.435655,-0.00431091,1
6,Gradient Descent,0.3,0.7,2895,0.260761,0.435612,-0.00431115,1
6,Gradient Descent,0.3,0.7,2896,0.260785,0.435569,-0.00431139,1
6,Gradient Descent,0.3,0.7,2897,0.260808,0.435526,-0.00431163,1
6,Gradient Descent,0.3,0.7,2898,0.260831,0.435483,-0.00431187,1
6,Gradient Descent,0.3,0.7,2899,0.260855,0.43544,-0.0043121,1
6,Gradient Descent,0.3,0.7,2900,0.260878,0.435397,-0.00431234,1
6,Gradient Descent,0.3,0.7,2901,0.260901,0.435354,-0.00431258,1
6,Gradient Descent,0.3,0.7,2902,0.260925,0.435311,-0.00431282,1
6,Gradient Descent,0.3,0.7,2903,0.260948,0.435268,-0.00431306,1
6,Gradient Descent,0.3,0.7,2904,0.260971,0.435226,-0.0043133,1
6,Gradient Descent,0.3,0.7,2905,0.260994,0.435183,-0.00431354,1
6,Gradient Descent,0.3,0.7,2906,0.261018,0.43514,-0.00431377,1
6,Gradient Descent,0.3,0.7,2907,0.261041,0.435097,-0.00431401,1
6,Gradient Descent,0.3,0.7,2908,0.261064,0.435054,-0.00431425,1
6,Gradient Descent,0.3,0.7,2909,0.261088,0.435011,-0.00431449,1
6,Gradient Descent,0.3,0.7,2910,0.261111,0.434969,-0.00431472,1
6,Gradient Descent,0.3,0.7,2911,0.261134,0.434926,-0.00431496,1
6,Gradient Descent,0.3,0.7,2912,0.261157,0.434883,-0.0043152,1
6,Gradient Descent,0.3,0.7,2913,0.261181,0.43484,-0.00431543,1
6,Gradient Descent,0.3,0.7,2914,0.261204,0.434798,-0.00431567,1
6,Gradient Descent,0.3,0.7,2915,0.261227,0.434755,-0.00431591,1
6,Gradient Descent,0.3,0.7,2916,0.26125,0.434712,-0.00431614,1
6,Gradient Descent,0.3,0.7,2917,0.261274,0.43467,-0.00431638,1
6,Gradient Descent,0.3,0.7,2918,0.261297,0.434627,-0.00431662,1
6,Gradient Descent,0.3,0.7,2919,0.26132,0.434584,-0.00431685,1
6,Gradient Descent,0.3,0.7,2920,0.261343,0.434542,-0.00431709,1
6,Gradient Descent,0.3,0.7,2921,0.261367,0.434499,-0.00431732,1
6,Gradient Descent,0.3,0.7,2922,0.26139,0.434456,-0.00431756,1
6,Gradient Descent,0.3,0.7,2923,0.261413,0.434414,-0.00431779,1
6,Gradient Descent,0.3,0.7,2924,0.261436,0.434371,-0.00431803,1
6,Gradient Descent,0.3,0.7,2925,0.26146,0.434329,-0.00431826,1
6,Gradient Descent,0.3,0.7,2926,0.261483,0.434286,-0.0043185,1
6,Gradient Descent,0.3,0.7,2927,0.261506,0.434244,-0.00431873,1
6,Gradient Descent,0.3,0.7,2928,0.261529,0.434201,-0.00431897,1
6,Gradient Descent,0.3,0.7,2929,0.261552,0.434159,-0.0043192,1
6,Gradient Descent,0.3,0.7,2930,0.261576,0.434116,-0.00431943,1
6,Gradient Descent,0.3,0.7,2931,0.261599,0.434074,-0.00431967,1
6,Gradient Descent,0.3,0.7,2932,0.261622,0.434031,-0.0043199,1
6,Gradient Descent,0.3,0.7,2933,0.261645,0.433989,-0.00432014,1
6,Gradient Descent,0.3,0.7,2934,0.261668,0.433947,-0.00432037,1
6,Gradient Descent,0.3,0.7,2935,0.261691,0.433904,-0.0043206,1
6,Gradient Descent,0.3,0.7,2936,0.261715,0.433862,-0.00432084,1
6,Gradient Descent,0.3,0.7,2937,0.261738,0.433819,-0.00432107,1
6,Gradient Descent,0.3,0.7,2938,0.261761,0.433777,-0.0043213,1
6,Gradient Descent,0.3,0.7,2939,0.261784,0.433735,-0.00432153,1
6,Gradient Descent,0.3,0.7,2940,0.261807,0.433693,-0.00432177,1
6,Gradient Descent,0.3,0.7,2941,0.26183,0.43365,-0.004322,1
6,Gradient Descent,0.3,0.7,2942,0.261854,0.433608,-0.00432223,1
6,Gradient Descent,0.3,0.7,2943,0.261877,0.433566,-0.00432246,1
6,Gradient Descent,0.3,0.7,2944,0.2619,0.433524,-0.00432269,1
6,Gradient Descent,0.3,0.7,2945,0.261923,0.433481,-0.00432293,1
6,Gradient Descent,0.3,0.7,2946,0.261946,0.433439,-0.00432316,1
6,Gradient Descent,0.3,0.7,2947,0.261969,0.433397,-0.00432339,1
6,Gradient Descent,0.3,0.7,2948,0.261992,0.433355,-0.00432362,1
6,Gradient Descent,0.3,0.7,2949,0.262015,0.433313,-0.00432385,1
6,Gradient Descent,0.3,0.7,2950,0.262039,0.433271,-0.00432408,1
6,Gradient Descent,0.3,0.7,2951,0.262062,0.433228,-0.00432431,1
6,Gradient Descent,0.3,0.7,2952,0.262085,0.433186,-0.00432454,1
6,Gradient Descent,0.3,0.7,2953,0.262108,0.433144,-0.00432477,1
6,Gradient Descent,0.3,0.7,2954,0.262131,0.433102,-0.004325,1
6,Gradient Descent,0.3,0.7,2955,0.262154,0.43306,-0.00432523,1
6,Gradient Descent,0.3,0.7,2956,0.262177,0.433018,-0.00432546,1
6,Gradient Descent,0.3,0.7,2957,0.2622,0.432976,-0.00432569,1
6,Gradient Descent,0.3,0.7,2958,0.262223,0.432934,-0.00432592,1
6,Gradient Descent,0.3,0.7,2959,0.262246,0.432892,-0.00432615,1
6,Gradient Descent,0.3,0.7,2960,0.262269,0.43285,-0.00432638,1
6,Gradient Descent,0.3,0.7,2961,0.262292,0.432808,-0.00432661,1
6,Gradient Descent,0.3,0.7,2962,0.262315,0.432766,-0.00432684,1
6,Gradient Descent,0.3,0.7,2963,0.262338,0.432724,-0.00432707,1
6,Gradient Descent,0.3,0.7,2964,0.262361,0.432682,-0.0043273,1
6,Gradient Descent,0.3,0.7,2965,0.262385,0.43264,-0.00432753,1
6,Gradient Descent,0.3,0.7,2966,0.262408,0.432599,-0.00432775,1
6,Gradient Descent,0.3,0.7,2967,0.262431,0.432557,-0.00432798,1
6,Gradient Descent,0.3,0.7,2968,0.262454,0.432515,-0.00432821,1
6,Gradient Descent,0.3,0.7,2969,0.262477,0.432473,-0.00432844,1
6,Gradient Descent,0.3,0.7,2970,0.2625,0.432431,-0.00432867,1
6,Gradient Descent,0.3,0.7,2971,0.262523,0.432389,-0.00432889,1
6,Gradient Descent,0.3,0.7,2972,0.262546,0.432348,-0.00432912,1
6,Gradient Descent,0.3,0.7,2973,0.262569,0.432306,-0.00432935,1
6,Gradient Descent,0.3,0.7,2974,0.262592,0.432264,-0.00432957,1
6,Gradient Descent,0.3,0.7,2975,0.262615,0.432222,-0.0043298,1
6,Gradient Descent,0.3,0.7,2976,0.262638,0.432181,-0.00433003,1
6,Gradient Descent,0.3,0.7,2977,0.262661,0.432139,-0.00433026,1
6,Gradient Descent,0.3,0.7,2978,0.262684,0.432097,-0.00433048,1
6,Gradient Descent,0.3,0.7,2979,0.262707,0.432056,-0.00433071,1
6,Gradient Descent,0.3,0.7,2980,0.26273,0.432014,-0.00433093,1
6,Gradient Descent,0.3,0.7,2981,0.262753,0.431972,-0.00433116,1
6,Gradient Descent,0.3,0.7,2982,0.262775,0.431931,-0.00433139,1
6,Gradient Descent,0.3,0.7,2983,0.262798,0.431889,-0.00433161,1
6,Gradient Descent,0.3,0.7,2984,0.262821,0.431848,-0.00433184,1
6,Gradient Descent,0.3,0.7,2985,0.262844,0.431806,-0.00433206,1
6,Gradient Descent,0.3,0.7,2986,0.262867,0.431765,-0.00433229,1
6,Gradient Descent,0.3,0.7,2987,0.26289,0.431723,-0.00433251,1
6,Gradient Descent,0.3,0.7,2988,0.262913,0.431682,-0.00433274,1
6,Gradient Descent,0.3,0.7,2989,0.262936,0.43164,-0.00433296,1
6,Gradient Descent,0.3,0.7,2990,0.262959,0.431599,-0.00433319,1
6,Gradient Descent,0.3,0.7,2991,0.262982,0.431557,-0.00433341,1
6,Gradient Descent,0.3,0.7,2992,0.263005,0.431516,-0.00433364,1
6,Gradient Descent,0.3,0.7,2993,0.263028,0.431474,-0.00433386,1
6,Gradient Descent,0.3,0.7,2994,0.263051,0.431433,-0.00433408,1
6,Gradient Descent,0.3,0.7,2995,0.263074,0.431391,-0.00433431,1
6,Gradient Descent,0.3,0.7,2996,0.263096,0.43135,-0.00433453,1
6,Gradient Descent,0.3,0.7,2997,0.263119,0.431309,-0.00433475,1
6,Gradient Descent,0.3,0.7,2998,0.263142,0.431267,-0.00433498,1
6,Gradient Descent,0.3,0.7,2999,0.263165,0.431226,-0.0043352,1
6,Gradient Descent,0.3,0.7,3000,0.263188,0.431185,-0.00433542,1
6,Gradient Descent,0.3,0.7,3001,0.263211,0.431143,-0.00433565,1
6,Gradient Descent,0.3,0.7,3002,0.263234,0.431102,-0.00433587,1
6,Gradient Descent,0.3,0.7,3003,0.263257,0.431061,-0.00433609,1
6,Gradient Descent,0.3,0.7,3004,0.263279,0.431019,-0.00433632,1
6,Gradient Descent,0.3,0.7,3005,0.263302,0.430978,-0.00433654,1
6,Gradient Descent,0.3,0.7,3006,0.263325,0.430937,-0.00433676,1
6,Gradient Descent,0.3,0.7,3007,0.263348,0.430896,-0.00433698,1
6,Gradient Descent,0.3,0.7,3008,0.263371,0.430855,-0.0043372,1
6,Gradient Descent,0.3,0.7,3009,0.263394,0.430813,-0.00433743,1
6,Gradient Descent,0.3,0.7,3010,0.263417,0.430772,-0.00433765,1
6,Gradient Descent,0.3,0.7,3011,0.263439,0.430731,-0.00433787,1
6,Gradient Descent,0.3,0.7,3012,0.263462,0.43069,-0.00433809,1
6,Gradient Descent,0.3,0.7,3013,0.263485,0.430649,-0.00433831,1
6,Gradient Descent,0.3,0.7,3014,0.263508,0.430608,-0.00433853,1
6,Gradient Descent,0.3,0.7,3015,0.263531,0.430567,-0.00433875,1
6,Gradient Descent,0.3,0.7,3016,0.263553,0.430526,-0.00433897,1
6,Gradient Descent,0.3,0.7,3017,0.263576,0.430485,-0.00433919,1
6,Gradient Descent,0.3,0.7,3018,0.263599,0.430444,-0.00433941,1
6,Gradient Descent,0.3,0.7,3019,0.263622,0.430403,-0.00433963,1
6,Gradient Descent,0.3,0.7,3020,0.263645,0.430362,-0.00433985,1
6,Gradient Descent,0.3,0.7,3021,0.263667,0.430321,-0.00434007,1
6,Gradient Descent,0.3,0.7,3022,0.26369,0.43028,-0.00434029,1
6,Gradient Descent,0.3,0.7,3023,0.263713,0.430239,-0.00434051,1
6,Gradient Descent,0.3,0.7,3024,0.263736,0.430198,-0.00434073,1
6,Gradient Descent,0.3,0.7,3025,0.263758,0.430157,-0.00434095,1
6,Gradient Descent,0.3,0.7,3026,0.263781,0.430116,-0.00434117,1
6,Gradient Descent,0.3,0.7,3027,0.263804,0.430075,-0.00434139,1
6,Gradient Descent,0.3,0.7,3028,0.263827,0.430034,-0.00434161,1
6,Gradient Descent,0.3,0.7,3029,0.263849,0.429993,-0.00434183,1
6,Gradient Descent,0.3,0.7,3030,0.263872,0.429952,-0.00434205,1
6,Gradient Descent,0.3,0.7,3031,0.263895,0.429912,-0.00434226,1
6,Gradient Descent,0.3,0.7,3032,0.263918,0.429871,-0.00434248,1
6,Gradient Descent,0.3,0.7,3033,0.26394,0.42983,-0.0043427,1
6,Gradient Descent,0.3,0.7,3034,0.263963,0.429789,-0.00434292,1
6,Gradient Descent,0.3,0.7,3035,0.263986,0.429748,-0.00434314,1
6,Gradient Descent,0.3,0.7,3036,0.264009,0.429708,-0.00434335,1
6,Gradient Descent,0.3,0.7,3037,0.264031,0.429667,-0.00434357,1
6,Gradient Descent,0.3,0.7,3038,0.264054,0.429626,-0.00434379,1
6,Gradient Descent,0.3,0.7,3039,0.264077,0.429585,-0.004344,1
6,Gradient Descent,0.3,0.7,3040,0.264099,0.429545,-0.00434422,1
6,Gradient Descent,0.3,0.7,3041,0.264122,0.429504,-0.00434444,1
6,Gradient Descent,0.3,0.7,3042,0.264145,0.429463,-0.00434466,1
6,Gradient Descent,0.3,0.7,3043,0.264167,0.429423,-0.00434487,1
6,Gradient Descent,0.3,0.7,3044,0.26419,0.429382,-0.00434509,1
6,Gradient Descent,0.3,0.7,3045,0.264213,0.429342,-0.0043453,1
6,Gradient Descent,0.3,0.7,3046,0.264235,0.429301,-0.00434552,1
6,Gradient Descent,0.3,0.7,3047,0.264258,0.42926,-0.00434574,1
6,Gradient Descent,0.3,0.7,3048,0.264281,0.42922,-0.00434595,1
6,Gradient Descent,0.3,0.7,3049,0.264303,0.429179,-0.00434617,1
6,Gradient Descent,0.3,0.7,3050,0.264326,0.429139,-0.00434638,1
6,Gradient Descent,0.3,0.7,3051,0.264349,0.429098,-0.0043466,1
6,Gradient Descent,0.3,0.7,3052,0.264371,0.429058,-0.00434681,1
6,Gradient Descent,0.3,0.7,3053,0.264394,0.429017,-0.00434703,1
6,Gradient Descent,0.3,0.7,3054,0.264417,0.428977,-0.00434724,1
6,Gradient Descent,0.3,0.7,3055,0.264439,0.428936,-0.00434746,1
6,Gradient Descent,0.3,0.7,3056,0.264462,0.428896,-0.00434767,1
6,Gradient Descent,0.3,0.7,3057,0.264484,0.428856,-0.00434789,1
6,Gradient Descent,0.3,0.7,3058,0.264507,0.428815,-0.0043481,1
6,Gradient Descent,0.3,0.7,3059,0.26453,0.428775,-0.00434832,1
6,Gradient Descent,0.3,0.7,3060,0.264552,0.428734,-0.00434853,1
6,Gradient Descent,0.3,0.7,3061,0.264575,0.428694,-0.00434874,1
6,Gradient Descent,0.3,0.7,3062,0.264597,0.428654,-0.00434896,1
6,Gradient Descent,0.3,0.7,3063,0.26462,0.428613,-0.00434917,1
6,Gradient Descent,0.3,0.7,3064,0.264643,0.428573,-0.00434938,1
6,Gradient Descent,0.3,0.7,3065,0.264665,0.428533,-0.0043496,1
6,Gradient Descent,0.3,0.7,3066,0.264688,0.428493,-0.00434981,1
6,Gradient Descent,0.3,0.7,3067,0.26471,0.428452,-0.00435002,1
6,Gradient Descent,0.3,0.7,3068,0.264733,0.428412,-0.00435024,1
6,Gradient Descent,0.3,0.7,3069,0.264755,0.428372,-0.00435045,1
6,Gradient Descent,0.3,0.7,3070,0.264778,0.428332,-0.00435066,1
6,Gradient Descent,0.3,0.7,3071,0.264801,0.428291,-0.00435087,1
6,Gradient Descent,0.3,0.7,3072,0.264823,0.428251,-0.00435109,1
6,Gradient Descent,0.3,0.7,3073,0.264846,0.428211,-0.0043513,1
6,Gradient Descent,0.3,0.7,3074,0.264868,0.428171,-0.00435151,1
6,Gradient Descent,0.3,0.7,3075,0.264891,0.428131,-0.00435172,1
6,Gradient Descent,0.3,0.7,3076,0.264913,0.428091,-0.00435193,1
6,Gradient Descent,0.3,0.7,3077,0.264936,0.428051,-0.00435214,1
6,Gradient Descent,0.3,0.7,3078,0.264958,0.428011,-0.00435236,1
6,Gradient Descent,0.3,0.7,3079,0.264981,0.42797,-0.00435257,1
6,Gradient Descent,0.3,0.7,3080,0.265003,0.42793,-0.00435278,1
6,Gradient Descent,0.3,0.7,3081,0.265026,0.42789,-0.00435299,1
6,Gradient Descent,0.3,0.7,3082,0.265048,0.42785,-0.0043532,1
6,Gradient Descent,0.3,0.7,3083,0.265071,0.42781,-0.00435341,1
6,Gradient Descent,0.3,0.7,3084,0.265093,0.42777,-0.00435362,1
6,Gradient Descent,0.3,0.7,3085,0.265116,0.42773,-0.00435383,1
6,Gradient Descent,0.3,0.7,3086,0.265138,0.42769,-0.00435404,1
6,Gradient Descent,0.3,0.7,3087,0.265161,0.427651,-0.00435425,1
6,Gradient Descent,0.3,0.7,3088,0.265183,0.427611,-0.00435446,1
6,Gradient Descent,0.3,0.7,3089,0.265206,0.427571,-0.00435467,1
6,Gradient Descent,0.3,0.7,3090,0.265228,0.427531,-0.00435488,1
6,Gradient Descent,0.3,0.7,3091,0.26525,0.427491,-0.00435509,1
6,Gradient Descent,0.3,0.7,3092,0.265273,0.427451,-0.0043553,1
6,Gradient Descent,0.3,0.7,3093,0.265295,0.427411,-0.00435551,1
6,Gradient Descent,0.3,0.7,3094,0.265318,0.427371,-0.00435572,1
6,Gradient Descent,0.3,0.7,3095,0.26534,0.427332,-0.00435593,1
6,Gradient Descent,0.3,0.7,3096,0.265363,0.427292,-0.00435613,1
6,Gradient Descent,0.3,0.7,3097,0.265385,0.427252,-0.00435634,1
6,Gradient Descent,0.3,0.7,3098,0.265408,0.427212,-0.00435655,1
6,Gradient Descent,0.3,0.7,3099,0.26543,0.427172,-0.00435676,1
6,Gradient Descent,0.3,0.7,3100,0.265452,0.427133,-0.00435697,1
6,Gradient Descent,0.3,0.7,3101,0.265475,0.427093,-0.00435718,1
6,Gradient Descent,0.3,0.7,3102,0.265497,0.427053,-0.00435738,1
6,Gradient Descent,0.3,0.7,3103,0.26552,0.427014,-0.00435759,1
6,Gradient Descent,0.3,0.7,3104,0.265542,0.426974,-0.0043578,1
6,Gradient Descent,0.3,0.7,3105,0.265564,0.426934,-0.00435801,1
6,Gradient Descent,0.3,0.7,3106,0.265587,0.426895,-0.00435821,1
6,Gradient Descent,0.3,0.7,3107,0.265609,0.426855,-0.00435842,1
6,Gradient Descent,0.3,0.7,3108,0.265631,0.426815,-0.00435863,1
6,Gradient Descent,0.3,0.7,3109,0.265654,0.426776,-0.00435883,1
6,Gradient Descent,0.3,0.7,3110,0.265676,0.426736,-0.00435904,1
6,Gradient Descent,0.3,0.7,3111,0.265699,0.426697,-0.00435925,1
6,Gradient Descent,0.3,0.7,3112,0.265721,0.426657,-0.00435945,1
6,Gradient Descent,0.3,0.7,3113,0.265743,0.426617,-0.00435966,1
6,Gradient Descent,0.3,0.7,3114,0.265766,0.426578,-0.00435987,1
6,Gradient Descent,0.3,0.7,3115,0.265788,0.426538,-0.00436007,1
6,Gradient Descent,0.3,0.7,3116,0.26581,0.426499,-0.00436028,1
6,Gradient Descent,0.3,0.7,3117,0.265833,0.426459,-0.00436048,1
6,Gradient Descent,0.3,0.7,3118,0.265855,0.42642,-0.00436069,1
6,Gradient Descent,0.3,0.7,3119,0.265877,0.426381,-0.00436089,1
6,Gradient Descent,0.3,0.7,3120,0.2659,0.426341,-0.0043611,1
6,Gradient Descent,0.3,0.7,3121,0.265922,0.426302,-0.00436131,1
6,Gradient Descent,0.3,0.7,3122,0.265944,0.426262,-0.00436151,1
6,Gradient Descent,0.3,0.7,3123,0.265966,0.426223,-0.00436171,1
6,Gradient Descent,0.3,0.7,3124,0.265989,0.426184,-0.00436192,1
6,Gradient Descent,0.3,0.7,3125,0.266011,0.426144,-0.00436212,1
6,Gradient Descent,0.3,0.7,3126,0.266033,0.426105,-0.00436233,1
6,Gradient Descent,0.3,0.7,3127,0.266056,0.426066,-0.00436253,1
6,Gradient Descent,0.3,0.7,3128,0.266078,0.426026,-0.00436274,1
6,Gradient Descent,0.3,0.7,3129,0.2661,0.425987,-0.00436294,1
6,Gradient Descent,0.3,0.7,3130,0.266122,0.425948,-0.00436314,1
6,Gradient Descent,0.3,0.7,3131,0.266145,0.425908,-0.00436335,1
6,Gradient Descent,0.3,0.7,3132,0.266167,0.425869,-0.00436355,1
6,Gradient Descent,0.3,0.7,3133,0.266189,0.42583,-0.00436375,1
6,Gradient Descent,0.3,0.7,3134,0.266211,0.425791,-0.00436396,1
6,Gradient Descent,0.3,0.7,3135,0.266234,0.425752,-0.00436416,1
6,Gradient Descent,0.3,0.7,3136,0.266256,0.425712,-0.00436436,1
6,Gradient Descent,0.3,0.7,3137,0.266278,0.425673,-0.00436457,1
6,Gradient Descent,0.3,0.7,3138,0.2663,0.425634,-0.00436477,1
6,Gradient Descent,0.3,0.7,3139,0.266323,0.425595,-0.00436497,1
6,Gradient Descent,0.3,0.7,3140,0.266345,0.425556,-0.00436517,1
6,Gradient Descent,0.3,0.7,3141,0.266367,0.425517,-0.00436538,1
6,Gradient Descent,0.3,0.7,3142,0.266389,0.425478,-0.00436558,1
6,Gradient Descent,0.3,0.7,3143,0.266411,0.425439,-0.00436578,1
6,Gradient Descent,0.3,0.7,3144,0.266434,0.425399,-0.00436598,1
6,Gradient Descent,0.3,0.7,3145,0.266456,0.42536,-0.00436618,1
6,Gradient Descent,0.3,0.7,3146,0.266478,0.425321,-0.00436639,1
6,Gradient Descent,0.3,0.7,3147,0.2665,0.425282,-0.00436659,1
6,Gradient Descent,0.3,0.7,3148,0.266522,0.425243,-0.00436679,1
6,Gradient Descent,0.3,0.7,3149,0.266544,0.425204,-0.00436699,1
6,Gradient Descent,0.3,0.7,3150,0.266567,0.425165,-0.00436719,1
6,Gradient Descent,0.3,0.7,3151,0.266589,0.425127,-0.00436739,1
6,Gradient Descent,0.3,0.7,3152,0.266611,0.425088,-0.00436759,1
6,Gradient Descent,0.3,0.7,3153,0.266633,0.425049,-0.00436779,1
6,Gradient Descent,0.3,0.7,3154,0.266655,0.42501,-0.00436799,1
6,Gradient Descent,0.3,0.7,3155,0.266677,0.424971,-0.00436819,1
6,Gradient Descent,0.3,0.7,3156,0.2667,0.424932,-0.00436839,1
6,Gradient Descent,0.3,0.7,3157,0.266722,0.424893,-0.00436859,1
6,Gradient Descent,0.3,0.7,3158,0.266744,0.424854,-0.00436879,1
6,Gradient Descent,0.3,0.7,3159,0.266766,0.424815,-0.00436899,1
6,Gradient Descent,0.3,0.7,3160,0.266788,0.424777,-0.00436919,1
6,Gradient Descent,0.3,0.7,3161,0.26681,0.424738,-0.00436939,1
6,Gradient Descent,0.3,0.7,3162,0.266832,0.424699,-0.00436959,1
6,Gradient Descent,0.3,0.7,3163,0.266854,0.42466,-0.00436979,1
6,Gradient Descent,0.3,0.7,3164,0.266876,0.424622,-0.00436999,1
6,Gradient Descent,0.3,0.7,3165,0.266899,0.424583,-0.00437019,1
6,Gradient Descent,0.3,0.7,3166,0.266921,0.424544,-0.00437039,1
6,Gradient Descent,0.3,0.7,3167,0.266943,0.424505,-0.00437058,1
6,Gradient Descent,0.3,0.7,3168,0.266965,0.424467,-0.00437078,1
6,Gradient Descent,0.3,0.7,3169,0.266987,0.424428,-0.00437098,1
6,Gradient Descent,0.3,0.7,3170,0.267009,0.424389,-0.00437118,1
6,Gradient Descent,0.3,0.7,3171,0.267031,0.424351,-0.00437138,1
6,Gradient Descent,0.3,0.7,3172,0.267053,0.424312,-0.00437158,1
6,Gradient Descent,0.3,0.7,3173,0.267075,0.424273,-0.00437177,1
6,Gradient Descent,0.3,0.7,3174,0.267097,0.424235,-0.00437197,1
6,Gradient Descent,0.3,0.7,3175,0.267119,0.424196,-0.00437217,1
6,Gradient Descent,0.3,0.7,3176,0.267141,0.424158,-0.00437237,1
6,Gradient Descent,0.3,0.7,3177,0.267163,0.424119,-0.00437256,1
6,Gradient Descent,0.3,0.7,3178,0.267185,0.424081,-0.00437276,1
6,Gradient Descent,0.3,0.7,3179,0.267207,0.424042,-0.00437296,1
6,Gradient Descent,0.3,0.7,3180,0.267229,0.424004,-0.00437315,1
6,Gradient Descent,0.3,0.7,3181,0.267251,0.423965,-0.00437335,1
6,Gradient Descent,0.3,0.7,3182,0.267273,0.423927,-0.00437355,1
6,Gradient Descent,0.3,0.7,3183,0.267295,0.423888,-0.00437374,1
6,Gradient Descent,0.3,0.7,3184,0.267317,0.42385,-0.00437394,1
6,Gradient Descent,0.3,0.7,3185,0.267339,0.423811,-0.00437413,1
6,Gradient Descent,0.3,0.7,3186,0.267361,0.423773,-0.00437433,1
6,Gradient Descent,0.3,0.7,3187,0.267383,0.423734,-0.00437453,1
6,Gradient Descent,0.3,0.7,3188,0.267405,0.423696,-0.00437472,1
6,Gradient Descent,0.3,0.7,3189,0.267427,0.423658,-0.00437492,1
6,Gradient Descent,0.3,0.7,3190,0.267449,0.423619,-0.00437511,1
6,Gradient Descent,0.3,0.7,3191,0.267471,0.423581,-0.00437531,1
6,Gradient Descent,0.3,0.7,3192,0.267493,0.423543,-0.0043755,1
6,Gradient Descent,0.3,0.7,3193,0.267515,0.423504,-0.0043757,1
6,Gradient Descent,0.3,0.7,3194,0.267537,0.423466,-0.00437589,1
6,Gradient Descent,0.3,0.7,3195,0.267559,0.423428,-0.00437609,1
6,Gradient Descent,0.3,0.7,3196,0.267581,0.423389,-0.00437628,1
6,Gradient Descent,0.3,0.7,3197,0.267603,0.423351,-0.00437648,1
6,Gradient Descent,0.3,0.7,3198,0.267625,0.423313,-0.00437667,1
6,Gradient Descent,0.3,0.7,3199,0.267647,0.423275,-0.00437686,1
6,Gradient Descent,0.3,0.7,3200,0.267669,0.423237,-0.00437706,1
6,Gradient Descent,0.3,0.7,3201,0.267691,0.423198,-0.00437725,1
6,Gradient Descent,0.3,0.7,3202,0.267713,0.42316,-0.00437745,1
6,Gradient Descent,0.3,0.7,3203,0.267734,0.423122,-0.00437764,1
6,Gradient Descent,0.3,0.7,3204,0.267756,0.423084,-0.00437783,1
6,Gradient Descent,0.3,0.7,3205,0.267778,0.423046,-0.00437803,1
6,Gradient Descent,0.3,0.7,3206,0.2678,0.423008,-0.00437822,1
6,Gradient Descent,0.3,0.7,3207,0.267822,0.42297,-0.00437841,1
6,Gradient Descent,0.3,0.7,3208,0.267844,0.422931,-0.00437861,1
6,Gradient Descent,0.3,0.7,3209,0.267866,0.422893,-0.0043788,1
6,Gradient Descent,0.3,0.7,3210,0.267888,0.422855,-0.00437899,1
6,Gradient Descent,0.3,0.7,3211,0.26791,0.422817,-0.00437918,1
6,Gradient Descent,0.3,0.7,3212,0.267931,0.422779,-0.00437938,1
6,Gradient Descent,0.3,0.7,3213,0.267953,0.422741,-0.00437957,1
6,Gradient Descent,0.3,0.7,3214,0.267975,0.422703,-0.00437976,1
6,Gradient Descent,0.3,0.7,3215,0.267997,0.422665,-0.00437995,1
6,Gradient Descent,0.3,0.7,3216,0.268019,0.422627,-0.00438014,1
6,Gradient Descent,0.3,0.7,3217,0.268041,0.422589,-0.00438034,1
6,Gradient Descent,0.3,0.7,3218,0.268062,0.422551,-0.00438053,1
6,Gradient Descent,0.3,0.7,3219,0.268084,0.422514,-0.00438072,1
6,Gradient Descent,0.3,0.7,3220,0.268106,0.422476,-0.00438091,1
6,Gradient Descent,0.3,0.7,3221,0.268128,0.422438,-0.0043811,1
6,Gradient Descent,0.3,0.7,3222,0.26815,0.4224,-0.00438129,1
6,Gradient Descent,0.3,0.7,3223,0.268172,0.422362,-0.00438148,1
6,Gradient Descent,0.3,0.7,3224,0.268193,0.422324,-0.00438167,1
6,Gradient Descent,0.3,0.7,3225,0.268215,0.422286,-0.00438186,1
6,Gradient Descent,0.3,0.7,3226,0.268237,0.422249,-0.00438205,1
6,Gradient Descent,0.3,0.7,3227,0.268259,0.422211,-0.00438224,1
6,Gradient Descent,0.3,0.7,3228,0.268281,0.422173,-0.00438244,1
6,Gradient Descent,0.3,0.7,3229,0.268302,0.422135,-0.00438263,1
6,Gradient Descent,0.3,0.7,3230,0.268324,0.422097,-0.00438282,1
6,Gradient Descent,0.3,0.7,3231,0.268346,0.42206,-0.004383,1
6,Gradient Descent,0.3,0.7,3232,0.268368,0.422022,-0.00438319,1
6,Gradient Descent,0.3,0.7,3233,0.268389,0.421984,-0.00438338,1
6,Gradient Descent,0.3,0.7,3234,0.268411,0.421947,-0.00438357,1
6,Gradient Descent,0.3,0.7,3235,0.268433,0.421909,-0.00438376,1
6,Gradient Descent,0.3,0.7,3236,0.268455,0.421871,-0.00438395,1
6,Gradient Descent,0.3,0.7,3237,0.268476,0.421834,-0.00438414,1
6,Gradient Descent,0.3,0.7,3238,0.268498,0.421796,-0.00438433,1
6,Gradient Descent,0.3,0.7,3239,0.26852,0.421758,-0.00438452,1
6,Gradient Descent,0.3,0.7,3240,0.268542,0.421721,-0.00438471,1
6,Gradient Descent,0.3,0.7,3241,0.268563,0.421683,-0.0043849,1
6,Gradient Descent,0.3,0.7,3242,0.268585,0.421646,-0.00438508,1
6,Gradient Descent,0.3,0.7,3243,0.268607,0.421608,-0.00438527,1
6,Gradient Descent,0.3,0.7,3244,0.268628,0.42157,-0.00438546,1
6,Gradient Descent,0.3,0.7,3245,0.26865,0.421533,-0.00438565,1
6,Gradient Descent,0.3,0.7,3246,0.268672,0.421495,-0.00438584,1
6,Gradient Descent,0.3,0.7,3247,0.268693,0.421458,-0.00438602,1
6,Gradient Descent,0.3,0.7,3248,0.268715,0.42142,-0.00438621,1
6,Gradient Descent,0.3,0.7,3249,0.268737,0.421383,-0.0043864,1
6,Gradient Descent,0.3,0.7,3250,0.268758,0.421345,-0.00438659,1
6,Gradient Descent,0.3,0.7,3251,0.26878,0.421308,-0.00438677,1
6,Gradient Descent,0.3,0.7,3252,0.268802,0.421271,-0.00438696,1
6,Gradient Descent,0.3,0.7,3253,0.268823,0.421233,-0.00438715,1
6,Gradient Descent,0.3,0.7,3254,0.268845,0.421196,-0.00438733,1
6,Gradient Descent,0.3,0.7,3255,0.268867,0.421158,-0.00438752,1
6,Gradient Descent,0.3,0.7,3256,0.268888,0.421121,-0.00438771,1
6,Gradient Descent,0.3,0.7,3257,0.26891,0.421084,-0.00438789,1
6,Gradient Descent,0.3,0.7,3258,0.268932,0.421046,-0.00438808,1
6,Gradient Descent,0.3,0.7,3259,0.268953,0.421009,-0.00438826,1
6,Gradient Descent,0.3,0.7,3260,0.268975,0.420972,-0.00438845,1
6,Gradient Descent,0.3,0.7,3261,0.268997,0.420934,-0.00438864,1
6,Gradient Descent,0.3,0.7,3262,0.269018,0.420897,-0.00438882,1
6,Gradient Descent,0.3,0.7,3263,0.26904,0.42086,-0.00438901,1
6,Gradient Descent,0.3,0.7,3264,0.269061,0.420823,-0.00438919,1
6,Gradient Descent,0.3,0.7,3265,0.269083,0.420785,-0.00438938,1
6,Gradient Descent,0.3,0.7,3266,0.269105,0.420748,-0.00438956,1
6,Gradient Descent,0.3,0.7,3267,0.269126,0.420711,-0.00438975,1
6,Gradient Descent,0.3,0.7,3268,0.269148,0.420674,-0.00438993,1
6,Gradient Descent,0.3,0.7,3269,0.269169,0.420637,-0.00439012,1
6,Gradient Descent,0.3,0.7,3270,0.269191,0.420599,-0.0043903,1
6,Gradient Descent,0.3,0.7,3271,0.269212,0.420562,-0.00439049,1
6,Gradient Descent,0.3,0.7,3272,0.269234,0.420525,-0.00439067,1
6,Gradient Descent,0.3,0.7,3273,0.269256,0.420488,-0.00439085,1
6,Gradient Descent,0.3,0.7,3274,0.269277,0.420451,-0.00439104,1
6,Gradient Descent,0.3,0.7,3275,0.269299,0.420414,-0.00439122,1
6,Gradient Descent,0.3,0.7,3276,0.26932,0.420377,-0.00439141,1
6,Gradient Descent,0.3,0.7,3277,0.269342,0.42034,-0.00439159,1
6,Gradient Descent,0.3,0.7,3278,0.269363,0.420303,-0.00439177,1
6,Gradient Descent,0.3,0.7,3279,0.269385,0.420266,-0.00439196,1
6,Gradient Descent,0.3,0.7,3280,0.269406,0.420229,-0.00439214,1
6,Gradient Descent,0.3,0.7,3281,0.269428,0.420192,-0.00439232,1
6,Gradient Descent,0.3,0.7,3282,0.269449,0.420155,-0.00439251,1
6,Gradient Descent,0.3,0.7,3283,0.269471,0.420118,-0.00439269,1
6,Gradient Descent,0.3,0.7,3284,0.269492,0.420081,-0.00439287,1
6,Gradient Descent,0.3,0.7,3285,0.269514,0.420044,-0.00439305,1
6,Gradient Descent,0.3,0.7,3286,0.269535,0.420007,-0.00439324,1
6,Gradient Descent,0.3,0.7,3287,0.269557,0.41997,-0.00439342,1
6,Gradient Descent,0.3,0.7,3288,0.269578,0.419933,-0.0043936,1
6,Gradient Descent,0.3,0.7,3289,0.2696,0.419896,-0.00439378,1
6,Gradient Descent,0.3,0.7,3290,0.269621,0.419859,-0.00439397,1
6,Gradient Descent,0.3,0.7,3291,0.269643,0.419823,-0.00439415,1
6,Gradient Descent,0.3,0.7,3292,0.269664,0.419786,-0.00439433,1
6,Gradient Descent,0.3,0.7,3293,0.269686,0.419749,-0.00439451,1
6,Gradient Descent,0.3,0.7,3294,0.269707,0.419712,-0.00439469,1
6,Gradient Descent,0.3,0.7,3295,0.269728,0.419675,-0.00439487,1
6,Gradient Descent,0.3,0.7,3296,0.26975,0.419638,-0.00439505,1
6,Gradient Descent,0.3,0.7,3297,0.269771,0.419602,-0.00439524,1
6,Gradient Descent,0.3,0.7,3298,0.269793,0.419565,-0.00439542,1
6,Gradient Descent,0.3,0.7,3299,0.269814,0.419528,-0.0043956,1
6,Gradient Descent,0.3,0.7,3300,0.269836,0.419492,-0.00439578,1
6,Gradient Descent,0.3,0.7,3301,0.269857,0.419455,-0.00439596,1
6,Gradient Descent,0.3,0.7,3302,0.269878,0.419418,-0.00439614,1
6,Gradient Descent,0.3,0.7,3303,0.2699,0.419381,-0.00439632,1
6,Gradient Descent,0.3,0.7,3304,0.269921,0.419345,-0.0043965,1
6,Gradient Descent,0.3,0.7,3305,0.269943,0.419308,-0.00439668,1
6,Gradient Descent,0.3,0.7,3306,0.269964,0.419272,-0.00439686,1
6,Gradient Descent,0.3,0.7,3307,0.269985,0.419235,-0.00439704,1
6,Gradient Descent,0.3,0.7,3308,0.270007,0.419198,-0.00439722,1
6,Gradient Descent,0.3,0.7,3309,0.270028,0.419162,-0.0043974,1
6,Gradient Descent,0.3,0.7,3310,0.27005,0.419125,-0.00439758,1
6,Gradient Descent,0.3,0.7,3311,0.270071,0.419089,-0.00439776,1
6,Gradient Descent,0.3,0.7,3312,0.270092,0.419052,-0.00439794,1
6,Gradient Descent,0.3,0.7,3313,0.270114,0.419016,-0.00439812,1
6,Gradient Descent,0.3,0.7,3314,0.270135,0.418979,-0.00439829,1
6,Gradient Descent,0.3,0.7,3315,0.270156,0.418942,-0.00439847,1
6,Gradient Descent,0.3,0.7,3316,0.270178,0.418906,-0.00439865,1
6,Gradient Descent,0.3,0.7,3317,0.270199,0.41887,-0.00439883,1
6,Gradient Descent,0.3,0.7,3318,0.27022,0.418833,-0.00439901,1
6,Gradient Descent,0.3,0.7,3319,0.270242,0.418797,-0.00439919,1
6,Gradient Descent,0.3,0.7,3320,0.270263,0.41876,-0.00439936,1
6,Gradient Descent,0.3,0.7,3321,0.270284,0.418724,-0.00439954,1
6,Gradient Descent,0.3,0.7,3322,0.270306,0.418687,-0.00439972,1
6,Gradient Descent,0.3,0.7,3323,0.270327,0.418651,-0.0043999,1
6,Gradient Descent,0.3,0.7,3324,0.270348,0.418615,-0.00440008,1
6,Gradient Descent,0.3,0.7,3325,0.270369,0.418578,-0.00440025,1
6,Gradient Descent,0.3,0.7,3326,0.270391,0.418542,-0.00440043,1
6,Gradient Descent,0.3,0.7,3327,0.270412,0.418506,-0.00440061,1
6,Gradient Descent,0.3,0.7,3328,0.270433,0.418469,-0.00440078,1
6,Gradient Descent,0.3,0.7,3329,0.270455,0.418433,-0.00440096,1
6,Gradient Descent,0.3,0.7,3330,0.270476,0.418397,-0.00440114,1
6,Gradient Descent,0.3,0.7,3331,0.270497,0.41836,-0.00440132,1
6,Gradient Descent,0.3,0.7,3332,0.270518,0.418324,-0.00440149,1
6,Gradient Descent,0.3,0.7,3333,0.27054,0.418288,-0.00440167,1
6,Gradient Descent,0.3,0.7,3334,0.270561,0.418252,-0.00440184,1
6,Gradient Descent,0.3,0.7,3335,0.270582,0.418216,-0.00440202,1
6,Gradient Descent,0.3,0.7,3336,0.270603,0.418179,-0.0044022,1
6,Gradient Descent,0.3,0.7,3337,0.270625,0.418143,-0.00440237,1
6,Gradient Descent,0.3,0.7,3338,0.270646,0.418107,-0.00440255,1
6,Gradient Descent,0.3,0.7,3339,0.270667,0.418071,-0.00440272,1
6,Gradient Descent,0.3,0.7,3340,0.270688,0.418035,-0.0044029,1
6,Gradient Descent,0.3,0.7,3341,0.270709,0.417999,-0.00440308,1
6,Gradient Descent,0.3,0.7,3342,0.270731,0.417962,-0.00440325,1
6,Gradient Descent,0.3,0.7,3343,0.270752,0.417926,-0.00440343,1
6,Gradient Descent,0.3,0.7,3344,0.270773,0.41789,-0.0044036,1
6,Gradient Descent,0.3,0.7,3345,0.270794,0.417854,-0.00440378,1
6,Gradient Descent,0.3,0.7,3346,0.270815,0.417818,-0.00440395,1
6,Gradient Descent,0.3,0.7,3347,0.270837,0.417782,-0.00440413,1
6,Gradient Descent,0.3,0.7,3348,0.270858,0.417746,-0.0044043,1
6,Gradient Descent,0.3,0.7,3349,0.270879,0.41771,-0.00440447,1
6,Gradient Descent,0.3,0.7,3350,0.2709,0.417674,-0.00440465,1
6,Gradient Descent,0.3,0.7,3351,0.270921,0.417638,-0.00440482,1
6,Gradient Descent,0.3,0.7,3352,0.270942,0.417602,-0.004405,1
6,Gradient Descent,0.3,0.7,3353,0.270963,0.417566,-0.00440517,1
6,Gradient Descent,0.3,0.7,3354,0.270985,0.41753,-0.00440534,1
6,Gradient Descent,0.3,0.7,3355,0.271006,0.417494,-0.00440552,1
6,Gradient Descent,0.3,0.7,3356,0.271027,0.417458,-0.00440569,1
6,Gradient Descent,0.3,0.7,3357,0.271048,0.417423,-0.00440587,1
6,Gradient Descent,0.3,0.7,3358,0.271069,0.417387,-0.00440604,1
6,Gradient Descent,0.3,0.7,3359,0.27109,0.417351,-0.00440621,1
6,Gradient Descent,0.3,0.7,3360,0.271111,0.417315,-0.00440638,1
6,Gradient Descent,0.3,0.7,3361,0.271132,0.417279,-0.00440656,1
6,Gradient Descent,0.3,0.7,3362,0.271154,0.417243,-0.00440673,1
6,Gradient Descent,0.3,0.7,3363,0.271175,0.417208,-0.0044069,1
6,Gradient Descent,0.3,0.7,3364,0.271196,0.417172,-0.00440708,1
6,Gradient Descent,0.3,0.7,3365,0.271217,0.417136,-0.00440725,1
6,Gradient Descent,0.3,0.7,3366,0.271238,0.4171,-0.00440742,1
6,Gradient Descent,0.3,0.7,3367,0.271259,0.417064,-0.00440759,1
6,Gradient Descent,0.3,0.7,3368,0.27128,0.417029,-0.00440776,1
6,Gradient Descent,0.3,0.7,3369,0.271301,0.416993,-0.00440794,1
6,Gradient Descent,0.3,0.7,3370,0.271322,0.416957,-0.00440811,1
6,Gradient Descent,0.3,0.7,3371,0.271343,0.416922,-0.00440828,1
6,Gradient Descent,0.3,0.7,3372,0.271364,0.416886,-0.00440845,1
6,Gradient Descent,0.3,0.7,3373,0.271385,0.41685,-0.00440862,1
6,Gradient Descent,0.3,0.7,3374,0.271406,0.416815,-0.00440879,1
6,Gradient Descent,0.3,0.7,3375,0.271427,0.416779,-0.00440897,1
6,Gradient Descent,0.3,0.7,3376,0.271448,0.416743,-0.00440914,1
6,Gradient Descent,0.3,0.7,3377,0.271469,0.416708,-0.00440931,1
6,Gradient Descent,0.3,0.7,3378,0.271491,0.416672,-0.00440948,1
6,Gradient Descent,0.3,0.7,3379,0.271512,0.416637,-0.00440965,1
6,Gradient Descent,0.3,0.7,3380,0.271533,0.416601,-0.00440982,1
6,Gradient Descent,0.3,0.7,3381,0.271554,0.416565,-0.00440999,1
6,Gradient Descent,0.3,0.7,3382,0.271575,0.41653,-0.00441016,1
6,Gradient Descent,0.3,0.7,3383,0.271596,0.416494,-0.00441033,1
6,Gradient Descent,0.3,0.7,3384,0.271617,0.416459,-0.0044105,1
6,Gradient Descent,0.3,0.7,3385,0.271638,0.416423,-0.00441067,1
6,Gradient Descent,0.3,0.7,3386,0.271658,0.416388,-0.00441084,1
6,Gradient Descent,0.3,0.7,3387,0.271679,0.416353,-0.00441101,1
6,Gradient Descent,0.3,0.7,3388,0.2717,0.416317,-0.00441118,1
6,Gradient Descent,0.3,0.7,3389,0.271721,0.416282,-0.00441135,1
6,Gradient Descent,0.3,0.7,3390,0.271742,0.416246,-0.00441152,1
6,Gradient Descent,0.3,0.7,3391,0.271763,0.416211,-0.00441169,1
6,Gradient Descent,0.3,0.7,3392,0.271784,0.416175,-0.00441186,1
6,Gradient Descent,0.3,0.7,3393,0.271805,0.41614,-0.00441203,1
6,Gradient Descent,0.3,0.7,3394,0.271826,0.416105,-0.0044122,1
6,Gradient Descent,0.3,0.7,3395,0.271847,0.416069,-0.00441236,1
6,Gradient Descent,0.3,0.7,3396,0.271868,0.416034,-0.00441253,1
6,Gradient Descent,0.3,0.7,3397,0.271889,0.415999,-0.0044127,1
6,Gradient Descent,0.3,0.7,3398,0.27191,0.415963,-0.00441287,1
6,Gradient Descent,0.3,0.7,3399,0.271931,0.415928,-0.00441304,1
6,Gradient Descent,0.3,0.7,3400,0.271952,0.415893,-0.00441321,1
6,Gradient Descent,0.3,0.7,3401,0.271973,0.415858,-0.00441337,1
6,Gradient Descent,0.3,0.7,3402,0.271993,0.415822,-0.00441354,1
6,Gradient Descent,0.3,0.7,3403,0.272014,0.415787,-0.00441371,1
6,Gradient Descent,0.3,0.7,3404,0.272035,0.415752,-0.00441388,1
6,Gradient Descent,0.3,0.7,3405,0.272056,0.415717,-0.00441404,1
6,Gradient Descent,0.3,0.7,3406,0.272077,0.415681,-0.00441421,1
6,Gradient Descent,0.3,0.7,3407,0.272098,0.415646,-0.00441438,1
6,Gradient Descent,0.3,0.7,3408,0.272119,0.415611,-0.00441455,1
6,Gradient Descent,0.3,0.7,3409,0.27214,0.415576,-0.00441471,1
6,Gradient Descent,0.3,0.7,3410,0.27216,0.415541,-0.00441488,1
6,Gradient Descent,0.3,0.7,3411,0.272181,0.415506,-0.00441505,1
6,Gradient Descent,0.3,0.7,3412,0.272202,0.415471,-0.00441521,1
6,Gradient Descent,0.3,0.7,3413,0.272223,0.415435,-0.00441538,1
6,Gradient Descent,0.3,0.7,3414,0.272244,0.4154,-0.00441555,1
6,Gradient Descent,0.3,0.7,3415,0.272265,0.415365,-0.00441571,1
6,Gradient Descent,0.3,0.7,3416,0.272285,0.41533,-0.00441588,1
6,Gradient Descent,0.3,0.7,3417,0.272306,0.415295,-0.00441605,1
6,Gradient Descent,0.3,0.7,3418,0.272327,0.41526,-0.00441621,1
6,Gradient Descent,0.3,0.7,3419,0.272348,0.415225,-0.00441638,1
6,Gradient Descent,0.3,0.7,3420,0.272369,0.41519,-0.00441654,1
6,Gradient Descent,0.3,0.7,3421,0.272389,0.415155,-0.00441671,1
6,Gradient Descent,0.3,0.7,3422,0.27241,0.41512,-0.00441687,1
6,Gradient Descent,0.3,0.7,3423,0.272431,0.415085,-0.00441704,1
6,Gradient Descent,0.3,0.7,3424,0.272452,0.41505,-0.0044172,1
6,Gradient Descent,0.3,0.7,3425,0.272473,0.415015,-0.00441737,1
6,Gradient Descent,0.3,0.7,3426,0.272493,0.41498,-0.00441753,1
6,Gradient Descent,0.3,0.7,3427,0.272514,0.414946,-0.0044177,1
6,Gradient Descent,0.3,0.7,3428,0.272535,0.414911,-0.00441786,1
6,Gradient Descent,0.3,0.7,3429,0.272556,0.414876,-0.00441803,1
6,Gradient Descent,0.3,0.7,3430,0.272576,0.414841,-0.00441819,1
6,Gradient Descent,0.3,0.7,3431,0.272597,0.414806,-0.00441836,1
6,Gradient Descent,0.3,0.7,3432,0.272618,0.414771,-0.00441852,1
6,Gradient Descent,0.3,0.7,3433,0.272639,0.414737,-0.00441869,1
6,Gradient Descent,0.3,0.7,3434,0.272659,0.414702,-0.00441885,1
6,Gradient Descent,0.3,0.7,3435,0.27268,0.414667,-0.00441901,1
6,Gradient Descent,0.3,0.7,3436,0.272701,0.414632,-0.00441918,1
6,Gradient Descent,0.3,0.7,3437,0.272722,0.414597,-0.00441934,1
6,Gradient Descent,0.3,0.7,3438,0.272742,0.414563,-0.00441951,1
6,Gradient Descent,0.3,0.7,3439,0.272763,0.414528,-0.00441967,1
6,Gradient Descent,0.3,0.7,3440,0.272784,0.414493,-0.00441983,1
6,Gradient Descent,0.3,0.7,3441,0.272804,0.414458,-0.00442,1
6,Gradient Descent,0.3,0.7,3442,0.272825,0.414424,-0.00442016,1
6,Gradient Descent,0.3,0.7,3443,0.272846,0.414389,-0.00442032,1
6,Gradient Descent,0.3,0.7,3444,0.272866,0.414354,-0.00442048,1
6,Gradient Descent,0.3,0.7,3445,0.272887,0.41432,-0.00442065,1
6,Gradient Descent,0.3,0.7,3446,0.272908,0.414285,-0.00442081,1
6,Gradient Descent,0.3,0.7,3447,0.272928,0.414251,-0.00442097,1
6,Gradient Descent,0.3,0.7,3448,0.272949,0.414216,-0.00442113,1
6,Gradient Descent,0.3,0.7,3449,0.27297,0.414181,-0.0044213,1
6,Gradient Descent,0.3,0.7,3450,0.27299,0.414147,-0.00442146,1
6,Gradient Descent,0.3,0.7,3451,0.273011,0.414112,-0.00442162,1
6,Gradient Descent,0.3,0.7,3452,0.273032,0.414078,-0.00442178,1
6,Gradient Descent,0.3,0.7,3453,0.273052,0.414043,-0.00442194,1
6,Gradient Descent,0.3,0.7,3454,0.273073,0.414009,-0.00442211,1
6,Gradient Descent,0.3,0.7,3455,0.273093,0.413974,-0.00442227,1
6,Gradient Descent,0.3,0.7,3456,0.273114,0.41394,-0.00442243,1
6,Gradient Descent,0.3,0.7,3457,0.273135,0.413905,-0.00442259,1
6,Gradient Descent,0.3,0.7,3458,0.273155,0.413871,-0.00442275,1
6,Gradient Descent,0.3,0.7,3459,0.273176,0.413836,-0.00442291,1
6,Gradient Descent,0.3,0.7,3460,0.273197,0.413802,-0.00442307,1
6,Gradient Descent,0.3,0.7,3461,0.273217,0.413767,-0.00442323,1
6,Gradient Descent,0.3,0.7,3462,0.273238,0.413733,-0.0044234,1
6,Gradient Descent,0.3,0.7,3463,0.273258,0.413699,-0.00442356,1
6,Gradient Descent,0.3,0.7,3464,0.273279,0.413664,-0.00442372,1
6,Gradient Descent,0.3,0.7,3465,0.273299,0.41363,-0.00442388,1
6,Gradient Descent,0.3,0.7,3466,0.27332,0.413595,-0.00442404,1
6,Gradient Descent,0.3,0.7,3467,0.273341,0.413561,-0.0044242,1
6,Gradient Descent,0.3,0.7,3468,0.273361,0.413527,-0.00442436,1
6,Gradient Descent,0.3,0.7,3469,0.273382,0.413493,-0.00442452,1
6,Gradient Descent,0.3,0.7,3470,0.273402,0.413458,-0.00442468,1
6,Gradient Descent,0.3,0.7,3471,0.273423,0.413424,-0.00442484,1
6,Gradient Descent,0.3,0.7,3472,0.273443,0.41339,-0.004425,1
6,Gradient Descent,0.3,0.7,3473,0.273464,0.413355,-0.00442516,1
6,Gradient Descent,0.3,0.7,3474,0.273484,0.413321,-0.00442532,1
6,Gradient Descent,0.3,0.7,3475,0.273505,0.413287,-0.00442547,1
6,Gradient Descent,0.3,0.7,3476,0.273525,0.413253,-0.00442563,1
6,Gradient Descent,0.3,0.7,3477,0.273546,0.413219,-0.00442579,1
6,Gradient Descent,0.3,0.7,3478,0.273566,0.413184,-0.00442595,1
6,Gradient Descent,0.3,0.7,3479,0.273587,0.41315,-0.00442611,1
6,Gradient Descent,0.3,0.7,3480,0.273607,0.413116,-0.00442627,1
6,Gradient Descent,0.3,0.7,3481,0.273628,0.413082,-0.00442643,1
6,Gradient Descent,0.3,0.7,3482,0.273648,0.413048,-0.00442659,1
6,Gradient Descent,0.3,0.7,3483,0.273669,0.413014,-0.00442674,1
6,Gradient Descent,0.3,0.7,3484,0.273689,0.412979,-0.0044269,1
6,Gradient Descent,0.3,0.7,3485,0.27371,0.412945,-0.00442706,1
6,Gradient Descent,0.3,0.7,3486,0.27373,0.412911,-0.00442722,1
6,Gradient Descent,0.3,0.7,3487,0.273751,0.412877,-0.00442738,1
6,Gradient Descent,0.3,0.7,3488,0.273771,0.412843,-0.00442753,1
6,Gradient Descent,0.3,0.7,3489,0.273791,0.412809,-0.00442769,1
6,Gradient Descent,0.3,0.7,3490,0.273812,0.412775,-0.00442785,1
6,Gradient Descent,0.3,0.7,3491,0.273832,0.412741,-0.00442801,1
6,Gradient Descent,0.3,0.7,3492,0.273853,0.412707,-0.00442816,1
6,Gradient Descent,0.3,0.7,3493,0.273873,0.412673,-0.00442832,1
6,Gradient Descent,0.3,0.7,3494,0.273894,0.412639,-0.00442848,1
6,Gradient Descent,0.3,0.7,3495,0.273914,0.412605,-0.00442863,1
6,Gradient Descent,0.3,0.7,3496,0.273934,0.412571,-0.00442879,1
6,Gradient Descent,0.3,0.7,3497,0.273955,0.412537,-0.00442895,1
6,Gradient Descent,0.3,0.7,3498,0.273975,0.412503,-0.0044291,1
6,Gradient Descent,0.3,0.7,3499,0.273996,0.41247,-0.00442926,1
6,Gradient Descent,0.3,0.7,3500,0.274016,0.412436,-0.00442942,1
6,Gradient Descent,0.3,0.7,3501,0.274036,0.412402,-0.00442957,1
6,Gradient Descent,0.3,0.7,3502,0.274057,0.412368,-0.00442973,1
6,Gradient Descent,0.3,0.7,3503,0.274077,0.412334,-0.00442989,1
6,Gradient Descent,0.3,0.7,3504,0.274098,0.4123,-0.00443004,1
6,Gradient Descent,0.3,0.7,3505,0.274118,0.412266,-0.0044302,1
6,Gradient Descent,0.3,0.7,3506,0.274138,0.412233,-0.00443035,1
6,Gradient Descent,0.3,0.7,3507,0.274159,0.412199,-0.00443051,1
6,Gradient Descent,0.3,0.7,3508,0.274179,0.412165,-0.00443066,1
6,Gradient Descent,0.3,0.7,3509,0.274199,0.412131,-0.00443082,1
6,Gradient Descent,0.3,0.7,3510,0.27422,0.412098,-0.00443097,1
6,Gradient Descent,0.3,0.7,3511,0.27424,0.412064,-0.00443113,1
6,Gradient Descent,0.3,0.7,3512,0.27426,0.41203,-0.00443129,1
6,Gradient Descent,0.3,0.7,3513,0.274281,0.411996,-0.00443144,1
6,Gradient Descent,0.3,0.7,3514,0.274301,0.411963,-0.00443159,1
6,Gradient Descent,0.3,0.7,3515,0.274321,0.411929,-0.00443175,1
6,Gradient Descent,0.3,0.7,3516,0.274341,0.411895,-0.0044319,1
6,Gradient Descent,0.3,0.7,3517,0.274362,0.411862,-0.00443206,1
6,Gradient Descent,0.3,0.7,3518,0.274382,0.411828,-0.00443221,1
6,Gradient Descent,0.3,0.7,3519,0.274402,0.411794,-0.00443237,1
6,Gradient Descent,0.3,0.7,3520,0.274423,0.411761,-0.00443252,1
6,Gradient Descent,0.3,0.7,3521,0.274443,0.411727,-0.00443267,1
6,Gradient Descent,0.3,0.7,3522,0.274463,0.411694,-0.00443283,1
6,Gradient Descent,0.3,0.7,3523,0.274483,0.41166,-0.00443298,1
6,Gradient Descent,0.3,0.7,3524,0.274504,0.411627,-0.00443314,1
6,Gradient Descent,0.3,0.7,3525,0.274524,0.411593,-0.00443329,1
6,Gradient Descent,0.3,0.7,3526,0.274544,0.411559,-0.00443344,1
6,Gradient Descent,0.3,0.7,3527,0.274564,0.411526,-0.0044336,1
6,Gradient Descent,0.3,0.7,3528,0.274585,0.411492,-0.00443375,1
6,Gradient Descent,0.3,0.7,3529,0.274605,0.411459,-0.0044339,1
6,Gradient Descent,0.3,0.7,3530,0.274625,0.411426,-0.00443406,1
6,Gradient Descent,0.3,0.7,3531,0.274645,0.411392,-0.00443421,1
6,Gradient Descent,0.3,0.7,3532,0.274666,0.411359,-0.00443436,1
6,Gradient Descent,0.3,0.7,3533,0.274686,0.411325,-0.00443451,1
6,Gradient Descent,0.3,0.7,3534,0.274706,0.411292,-0.00443467,1
6,Gradient Descent,0.3,0.7,3535,0.274726,0.411258,-0.00443482,1
6,Gradient Descent,0.3,0.7,3536,0.274746,0.411225,-0.00443497,1
6,Gradient Descent,0.3,0.7,3537,0.274767,0.411192,-0.00443512,1
6,Gradient Descent,0.3,0.7,3538,0.274787,0.411158,-0.00443527,1
6,Gradient Descent,0.3,0.7,3539,0.274807,0.411125,-0.00443543,1
6,Gradient Descent,0.3,0.7,3540,0.274827,0.411092,-0.00443558,1
6,Gradient Descent,0.3,0.7,3541,0.274847,0.411058,-0.00443573,1
6,Gradient Descent,0.3,0.7,3542,0.274867,0.411025,-0.00443588,1
6,Gradient Descent,0.3,0.7,3543,0.274888,0.410992,-0.00443603,1
6,Gradient Descent,0.3,0.7,3544,0.274908,0.410958,-0.00443618,1
6,Gradient Descent,0.3,0.7,3545,0.274928,0.410925,-0.00443634,1
6,Gradient Descent,0.3,0.7,3546,0.274948,0.410892,-0.00443649,1
6,Gradient Descent,0.3,0.7,3547,0.274968,0.410859,-0.00443664,1
6,Gradient Descent,0.3,0.7,3548,0.274988,0.410825,-0.00443679,1
6,Gradient Descent,0.3,0.7,3549,0.275009,0.410792,-0.00443694,1
6,Gradient Descent,0.3,0.7,3550,0.275029,0.410759,-0.00443709,1
6,Gradient Descent,0.3,0.7,3551,0.275049,0.410726,-0.00443724,1
6,Gradient Descent,0.3,0.7,3552,0.275069,0.410692,-0.00443739,1
6,Gradient Descent,0.3,0.7,3553,0.275089,0.410659,-0.00443754,1
6,Gradient Descent,0.3,0.7,3554,0.275109,0.410626,-0.00443769,1
6,Gradient Descent,0.3,0.7,3555,0.275129,0.410593,-0.00443784,1
6,Gradient Descent,0.3,0.7,3556,0.275149,0.41056,-0.00443799,1
6,Gradient Descent,0.3,0.7,3557,0.275169,0.410527,-0.00443814,1
6,Gradient Descent,0.3,0.7,3558,0.275189,0.410494,-0.00443829,1
6,Gradient Descent,0.3,0.7,3559,0.27521,0.410461,-0.00443844,1
6,Gradient Descent,0.3,0.7,3560,0.27523,0.410428,-0.00443859,1
6,Gradient Descent,0.3,0.7,3561,0.27525,0.410394,-0.00443874,1
6,Gradient Descent,0.3,0.7,3562,0.27527,0.410361,-0.00443889,1
6,Gradient Descent,0.3,0.7,3563,0.27529,0.410328,-0.00443904,1
6,Gradient Descent,0.3,0.7,3564,0.27531,0.410295,-0.00443919,1
6,Gradient Descent,0.3,0.7,3565,0.27533,0.410262,-0.00443934,1
6,Gradient Descent,0.3,0.7,3566,0.27535,0.410229,-0.00443949,1
6,Gradient Descent,0.3,0.7,3567,0.27537,0.410196,-0.00443964,1
6,Gradient Descent,0.3,0.7,3568,0.27539,0.410163,-0.00443979,1
6,Gradient Descent,0.3,0.7,3569,0.27541,0.410131,-0.00443993,1
6,Gradient Descent,0.3,0.7,3570,0.27543,0.410098,-0.00444008,1
6,Gradient Descent,0.3,0.7,3571,0.27545,0.410065,-0.00444023,1
6,Gradient Descent,0.3,0.7,3572,0.27547,0.410032,-0.00444038,1
6,Gradient Descent,0.3,0.7,3573,0.27549,0.409999,-0.00444053,1
6,Gradient Descent,0.3,0.7,3574,0.27551,0.409966,-0.00444068,1
6,Gradient Descent,0.3,0.7,3575,0.27553,0.409933,-0.00444082,1
6,Gradient Descent,0.3,0.7,3576,0.27555,0.4099,-0.00444097,1
6,Gradient Descent,0.3,0.7,3577,0.27557,0.409867,-0.00444112,1
6,Gradient Descent,0.3,0.7,3578,0.27559,0.409835,-0.00444127,1
6,Gradient Descent,0.3,0.7,3579,0.27561,0.409802,-0.00444141,1
6,Gradient Descent,0.3,0.7,3580,0.27563,0.409769,-0.00444156,1
6,Gradient Descent,0.3,0.7,3581,0.27565,0.409736,-0.00444171,1
6,Gradient Descent,0.3,0.7,3582,0.27567,0.409703,-0.00444186,1
6,Gradient Descent,0.3,0.7,3583,0.27569,0.409671,-0.004442,1
6,Gradient Descent,0.3,0.7,3584,0.27571,0.409638,-0.00444215,1
6,Gradient Descent,0.3,0.7,3585,0.27573,0.409605,-0.0044423,1
6,Gradient Descent,0.3,0.7,3586,0.27575,0.409572,-0.00444244,1
6,Gradient Descent,0.3,0.7,3587,0.27577,0.40954,-0.00444259,1
6,Gradient Descent,0.3,0.7,3588,0.275789,0.409507,-0.00444274,1
6,Gradient Descent,0.3,0.7,3589,0.275809,0.409474,-0.00444288,1
6,Gradient Descent,0.3,0.7,3590,0.275829,0.409442,-0.00444303,1
6,Gradient Descent,0.3,0.7,3591,0.275849,0.409409,-0.00444318,1
6,Gradient Descent,0.3,0.7,3592,0.275869,0.409376,-0.00444332,1
6,Gradient Descent,0.3,0.7,3593,0.275889,0.409344,-0.00444347,1
6,Gradient Descent,0.3,0.7,3594,0.275909,0.409311,-0.00444361,1
6,Gradient Descent,0.3,0.7,3595,0.275929,0.409279,-0.00444376,1
6,Gradient Descent,0.3,0.7,3596,0.275949,0.409246,-0.00444391,1
6,Gradient Descent,0.3,0.7,3597,0.275969,0.409213,-0.00444405,1
6,Gradient Descent,0.3,0.7,3598,0.275988,0.409181,-0.0044442,1
6,Gradient Descent,0.3,0.7,3599,0.276008,0.409148,-0.00444434,1
6,Gradient Descent,0.3,0.7,3600,0.276028,0.409116,-0.00444449,1
6,Gradient Descent,0.3,0.7,3601,0.276048,0.409083,-0.00444463,1
6,Gradient Descent,0.3,0.7,3602,0.276068,0.409051,-0.00444478,1
6,Gradient Descent,0.3,0.7,3603,0.276088,0.409018,-0.00444492,1
6,Gradient Descent,0.3,0.7,3604,0.276108,0.408986,-0.00444507,1
6,Gradient Descent,0.3,0.7,3605,0.276127,0.408953,-0.00444521,1
6,Gradient Descent,0.3,0.7,3606,0.276147,0.408921,-0.00444536,1
6,Gradient Descent,0.3,0.7,3607,0.276167,0.408888,-0.0044455,1
6,Gradient Descent,0.3,0.7,3608,0.276187,0.408856,-0.00444565,1
6,Gradient Descent,0.3,0.7,3609,0.276207,0.408823,-0.00444579,1
6,Gradient Descent,0.3,0.7,3610,0.276226,0.408791,-0.00444593,1
6,Gradient Descent,0.3,0.7,3611,0.276246,0.408759,-0.00444608,1
6,Gradient Descent,0.3,0.7,3612,0.276266,0.408726,-0.00444622,1
6,Gradient Descent,0.3,0.7,3613,0.276286,0.408694,-0.00444637,1
6,Gradient Descent,0.3,0.7,3614,0.276306,0.408662,-0.00444651,1
6,Gradient Descent,0.3,0.7,3615,0.276325,0.408629,-0.00444665,1
6,Gradient Descent,0.3,0.7,3616,0.276345,0.408597,-0.0044468,1
6,Gradient Descent,0.3,0.7,3617,0.276365,0.408565,-0.00444694,1
6,Gradient Descent,0.3,0.7,3618,0.276385,0.408532,-0.00444708,1
6,Gradient Descent,0.3,0.7,3619,0.276405,0.4085,-0.00444723,1
6,Gradient Descent,0.3,0.7,3620,0.276424,0.408468,-0.00444737,1
6,Gradient Descent,0.3,0.7,3621,0.276444,0.408436,-0.00444751,1
6,Gradient Descent,0.3,0.7,3622,0.276464,0.408403,-0.00444766,1
6,Gradient Descent,0.3,0.7,3623,0.276484,0.408371,-0.0044478,1
6,Gradient Descent,0.3,0.7,3624,0.276503,0.408339,-0.00444794,1
6,Gradient Descent,0.3,0.7,3625,0.276523,0.408307,-0.00444809,1
6,Gradient Descent,0.3,0.7,3626,0.276543,0.408274,-0.00444823,1
6,Gradient Descent,0.3,0.7,3627,0.276562,0.408242,-0.00444837,1
6,Gradient Descent,0.3,0.7,3628,0.276582,0.40821,-0.00444851,1
6,Gradient Descent,0.3,0.7,3629,0.276602,0.408178,-0.00444865,1
6,Gradient Descent,0.3,0.7,3630,0.276622,0.408146,-0.0044488,1
6,Gradient Descent,0.3,0.7,3631,0.276641,0.408114,-0.00444894,1
6,Gradient Descent,0.3,0.7,3632,0.276661,0.408082,-0.00444908,1
6,Gradient Descent,0.3,0.7,3633,0.276681,0.408049,-0.00444922,1
6,Gradient Descent,0.3,0.7,3634,0.2767,0.408017,-0.00444936,1
6,Gradient Descent,0.3,0.7,3635,0.27672,0.407985,-0.00444951,1
6,Gradient Descent,0.3,0.7,3636,0.27674,0.407953,-0.00444965,1
6,Gradient Descent,0.3,0.7,3637,0.276759,0.407921,-0.00444979,1
6,Gradient Descent,0.3,0.7,3638,0.276779,0.407889,-0.00444993,1
6,Gradient Descent,0.3,0.7,3639,0.276799,0.407857,-0.00445007,1
6,Gradient Descent,0.3,0.7,3640,0.276818,0.407825,-0.00445021,1
6,Gradient Descent,0.3,0.7,3641,0.276838,0.407793,-0.00445035,1
6,Gradient Descent,0.3,0.7,3642,0.276858,0.407761,-0.00445049,1
6,Gradient Descent,0.3,0.7,3643,0.276877,0.407729,-0.00445063,1
6,Gradient Descent,0.3,0.7,3644,0.276897,0.407697,-0.00445078,1
6,Gradient Descent,0.3,0.7,3645,0.276916,0.407665,-0.00445092,1
6,Gradient Descent,0.3,0.7,3646,0.276936,0.407633,-0.00445106,1
6,Gradient Descent,0.3,0.7,3647,0.276956,0.407601,-0.0044512,1
6,Gradient Descent,0.3,0.7,3648,0.276975,0.407569,-0.00445134,1
6,Gradient Descent,0.3,0.7,3649,0.276995,0.407538,-0.00445148,1
6,Gradient Descent,0.3,0.7,3650,0.277015,0.407506,-0.00445162,1
6,Gradient Descent,0.3,0.7,3651,0.277034,0.407474,-0.00445176,1
6,Gradient Descent,0.3,0.7,3652,0.277054,0.407442,-0.0044519,1
6,Gradient Descent,0.3,0.7,3653,0.277073,0.40741,-0.00445204,1
6,Gradient Descent,0.3,0.7,3654,0.277093,0.407378,-0.00445218,1
6,Gradient Descent,0.3,0.7,3655,0.277112,0.407347,-0.00445232,1
6,Gradient Descent,0.3,0.7,3656,0.277132,0.407315,-0.00445245,1
6,Gradient Descent,0.3,0.7,3657,0.277152,0.407283,-0.00445259,1
6,Gradient Descent,0.3,0.7,3658,0.277171,0.407251,-0.00445273,1
6,Gradient Descent,0.3,0.7,3659,0.277191,0.407219,-0.00445287,1
6,Gradient Descent,0.3,0.7,3660,0.27721,0.407188,-0.00445301,1
6,Gradient Descent,0.3,0.7,3661,0.27723,0.407156,-0.00445315,1
6,Gradient Descent,0.3,0.7,3662,0.277249,0.407124,-0.00445329,1
6,Gradient Descent,0.3,0.7,3663,0.277269,0.407092,-0.00445343,1
6,Gradient Descent,0.3,0.7,3664,0.277288,0.407061,-0.00445357,1
6,Gradient Descent,0.3,0.7,3665,0.277308,0.407029,-0.0044537,1
6,Gradient Descent,0.3,0.7,3666,0.277327,0.406997,-0.00445384,1
6,Gradient Descent,0.3,0.7,3667,0.277347,0.406966,-0.00445398,1
6,Gradient Descent,0.3,0.7,3668,0.277366,0.406934,-0.00445412,1
6,Gradient Descent,0.3,0.7,3669,0.277386,0.406902,-0.00445426,1
6,Gradient Descent,0.3,0.7,3670,0.277405,0.406871,-0.0044544,1
6,Gradient Descent,0.3,0.7,3671,0.277425,0.406839,-0.00445453,1
6,Gradient Descent,0.3,0.7,3672,0.277444,0.406808,-0.00445467,1
6,Gradient Descent,0.3,0.7,3673,0.277464,0.406776,-0.00445481,1
6,Gradient Descent,0.3,0.7,3674,0.277483,0.406745,-0.00445495,1
6,Gradient Descent,0.3,0.7,3675,0.277503,0.406713,-0.00445508,1
6,Gradient Descent,0.3,0.7,3676,0.277522,0.406681,-0.00445522,1
6,Gradient Descent,0.3,0.7,3677,0.277542,0.40665,-0.00445536,1
6,Gradient Descent,0.3,0.7,3678,0.277561,0.406618,-0.0044555,1
6,Gradient Descent,0.3,0.7,3679,0.277581,0.406587,-0.00445563,1
6,Gradient Descent,0.3,0.7,3680,0.2776,0.406555,-0.00445577,1
6,Gradient Descent,0.3,0.7,3681,0.277619,0.406524,-0.00445591,1
6,Gradient Descent,0.3,0.7,3682,0.277639,0.406492,-0.00445604,1
6,Gradient Descent,0.3,0.7,3683,0.277658,0.406461,-0.00445618,1
6,Gradient Descent,0.3,0.7,3684,0.277678,0.40643,-0.00445632,1
6,Gradient Descent,0.3,0.7,3685,0.277697,0.406398,-0.00445645,1
6,Gradient Descent,0.3,0.7,3686,0.277717,0.406367,-0.00445659,1
6,Gradient Descent,0.3,0.7,3687,0.277736,0.406335,-0.00445672,1
6,Gradient Descent,0.3,0.7,3688,0.277755,0.406304,-0.00445686,1
6,Gradient Descent,0.3,0.7,3689,0.277775,0.406273,-0.004457,1
6,Gradient Descent,0.3,0.7,3690,0.277794,0.406241,-0.00445713,1
6,Gradient Descent,0.3,0.7,3691,0.277814,0.40621,-0.00445727,1
6,Gradient Descent,0.3,0.7,3692,0.277833,0.406179,-0.0044574,1
6,Gradient Descent,0.3,0.7,3693,0.277852,0.406147,-0.00445754,1
6,Gradient Descent,0.3,0.7,3694,0.277872,0.406116,-0.00445768,1
6,Gradient Descent,0.3,0.7,3695,0.277891,0.406085,-0.00445781,1
6,Gradient Descent,0.3,0.7,3696,0.27791,0.406053,-0.00445795,1
6,Gradient Descent,0.3,0.7,3697,0.27793,0.406022,-0.00445808,1
6,Gradient Descent,0.3,0.7,3698,0.277949,0.405991,-0.00445822,1
6,Gradient Descent,0.3,0.7,3699,0.277968,0.40596,-0.00445835,1
6,Gradient Descent,0.3,0.7,3700,0.277988,0.405928,-0.00445849,1
6,Gradient Descent,0.3,0.7,3701,0.278007,0.405897,-0.00445862,1
6,Gradient Descent,0.3,0.7,3702,0.278026,0.405866,-0.00445876,1
6,Gradient Descent,0.3,0.7,3703,0.278046,0.405835,-0.00445889,1
6,Gradient Descent,0.3,0.7,3704,0.278065,0.405804,-0.00445903,1
6,Gradient Descent,0.3,0.7,3705,0.278084,0.405772,-0.00445916,1
6,Gradient Descent,0.3,0.7,3706,0.278104,0.405741,-0.00445929,1
6,Gradient Descent,0.3,0.7,3707,0.278123,0.40571,-0.00445943,1
6,Gradient Descent,0.3,0.7,3708,0.278142,0.405679,-0.00445956,1
6,Gradient Descent,0.3,0.7,3709,0.278162,0.405648,-0.0044597,1
6,Gradient Descent,0.3,0.7,3710,0.278181,0.405617,-0.00445983,1
6,Gradient Descent,0.3,0.7,3711,0.2782,0.405586,-0.00445996,1
6,Gradient Descent,0.3,0.7,3712,0.278219,0.405555,-0.0044601,1
6,Gradient Descent,0.3,0.7,3713,0.278239,0.405523,-0.00446023,1
6,Gradient Descent,0.3,0.7,3714,0.278258,0.405492,-0.00446036,1
6,Gradient Descent,0.3,0.7,3715,0.278277,0.405461,-0.0044605,1
6,Gradient Descent,0.3,0.7,3716,0.278296,0.40543,-0.00446063,1
6,Gradient Descent,0.3,0.7,3717,0.278316,0.405399,-0.00446076,1
6,Gradient Descent,0.3,0.7,3718,0.278335,0.405368,-0.0044609,1
6,Gradient Descent,0.3,0.7,3719,0.278354,0.405337,-0.00446103,1
6,Gradient Descent,0.3,0.7,3720,0.278373,0.405306,-0.00446116,1
6,Gradient Descent,0.3,0.7,3721,0.278393,0.405275,-0.0044613,1
6,Gradient Descent,0.3,0.7,3722,0.278412,0.405244,-0.00446143,1
6,Gradient Descent,0.3,0.7,3723,0.278431,0.405213,-0.00446156,1
6,Gradient Descent,0.3,0.7,3724,0.27845,0.405183,-0.00446169,1
6,Gradient Descent,0.3,0.7,3725,0.278469,0.405152,-0.00446183,1
6,Gradient Descent,0.3,0.7,3726,0.278489,0.405121,-0.00446196,1
6,Gradient Descent,0.3,0.7,3727,0.278508,0.40509,-0.00446209,1
6,Gradient Descent,0.3,0.7,3728,0.278527,0.405059,-0.00446222,1
6,Gradient Descent,0.3,0.7,3729,0.278546,0.405028,-0.00446236,1
6,Gradient Descent,0.3,0.7,3730,0.278565,0.404997,-0.00446249,1
6,Gradient Descent,0.3,0.7,3731,0.278585,0.404966,-0.00446262,1
6,Gradient Descent,0.3,0.7,3732,0.278604,0.404936,-0.00446275,1
6,Gradient Descent,0.3,0.7,3733,0.278623,0.404905,-0.00446288,1
6,Gradient Descent,0.3,0.7,3734,0.278642,0.404874,-0.00446301,1
6,Gradient Descent,0.3,0.7,3735,0.278661,0.404843,-0.00446315,1
6,Gradient Descent,0.3,0.7,3736,0.27868,0.404812,-0.00446328,1
6,Gradient Descent,0.3,0.7,3737,0.278699,0.404782,-0.00446341,1
6,Gradient Descent,0.3,0.7,3738,0.278719,0.404751,-0.00446354,1
6,Gradient Descent,0.3,0.7,3739,0.278738,0.40472,-0.00446367,1
6,Gradient Descent,0.3,0.7,3740,0.278757,0.404689,-0.0044638,1
6,Gradient Descent,0.3,0.7,3741,0.278776,0.404659,-0.00446393,1
6,Gradient Descent,0.3,0.7,3742,0.278795,0.404628,-0.00446406,1
6,Gradient Descent,0.3,0.7,3743,0.278814,0.404597,-0.00446419,1
6,Gradient Descent,0.3,0.7,3744,0.278833,0.404567,-0.00446432,1
6,Gradient Descent,0.3,0.7,3745,0.278852,0.404536,-0.00446445,1
6,Gradient Descent,0.3,0.7,3746,0.278872,0.404505,-0.00446458,1
6,Gradient Descent,0.3,0.7,3747,0.278891,0.404475,-0.00446471,1
6,Gradient Descent,0.3,0.7,3748,0.27891,0.404444,-0.00446485,1
6,Gradient Descent,0.3,0.7,3749,0.278929,0.404414,-0.00446498,1
6,Gradient Descent,0.3,0.7,3750,0.278948,0.404383,-0.00446511,1
6,Gradient Descent,0.3,0.7,3751,0.278967,0.404352,-0.00446524,1
6,Gradient Descent,0.3,0.7,3752,0.278986,0.404322,-0.00446536,1
6,Gradient Descent,0.3,0.7,3753,0.279005,0.404291,-0.00446549,1
6,Gradient Descent,0.3,0.7,3754,0.279024,0.404261,-0.00446562,1
6,Gradient Descent,0.3,0.7,3755,0.279043,0.40423,-0.00446575,1
6,Gradient Descent,0.3,0.7,3756,0.279062,0.4042,-0.00446588,1
6,Gradient Descent,0.3,0.7,3757,0.279081,0.404169,-0.00446601,1
6,Gradient Descent,0.3,0.7,3758,0.2791,0.404139,-0.00446614,1
6,Gradient Descent,0.3,0.7,3759,0.279119,0.404108,-0.00446627,1
6,Gradient Descent,0.3,0.7,3760,0.279138,0.404078,-0.0044664,1
6,Gradient Descent,0.3,0.7,3761,0.279157,0.404047,-0.00446653,1
6,Gradient Descent,0.3,0.7,3762,0.279176,0.404017,-0.00446666,1
6,Gradient Descent,0.3,0.7,3763,0.279195,0.403986,-0.00446679,1
6,Gradient Descent,0.3,0.7,3764,0.279214,0.403956,-0.00446691,1
6,Gradient Descent,0.3,0.7,3765,0.279233,0.403925,-0.00446704,1
6,Gradient Descent,0.3,0.7,3766,0.279252,0.403895,-0.00446717,1
6,Gradient Descent,0.3,0.7,3767,0.279271,0.403865,-0.0044673,1
6,Gradient Descent,0.3,0.7,3768,0.27929,0.403834,-0.00446743,1
6,Gradient Descent,0.3,0.7,3769,0.279309,0.403804,-0.00446756,1
6,Gradient Descent,0.3,0.7,3770,0.279328,0.403774,-0.00446768,1
6,Gradient Descent,0.3,0.7,3771,0.279347,0.403743,-0.00446781,1
6,Gradient Descent,0.3,0.7,3772,0.279366,0.403713,-0.00446794,1
6,Gradient Descent,0.3,0.7,3773,0.279385,0.403683,-0.00446807,1
6,Gradient Descent,0.3,0.7,3774,0.279404,0.403652,-0.0044682,1
6,Gradient Descent,0.3,0.7,3775,0.279423,0.403622,-0.00446832,1
6,Gradient Descent,0.3,0.7,3776,0.279442,0.403592,-0.00446845,1
6,Gradient Descent,0.3,0.7,3777,0.279461,0.403562,-0.00446858,1
6,Gradient Descent,0.3,0.7,3778,0.27948,0.403531,-0.00446871,1
6,Gradient Descent,0.3,0.7,3779,0.279499,0.403501,-0.00446883,1
6,Gradient Descent,0.3,0.7,3780,0.279518,0.403471,-0.00446896,1
6,Gradient Descent,0.3,0.7,3781,0.279536,0.403441,-0.00446909,1
6,Gradient Descent,0.3,0.7,3782,0.279555,0.40341,-0.00446921,1
6,Gradient Descent,0.3,0.7,3783,0.279574,0.40338,-0.00446934,1
6,Gradient Descent,0.3,0.7,3784,0.279593,0.40335,-0.00446947,1
6,Gradient Descent,0.3,0.7,3785,0.279612,0.40332,-0.00446959,1
6,Gradient Descent,0.3,0.7,3786,0.279631,0.40329,-0.00446972,1
6,Gradient Descent,0.3,0.7,3787,0.27965,0.40326,-0.00446985,1
6,Gradient Descent,0.3,0.7,3788,0.279669,0.40323,-0.00446997,1
6,Gradient Descent,0.3,0.7,3789,0.279688,0.403199,-0.0044701,1
6,Gradient Descent,0.3,0.7,3790,0.279706,0.403169,-0.00447023,1
6,Gradient Descent,0.3,0.7,3791,0.279725,0.403139,-0.00447035,1
6,Gradient Descent,0.3,0.7,3792,0.279744,0.403109,-0.00447048,1
6,Gradient Descent,0.3,0.7,3793,0.279763,0.403079,-0.0044706,1
6,Gradient Descent,0.3,0.7,3794,0.279782,0.403049,-0.00447073,1
6,Gradient Descent,0.3,0.7,3795,0.279801,0.403019,-0.00447085,1
6,Gradient Descent,0.3,0.7,3796,0.279819,0.402989,-0.00447098,1
6,Gradient Descent,0.3,0.7,3797,0.279838,0.402959,-0.00447111,1
6,Gradient Descent,0.3,0.7,3798,0.279857,0.402929,-0.00447123,1
6,Gradient Descent,0.3,0.7,3799,0.279876,0.402899,-0.00447136,1
6,Gradient Descent,0.3,0.7,3800,0.279895,0.402869,-0.00447148,1
6,Gradient Descent,0.3,0.7,3801,0.279914,0.402839,-0.00447161,1
6,Gradient Descent,0.3,0.7,3802,0.279932,0.402809,-0.00447173,1
6,Gradient Descent,0.3,0.7,3803,0.279951,0.402779,-0.00447186,1
6,Gradient Descent,0.3,0.7,3804,0.27997,0.402749,-0.00447198,1
6,Gradient Descent,0.3,0.7,3805,0.279989,0.402719,-0.00447211,1
6,Gradient Descent,0.3,0.7,3806,0.280008,0.402689,-0.00447223,1
6,Gradient Descent,0.3,0.7,3807,0.280026,0.40266,-0.00447235,1
6,Gradient Descent,0.3,0.7,3808,0.280045,0.40263,-0.00447248,1
6,Gradient Descent,0.3,0.7,3809,0.280064,0.4026,-0.0044726,1
6,Gradient Descent,0.3,0.7,3810,0.280083,0.40257,-0.00447273,1
6,Gradient Descent,0.3,0.7,3811,0.280101,0.40254,-0.00447285,1
6,Gradient Descent,0.3,0.7,3812,0.28012,0.40251,-0.00447298,1
6,Gradient Descent,0.3,0.7,3813,0.280139,0.402481,-0.0044731,1
6,Gradient Descent,0.3,0.7,3814,0.280158,0.402451,-0.00447322,1
6,Gradient Descent,0.3,0.7,3815,0.280176,0.402421,-0.00447335,1
6,Gradient Descent,0.3,0.7,3816,0.280195,0.402391,-0.00447347,1
6,Gradient Descent,0.3,0.7,3817,0.280214,0.402361,-0.0044736,1
6,Gradient Descent,0.3,0.7,3818,0.280232,0.402332,-0.00447372,1
6,Gradient Descent,0.3,0.7,3819,0.280251,0.402302,-0.00447384,1
6,Gradient Descent,0.3,0.7,3820,0.28027,0.402272,-0.00447397,1
6,Gradient Descent,0.3,0.7,3821,0.280289,0.402242,-0.00447409,1
6,Gradient Descent,0.3,0.7,3822,0.280307,0.402213,-0.00447421,1
6,Gradient Descent,0.3,0.7,3823,0.280326,0.402183,-0.00447433,1
6,Gradient Descent,0.3,0.7,3824,0.280345,0.402153,-0.00447446,1
6,Gradient Descent,0.3,0.7,3825,0.280363,0.402124,-0.00447458,1
6,Gradient Descent,0.3,0.7,3826,0.280382,0.402094,-0.0044747,1
6,Gradient Descent,0.3,0.7,3827,0.280401,0.402064,-0.00447483,1
6,Gradient Descent,0.3,0.7,3828,0.280419,0.402035,-0.00447495,1
6,Gradient Descent,0.3,0.7,3829,0.280438,0.402005,-0.00447507,1
6,Gradient Descent,0.3,0.7,3830,0.280457,0.401976,-0.00447519,1
6,Gradient Descent,0.3,0.7,3831,0.280475,0.401946,-0.00447532,1
6,Gradient Descent,0.3,0.7,3832,0.280494,0.401916,-0.00447544,1
6,Gradient Descent,0.3,0.7,3833,0.280513,0.401887,-0.00447556,1
6,Gradient Descent,0.3,0.7,3834,0.280531,0.401857,-0.00447568,1
6,Gradient Descent,0.3,0.7,3835,0.28055,0.401828,-0.0044758,1
6,Gradient Descent,0.3,0.7,3836,0.280568,0.401798,-0.00447593,1
6,Gradient Descent,0.3,0.7,3837,0.280587,0.401769,-0.00447605,1
6,Gradient Descent,0.3,0.7,3838,0.280606,0.401739,-0.00447617,1
6,Gradient Descent,0.3,0.7,3839,0.280624,0.40171,-0.00447629,1
6,Gradient Descent,0.3,0.7,3840,0.280643,0.40168,-0.00447641,1
6,Gradient Descent,0.3,0.7,3841,0.280661,0.401651,-0.00447653,1
6,Gradient Descent,0.3,0.7,3842,0.28068,0.401621,-0.00447666,1
6,Gradient Descent,0.3,0.7,3843,0.280699,0.401592,-0.00447678,1
6,Gradient Descent,0.3,0.7,3844,0.280717,0.401562,-0.0044769,1
6,Gradient Descent,0.3,0.7,3845,0.280736,0.401533,-0.00447702,1
6,Gradient Descent,0.3,0.7,3846,0.280754,0.401504,-0.00447714,1
6,Gradient Descent,0.3,0.7,3847,0.280773,0.401474,-0.00447726,1
6,Gradient Descent,0.3,0.7,3848,0.280791,0.401445,-0.00447738,1
6,Gradient Descent,0.3,0.7,3849,0.28081,0.401415,-0.0044775,1
6,Gradient Descent,0.3,0.7,3850,0.280829,0.401386,-0.00447762,1
6,Gradient Descent,0.3,0.7,3851,0.280847,0.401357,-0.00447774,1
6,Gradient Descent,0.3,0.7,3852,0.280866,0.401327,-0.00447786,1
6,Gradient Descent,0.3,0.7,3853,0.280884,0.401298,-0.00447798,1
6,Gradient Descent,0.3,0.7,3854,0.280903,0.401269,-0.0044781,1
6,Gradient Descent,0.3,0.7,3855,0.280921,0.401239,-0.00447822,1
6,Gradient Descent,0.3,0.7,3856,0.28094,0.40121,-0.00447834,1
6,Gradient Descent,0.3,0.7,3857,0.280958,0.401181,-0.00447846,1
6,Gradient Descent,0.3,0.7,3858,0.280977,0.401152,-0.00447858,1
6,Gradient Descent,0.3,0.7,3859,0.280995,0.401122,-0.0044787,1
6,Gradient Descent,0.3,0.7,3860,0.281014,0.401093,-0.00447882,1
6,Gradient Descent,0.3,0.7,3861,0.281032,0.401064,-0.00447894,1
6,Gradient Descent,0.3,0.7,3862,0.281051,0.401035,-0.00447906,1
6,Gradient Descent,0.3,0.7,3863,0.281069,0.401006,-0.00447918,1
6,Gradient Descent,0.3,0.7,3864,0.281088,0.400976,-0.0044793,1
6,Gradient Descent,0.3,0.7,3865,0.281106,0.400947,-0.00447942,1
6,Gradient Descent,0.3,0.7,3866,0.281125,0.400918,-0.00447954,1
6,Gradient Descent,0.3,0.7,3867,0.281143,0.400889,-0.00447966,1
6,Gradient Descent,0.3,0.7,3868,0.281162,0.40086,-0.00447978,1
6,Gradient Descent,0.3,0.7,3869,0.28118,0.400831,-0.0044799,1
6,Gradient Descent,0.3,0.7,3870,0.281198,0.400801,-0.00448001,1
6,Gradient Descent,0.3,0.7,3871,0.281217,0.400772,-0.00448013,1
6,Gradient Descent,0.3,0.7,3872,0.281235,0.400743,-0.00448025,1
6,Gradient Descent,0.3,0.7,3873,0.281254,0.400714,-0.00448037,1
6,Gradient Descent,0.3,0.7,3874,0.281272,0.400685,-0.00448049,1
6,Gradient Descent,0.3,0.7,3875,0.281291,0.400656,-0.00448061,1
6,Gradient Descent,0.3,0.7,3876,0.281309,0.400627,-0.00448073,1
6,Gradient Descent,0.3,0.7,3877,0.281327,0.400598,-0.00448084,1
6,Gradient Descent,0.3,0.7,3878,0.281346,0.400569,-0.00448096,1
6,Gradient Descent,0.3,0.7,3879,0.281364,0.40054,-0.00448108,1
6,Gradient Descent,0.3,0.7,3880,0.281383,0.400511,-0.0044812,1
6,Gradient Descent,0.3,0.7,3881,0.281401,0.400482,-0.00448132,1
6,Gradient Descent,0.3,0.7,3882,0.281419,0.400453,-0.00448143,1
6,Gradient Descent,0.3,0.7,3883,0.281438,0.400424,-0.00448155,1
6,Gradient Descent,0.3,0.7,3884,0.281456,0.400395,-0.00448167,1
6,Gradient Descent,0.3,0.7,3885,0.281474,0.400366,-0.00448179,1
6,Gradient Descent,0.3,0.7,3886,0.281493,0.400337,-0.0044819,1
6,Gradient Descent,0.3,0.7,3887,0.281511,0.400308,-0.00448202,1
6,Gradient Descent,0.3,0.7,3888,0.28153,0.400279,-0.00448214,1
6,Gradient Descent,0.3,0.7,3889,0.281548,0.400251,-0.00448225,1
6,Gradient Descent,0.3,0.7,3890,0.281566,0.400222,-0.00448237,1
6,Gradient Descent,0.3,0.7,3891,0.281585,0.400193,-0.00448249,1
6,Gradient Descent,0.3,0.7,3892,0.281603,0.400164,-0.00448261,1
6,Gradient Descent,0.3,0.7,3893,0.281621,0.400135,-0.00448272,1
6,Gradient Descent,0.3,0.7,3894,0.281639,0.400106,-0.00448284,1
6,Gradient Descent,0.3,0.7,3895,0.281658,0.400077,-0.00448296,1
6,Gradient Descent,0.3,0.7,3896,0.281676,0.400049,-0.00448307,1
6,Gradient Descent,0.3,0.7,3897,0.281694,0.40002,-0.00448319,1
6,Gradient Descent,0.3,0.7,3898,0.281713,0.399991,-0.0044833,1
6,Gradient Descent,0.3,0.7,3899,0.281731,0.399962,-0.00448342,1
6,Gradient Descent,0.3,0.7,3900,0.281749,0.399934,-0.00448354,1
6,Gradient Descent,0.3,0.7,3901,0.281768,0.399905,-0.00448365,1
6,Gradient Descent,0.3,0.7,3902,0.281786,0.399876,-0.00448377,1
6,Gradient Descent,0.3,0.7,3903,0.281804,0.399847,-0.00448388,1
6,Gradient Descent,0.3,0.7,3904,0.281822,0.399819,-0.004484,1
6,Gradient Descent,0.3,0.7,3905,0.281841,0.39979,-0.00448412,1
6,Gradient Descent,0.3,0.7,3906,0.281859,0.399761,-0.00448423,1
6,Gradient Descent,0.3,0.7,3907,0.281877,0.399733,-0.00448435,1
6,Gradient Descent,0.3,0.7,3908,0.281895,0.399704,-0.00448446,1
6,Gradient Descent,0.3,0.7,3909,0.281914,0.399675,-0.00448458,1
6,Gradient Descent,0.3,0.7,3910,0.281932,0.399647,-0.00448469,1
6,Gradient Descent,0.3,0.7,3911,0.28195,0.399618,-0.00448481,1
6,Gradient Descent,0.3,0.7,3912,0.281968,0.399589,-0.00448492,1
6,Gradient Descent,0.3,0.7,3913,0.281987,0.399561,-0.00448504,1
6,Gradient Descent,0.3,0.7,3914,0.282005,0.399532,-0.00448515,1
6,Gradient Descent,0.3,0.7,3915,0.282023,0.399504,-0.00448527,1
6,Gradient Descent,0.3,0.7,3916,0.282041,0.399475,-0.00448538,1
6,Gradient Descent,0.3,0.7,3917,0.282059,0.399447,-0.0044855,1
6,Gradient Descent,0.3,0.7,3918,0.282078,0.399418,-0.00448561,1
6,Gradient Descent,0.3,0.7,3919,0.282096,0.399389,-0.00448573,1
6,Gradient Descent,0.3,0.7,3920,0.282114,0.399361,-0.00448584,1
6,Gradient Descent,0.3,0.7,3921,0.282132,0.399332,-0.00448595,1
6,Gradient Descent,0.3,0.7,3922,0.28215,0.399304,-0.00448607,1
6,Gradient Descent,0.3,0.7,3923,0.282168,0.399275,-0.00448618,1
6,Gradient Descent,0.3,0.7,3924,0.282187,0.399247,-0.0044863,1
6,Gradient Descent,0.3,0.7,3925,0.282205,0.399219,-0.00448641,1
6,Gradient Descent,0.3,0.7,3926,0.282223,0.39919,-0.00448652,1
6,Gradient Descent,0.3,0.7,3927,0.282241,0.399162,-0.00448664,1
6,Gradient Descent,0.3,0.7,3928,0.282259,0.399133,-0.00448675,1
6,Gradient Descent,0.3,0.7,3929,0.282277,0.399105,-0.00448687,1
6,Gradient Descent,0.3,0.7,3930,0.282295,0.399076,-0.00448698,1
6,Gradient Descent,0.3,0.7,3931,0.282314,0.399048,-0.00448709,1
6,Gradient Descent,0.3,0.7,3932,0.282332,0.39902,-0.00448721,1
6,Gradient Descent,0.3,0.7,3933,0.28235,0.398991,-0.00448732,1
6,Gradient Descent,0.3,0.7,3934,0.282368,0.398963,-0.00448743,1
6,Gradient Descent,0.3,0.7,3935,0.282386,0.398935,-0.00448755,1
6,Gradient Descent,0.3,0.7,3936,0.282404,0.398906,-0.00448766,1
6,Gradient Descent,0.3,0.7,3937,0.282422,0.398878,-0.00448777,1
6,Gradient Descent,0.3,0.7,3938,0.28244,0.39885,-0.00448788,1
6,Gradient Descent,0.3,0.7,3939,0.282458,0.398821,-0.004488,1
6,Gradient Descent,0.3,0.7,3940,0.282476,0.398793,-0.00448811,1
6,Gradient Descent,0.3,0.7,3941,0.282495,0.398765,-0.00448822,1
6,Gradient Descent,0.3,0.7,3942,0.282513,0.398737,-0.00448833,1
6,Gradient Descent,0.3,0.7,3943,0.282531,0.398708,-0.00448845,1
6,Gradient Descent,0.3,0.7,3944,0.282549,0.39868,-0.00448856,1
6,Gradient Descent,0.3,0.7,3945,0.282567,0.398652,-0.00448867,1
6,Gradient Descent,0.3,0.7,3946,0.282585,0.398624,-0.00448878,1
6,Gradient Descent,0.3,0.7,3947,0.282603,0.398595,-0.0044889,1
6,Gradient Descent,0.3,0.7,3948,0.282621,0.398567,-0.00448901,1
6,Gradient Descent,0.3,0.7,3949,0.282639,0.398539,-0.00448912,1
6,Gradient Descent,0.3,0.7,3950,0.282657,0.398511,-0.00448923,1
6,Gradient Descent,0.3,0.7,3951,0.282675,0.398483,-0.00448934,1
6,Gradient Descent,0.3,0.7,3952,0.282693,0.398455,-0.00448945,1
6,Gradient Descent,0.3,0.7,3953,0.282711,0.398426,-0.00448957,1
6,Gradient Descent,0.3,0.7,3954,0.282729,0.398398,-0.00448968,1
6,Gradient Descent,0.3,0.7,3955,0.282747,0.39837,-0.00448979,1
6,Gradient Descent,0.3,0.7,3956,0.282765,0.398342,-0.0044899,1
6,Gradient Descent,0.3,0.7,3957,0.282783,0.398314,-0.00449001,1
6,Gradient Descent,0.3,0.7,3958,0.282801,0.398286,-0.00449012,1
6,Gradient Descent,0.3,0.7,3959,0.282819,0.398258,-0.00449023,1
6,Gradient Descent,0.3,0.7,3960,0.282837,0.39823,-0.00449034,1
6,Gradient Descent,0.3,0.7,3961,0.282855,0.398202,-0.00449046,1
6,Gradient Descent,0.3,0.7,3962,0.282873,0.398174,-0.00449057,1
6,Gradient Descent,0.3,0.7,3963,0.282891,0.398146,-0.00449068,1
6,Gradient Descent,0.3,0.7,3964,0.282909,0.398118,-0.00449079,1
6,Gradient Descent,0.3,0.7,3965,0.282927,0.39809,-0.0044909,1
6,Gradient Descent,0.3,0.7,3966,0.282945,0.398062,-0.00449101,1
6,Gradient Descent,0.3,0.7,3967,0.282963,0.398034,-0.00449112,1
6,Gradient Descent,0.3,0.7,3968,0.282981,0.398006,-0.00449123,1
6,Gradient Descent,0.3,0.7,3969,0.282998,0.397978,-0.00449134,1
6,Gradient Descent,0.3,0.7,3970,0.283016,0.39795,-0.00449145,1
6,Gradient Descent,0.3,0.7,3971,0.283034,0.397922,-0.00449156,1
6,Gradient Descent,0.3,0.7,3972,0.283052,0.397894,-0.00449167,1
6,Gradient Descent,0.3,0.7,3973,0.28307,0.397866,-0.00449178,1
6,Gradient Descent,0.3,0.7,3974,0.283088,0.397838,-0.00449189,1
6,Gradient Descent,0.3,0.7,3975,0.283106,0.397811,-0.004492,1
6,Gradient Descent,0.3,0.7,3976,0.283124,0.397783,-0.00449211,1
6,Gradient Descent,0.3,0.7,3977,0.283142,0.397755,-0.00449222,1
6,Gradient Descent,0.3,0.7,3978,0.28316,0.397727,-0.00449233,1
6,Gradient Descent,0.3,0.7,3979,0.283177,0.397699,-0.00449244,1
6,Gradient Descent,0.3,0.7,3980,0.283195,0.397671,-0.00449255,1
6,Gradient Descent,0.3,0.7,3981,0.283213,0.397644,-0.00449266,1
6,Gradient Descent,0.3,0.7,3982,0.283231,0.397616,-0.00449276,1
6,Gradient Descent,0.3,0.7,3983,0.283249,0.397588,-0.00449287,1
6,Gradient Descent,0.3,0.7,3984,0.283267,0.39756,-0.00449298,1
6,Gradient Descent,0.3,0.7,3985,0.283285,0.397533,-0.00449309,1
6,Gradient Descent,0.3,0.7,3986,0.283302,0.397505,-0.0044932,1
6,Gradient Descent,0.3,0.7,3987,0.28332,0.397477,-0.00449331,1
6,Gradient Descent,0.3,0.7,3988,0.283338,0.397449,-0.00449342,1
6,Gradient Descent,0.3,0.7,3989,0.283356,0.397422,-0.00449353,1
6,Gradient Descent,0.3,0.7,3990,0.283374,0.397394,-0.00449363,1
6,Gradient Descent,0.3,0.7,3991,0.283392,0.397366,-0.00449374,1
6,Gradient Descent,0.3,0.7,3992,0.283409,0.397339,-0.00449385,1
6,Gradient Descent,0.3,0.7,3993,0.283427,0.397311,-0.00449396,1
6,Gradient Descent,0.3,0.7,3994,0.283445,0.397283,-0.00449407,1
6,Gradient Descent,0.3,0.7,3995,0.283463,0.397256,-0.00449418,1
6,Gradient Descent,0.3,0.7,3996,0.28348,0.397228,-0.00449428,1
6,Gradient Descent,0.3,0.7,3997,0.283498,0.3972,-0.00449439,1
6,Gradient Descent,0.3,0.7,3998,0.283516,0.397173,-0.0044945,1
6,Gradient Descent,0.3,0.7,3999,0.283534,0.397145,-0.00449461,1
6,Gradient Descent,0.3,0.7,4000,0.283552,0.397118,-0.00449471,1
6,Gradient Descent,0.3,0.7,4001,0.283569,0.39709,-0.00449482,1
6,Gradient Descent,0.3,0.7,4002,0.283587,0.397062,-0.00449493,1
6,Gradient Descent,0.3,0.7,4003,0.283605,0.397035,-0.00449504,1
6,Gradient Descent,0.3,0.7,4004,0.283623,0.397007,-0.00449514,1
6,Gradient Descent,0.3,0.7,4005,0.28364,0.39698,-0.00449525,1
6,Gradient Descent,0.3,0.7,4006,0.283658,0.396952,-0.00449536,1
6,Gradient Descent,0.3,0.7,4007,0.283676,0.396925,-0.00449546,1
6,Gradient Descent,0.3,0.7,4008,0.283694,0.396897,-0.00449557,1
6,Gradient Descent,0.3,0.7,4009,0.283711,0.39687,-0.00449568,1
6,Gradient Descent,0.3,0.7,4010,0.283729,0.396842,-0.00449579,1
6,Gradient Descent,0.3,0.7,4011,0.283747,0.396815,-0.00449589,1
6,Gradient Descent,0.3,0.7,4012,0.283764,0.396788,-0.004496,1
6,Gradient Descent,0.3,0.7,4013,0.283782,0.39676,-0.00449611,1
6,Gradient Descent,0.3,0.7,4014,0.2838,0.396733,-0.00449621,1
6,Gradient Descent,0.3,0.7,4015,0.283817,0.396705,-0.00449632,1
6,Gradient Descent,0.3,0.7,4016,0.283835,0.396678,-0.00449642,1
6,Gradient Descent,0.3,0.7,4017,0.283853,0.39665,-0.00449653,1
6,Gradient Descent,0.3,0.7,4018,0.28387,0.396623,-0.00449664,1
6,Gradient Descent,0.3,0.7,4019,0.283888,0.396596,-0.00449674,1
6,Gradient Descent,0.3,0.7,4020,0.283906,0.396568,-0.00449685,1
6,Gradient Descent,0.3,0.7,4021,0.283923,0.396541,-0.00449696,1
6,Gradient Descent,0.3,0.7,4022,0.283941,0.396514,-0.00449706,1
6,Gradient Descent,0.3,0.7,4023,0.283959,0.396486,-0.00449717,1
6,Gradient Descent,0.3,0.7,4024,0.283976,0.396459,-0.00449727,1
6,Gradient Descent,0.3,0.7,4025,0.283994,0.396432,-0.00449738,1
6,Gradient Descent,0.3,0.7,4026,0.284012,0.396404,-0.00449748,1
6,Gradient Descent,0.3,0.7,4027,0.284029,0.396377,-0.00449759,1
6,Gradient Descent,0.3,0.7,4028,0.284047,0.39635,-0.00449769,1
6,Gradient Descent,0.3,0.7,4029,0.284065,0.396323,-0.0044978,1
6,Gradient Descent,0.3,0.7,4030,0.284082,0.396295,-0.0044979,1
6,Gradient Descent,0.3,0.7,4031,0.2841,0.396268,-0.00449801,1
6,Gradient Descent,0.3,0.7,4032,0.284117,0.396241,-0.00449811,1
6,Gradient Descent,0.3,0.7,4033,0.284135,0.396214,-0.00449822,1
6,Gradient Descent,0.3,0.7,4034,0.284153,0.396187,-0.00449832,1
6,Gradient Descent,0.3,0.7,4035,0.28417,0.396159,-0.00449843,1
6,Gradient Descent,0.3,0.7,4036,0.284188,0.396132,-0.00449853,1
6,Gradient Descent,0.3,0.7,4037,0.284205,0.396105,-0.00449864,1
6,Gradient Descent,0.3,0.7,4038,0.284223,0.396078,-0.00449874,1
6,Gradient Descent,0.3,0.7,4039,0.28424,0.396051,-0.00449885,1
6,Gradient Descent,0.3,0.7,4040,0.284258,0.396024,-0.00449895,1
6,Gradient Descent,0.3,0.7,4041,0.284276,0.395997,-0.00449906,1
6,Gradient Descent,0.3,0.7,4042,0.284293,0.395969,-0.00449916,1
6,Gradient Descent,0.3,0.7,4043,0.284311,0.395942,-0.00449926,1
6,Gradient Descent,0.3,0.7,4044,0.284328,0.395915,-0.00449937,1
6,Gradient Descent,0.3,0.7,4045,0.284346,0.395888,-0.00449947,1
6,Gradient Descent,0.3,0.7,4046,0.284363,0.395861,-0.00449958,1
6,Gradient Descent,0.3,0.7,4047,0.284381,0.395834,-0.00449968,1
6,Gradient Descent,0.3,0.7,4048,0.284398,0.395807,-0.00449978,1
6,Gradient Descent,0.3,0.7,4049,0.284416,0.39578,-0.00449989,1
6,Gradient Descent,0.3,0.7,4050,0.284433,0.395753,-0.00449999,1
6,Gradient Descent,0.3,0.7,4051,0.284451,0.395726,-0.0045001,1
6,Gradient Descent,0.3,0.7,4052,0.284468,0.395699,-0.0045002,1
6,Gradient Descent,0.3,0.7,4053,0.284486,0.395672,-0.0045003,1
6,Gradient Descent,0.3,0.7,4054,0.284503,0.395645,-0.00450041,1
6,Gradient Descent,0.3,0.7,4055,0.284521,0.395618,-0.00450051,1
6,Gradient Descent,0.3,0.7,4056,0.284538,0.395591,-0.00450061,1
6,Gradient Descent,0.3,0.7,4057,0.284556,0.395564,-0.00450071,1
6,Gradient Descent,0.3,0.7,4058,0.284573,0.395537,-0.00450082,1
6,Gradient Descent,0.3,0.7,4059,0.284591,0.395511,-0.00450092,1
6,Gradient Descent,0.3,0.7,4060,0.284608,0.395484,-0.00450102,1
6,Gradient Descent,0.3,0.7,4061,0.284626,0.395457,-0.00450113,1
6,Gradient Descent,0.3,0.7,4062,0.284643,0.39543,-0.00450123,1
6,Gradient Descent,0.3,0.7,4063,0.28466,0.395403,-0.00450133,1
6,Gradient Descent,0.3,0.7,4064,0.284678,0.395376,-0.00450143,1
6,Gradient Descent,0.3,0.7,4065,0.284695,0.395349,-0.00450154,1
6,Gradient Descent,0.3,0.7,4066,0.284713,0.395322,-0.00450164,1
6,Gradient Descent,0.3,0.7,4067,0.28473,0.395296,-0.00450174,1
6,Gradient Descent,0.3,0.7,4068,0.284748,0.395269,-0.00450184,1
6,Gradient Descent,0.3,0.7,4069,0.284765,0.395242,-0.00450194,1
6,Gradient Descent,0.3,0.7,4070,0.284782,0.395215,-0.00450205,1
6,Gradient Descent,0.3,0.7,4071,0.2848,0.395188,-0.00450215,1
6,Gradient Descent,0.3,0.7,4072,0.284817,0.395162,-0.00450225,1
6,Gradient Descent,0.3,0.7,4073,0.284835,0.395135,-0.00450235,1
6,Gradient Descent,0.3,0.7,4074,0.284852,0.395108,-0.00450245,1
6,Gradient Descent,0.3,0.7,4075,0.284869,0.395081,-0.00450256,1
6,Gradient Descent,0.3,0.7,4076,0.284887,0.395055,-0.00450266,1
6,Gradient Descent,0.3,0.7,4077,0.284904,0.395028,-0.00450276,1
6,Gradient Descent,0.3,0.7,4078,0.284921,0.395001,-0.00450286,1
6,Gradient Descent,0.3,0.7,4079,0.284939,0.394975,-0.00450296,1
6,Gradient Descent,0.3,0.7,4080,0.284956,0.394948,-0.00450306,1
6,Gradient Descent,0.3,0.7,4081,0.284973,0.394921,-0.00450316,1
6,Gradient Descent,0.3,0.7,4082,0.284991,0.394895,-0.00450327,1
6,Gradient Descent,0.3,0.7,4083,0.285008,0.394868,-0.00450337,1
6,Gradient Descent,0.3,0.7,4084,0.285025,0.394841,-0.00450347,1
6,Gradient Descent,0.3,0.7,4085,0.285043,0.394815,-0.00450357,1
6,Gradient Descent,0.3,0.7,4086,0.28506,0.394788,-0.00450367,1
6,Gradient Descent,0.3,0.7,4087,0.285077,0.394762,-0.00450377,1
6,Gradient Descent,0.3,0.7,4088,0.285095,0.394735,-0.00450387,1
6,Gradient Descent,0.3,0.7,4089,0.285112,0.394708,-0.00450397,1
6,Gradient Descent,0.3,0.7,4090,0.285129,0.394682,-0.00450407,1
6,Gradient Descent,0.3,0.7,4091,0.285147,0.394655,-0.00450417,1
6,Gradient Descent,0.3,0.7,4092,0.285164,0.394629,-0.00450427,1
6,Gradient Descent,0.3,0.7,4093,0.285181,0.394602,-0.00450437,1
6,Gradient Descent,0.3,0.7,4094,0.285199,0.394576,-0.00450447,1
6,Gradient Descent,0.3,0.7,4095,0.285216,0.394549,-0.00450457,1
6,Gradient Descent,0.3,0.7,4096,0.285233,0.394523,-0.00450467,1
6,Gradient Descent,0.3,0.7,4097,0.28525,0.394496,-0.00450477,1
6,Gradient Descent,0.3,0.7,4098,0.285268,0.39447,-0.00450487,1
6,Gradient Descent,0.3,0.7,4099,0.285285,0.394443,-0.00450497,1
6,Gradient Descent,0.3,0.7,4100,0.285302,0.394417,-0.00450507,1
6,Gradient Descent,0.3,0.7,4101,0.285319,0.39439,-0.00450517,1
6,Gradient Descent,0.3,0.7,4102,0.285337,0.394364,-0.00450527,1
6,Gradient Descent,0.3,0.7,4103,0.285354,0.394338,-0.00450537,1
6,Gradient Descent,0.3,0.7,4104,0.285371,0.394311,-0.00450547,1
6,Gradient Descent,0.3,0.7,4105,0.285388,0.394285,-0.00450557,1
6,Gradient Descent,0.3,0.7,4106,0.285405,0.394258,-0.00450567,1
6,Gradient Descent,0.3,0.7,4107,0.285423,0.394232,-0.00450577,1
6,Gradient Descent,0.3,0.7,4108,0.28544,0.394206,-0.00450587,1
6,Gradient Descent,0.3,0.7,4109,0.285457,0.394179,-0.00450597,1
6,Gradient Descent,0.3,0.7,4110,0.285474,0.394153,-0.00450606,1
6,Gradient Descent,0.3,0.7,4111,0.285492,0.394127,-0.00450616,1
6,Gradient Descent,0.3,0.7,4112,0.285509,0.3941,-0.00450626,1
6,Gradient Descent,0.3,0.7,4113,0.285526,0.394074,-0.00450636,1
6,Gradient Descent,0.3,0.7,4114,0.285543,0.394048,-0.00450646,1
6,Gradient Descent,0.3,0.7,4115,0.28556,0.394021,-0.00450656,1
6,Gradient Descent,0.3,0.7,4116,0.285577,0.393995,-0.00450666,1
6,Gradient Descent,0.3,0.7,4117,0.285595,0.393969,-0.00450675,1
6,Gradient Descent,0.3,0.7,4118,0.285612,0.393943,-0.00450685,1
6,Gradient Descent,0.3,0.7,4119,0.285629,0.393916,-0.00450695,1
6,Gradient Descent,0.3,0.7,4120,0.285646,0.39389,-0.00450705,1
6,Gradient Descent,0.3,0.7,4121,0.285663,0.393864,-0.00450715,1
6,Gradient Descent,0.3,0.7,4122,0.28568,0.393838,-0.00450725,1
6,Gradient Descent,0.3,0.7,4123,0.285697,0.393812,-0.00450734,1
6,Gradient Descent,0.3,0.7,4124,0.285715,0.393785,-0.00450744,1
6,Gradient Descent,0.3,0.7,4125,0.285732,0.393759,-0.00450754,1
6,Gradient Descent,0.3,0.7,4126,0.285749,0.393733,-0.00450764,1
6,Gradient Descent,0.3,0.7,4127,0.285766,0.393707,-0.00450773,1
6,Gradient Descent,0.3,0.7,4128,0.285783,0.393681,-0.00450783,1
6,Gradient Descent,0.3,0.7,4129,0.2858,0.393655,-0.00450793,1
6,Gradient Descent,0.3,0.7,4130,0.285817,0.393629,-0.00450803,1
6,Gradient Descent,0.3,0.7,4131,0.285834,0.393602,-0.00450812,1
6,Gradient Descent,0.3,0.7,4132,0.285851,0.393576,-0.00450822,1
6,Gradient Descent,0.3,0.7,4133,0.285868,0.39355,-0.00450832,1
6,Gradient Descent,0.3,0.7,4134,0.285886,0.393524,-0.00450842,1
6,Gradient Descent,0.3,0.7,4135,0.285903,0.393498,-0.00450851,1
6,Gradient Descent,0.3,0.7,4136,0.28592,0.393472,-0.00450861,1
6,Gradient Descent,0.3,0.7,4137,0.285937,0.393446,-0.00450871,1
6,Gradient Descent,0.3,0.7,4138,0.285954,0.39342,-0.0045088,1
6,Gradient Descent,0.3,0.7,4139,0.285971,0.393394,-0.0045089,1
6,Gradient Descent,0.3,0.7,4140,0.285988,0.393368,-0.004509,1
6,Gradient Descent,0.3,0.7,4141,0.286005,0.393342,-0.00450909,1
6,Gradient Descent,0.3,0.7,4142,0.286022,0.393316,-0.00450919,1
6,Gradient Descent,0.3,0.7,4143,0.286039,0.39329,-0.00450929,1
6,Gradient Descent,0.3,0.7,4144,0.286056,0.393264,-0.00450938,1
6,Gradient Descent,0.3,0.7,4145,0.286073,0.393238,-0.00450948,1
6,Gradient Descent,0.3,0.7,4146,0.28609,0.393212,-0.00450958,1
6,Gradient Descent,0.3,0.7,4147,0.286107,0.393186,-0.00450967,1
6,Gradient Descent,0.3,0.7,4148,0.286124,0.39316,-0.00450977,1
6,Gradient Descent,0.3,0.7,4149,0.286141,0.393134,-0.00450986,1
6,Gradient Descent,0.3,0.7,4150,0.286158,0.393108,-0.00450996,1
6,Gradient Descent,0.3,0.7,4151,0.286175,0.393083,-0.00451006,1
6,Gradient Descent,0.3,0.7,4152,0.286192,0.393057,-0.00451015,1
6,Gradient Descent,0.3,0.7,4153,0.286209,0.393031,-0.00451025,1
6,Gradient Descent,0.3,0.7,4154,0.286226,0.393005,-0.00451034,1
6,Gradient Descent,0.3,0.7,4155,0.286243,0.392979,-0.00451044,1
6,Gradient Descent,0.3,0.7,4156,0.28626,0.392953,-0.00451053,1
6,Gradient Descent,0.3,0.7,4157,0.286277,0.392927,-0.00451063,1
6,Gradient Descent,0.3,0.7,4158,0.286294,0.392902,-0.00451072,1
6,Gradient Descent,0.3,0.7,4159,0.286311,0.392876,-0.00451082,1
6,Gradient Descent,0.3,0.7,4160,0.286328,0.39285,-0.00451092,1
6,Gradient Descent,0.3,0.7,4161,0.286345,0.392824,-0.00451101,1
6,Gradient Descent,0.3,0.7,4162,0.286362,0.392799,-0.00451111,1
6,Gradient Descent,0.3,0.7,4163,0.286379,0.392773,-0.0045112,1
6,Gradient Descent,0.3,0.7,4164,0.286395,0.392747,-0.0045113,1
6,Gradient Descent,0.3,0.7,4165,0.286412,0.392721,-0.00451139,1
6,Gradient Descent,0.3,0.7,4166,0.286429,0.392696,-0.00451149,1
6,Gradient Descent,0.3,0.7,4167,0.286446,0.39267,-0.00451158,1
6,Gradient Descent,0.3,0.7,4168,0.286463,0.392644,-0.00451167,1
6,Gradient Descent,0.3,0.7,4169,0.28648,0.392618,-0.00451177,1
6,Gradient Descent,0.3,0.7,4170,0.286497,0.392593,-0.00451186,1
6,Gradient Descent,0.3,0.7,4171,0.286514,0.392567,-0.00451196,1
6,Gradient Descent,0.3,0.7,4172,0.286531,0.392541,-0.00451205,1
6,Gradient Descent,0.3,0.7,4173,0.286548,0.392516,-0.00451215,1
6,Gradient Descent,0.3,0.7,4174,0.286564,0.39249,-0.00451224,1
6,Gradient Descent,0.3,0.7,4175,0.286581,0.392465,-0.00451233,1
6,Gradient Descent,0.3,0.7,4176,0.286598,0.392439,-0.00451243,1
6,Gradient Descent,0.3,0.7,4177,0.286615,0.392413,-0.00451252,1
6,Gradient Descent,0.3,0.7,4178,0.286632,0.392388,-0.00451262,1
6,Gradient Descent,0.3,0.7,4179,0.286649,0.392362,-0.00451271,1
6,Gradient Descent,0.3,0.7,4180,0.286666,0.392337,-0.0045128,1
6,Gradient Descent,0.3,0.7,4181,0.286682,0.392311,-0.0045129,1
6,Gradient Descent,0.3,0.7,4182,0.286699,0.392285,-0.00451299,1
6,Gradient Descent,0.3,0.7,4183,0.286716,0.39226,-0.00451308,1
6,Gradient Descent,0.3,0.7,4184,0.286733,0.392234,-0.00451318,1
6,Gradient Descent,0.3,0.7,4185,0.28675,0.392209,-0.00451327,1
6,Gradient Descent,0.3,0.7,4186,0.286767,0.392183,-0.00451337,1
6,Gradient Descent,0.3,0.7,4187,0.286783,0.392158,-0.00451346,1
6,Gradient Descent,0.3,0.7,4188,0.2868,0.392132,-0.00451355,1
6,Gradient Descent,0.3,0.7,4189,0.286817,0.392107,-0.00451364,1
6,Gradient Descent,0.3,0.7,4190,0.286834,0.392081,-0.00451374,1
6,Gradient Descent,0.3,0.7,4191,0.286851,0.392056,-0.00451383,1
6,Gradient Descent,0.3,0.7,4192,0.286867,0.392031,-0.00451392,1
6,Gradient Descent,0.3,0.7,4193,0.286884,0.392005,-0.00451402,1
6,Gradient Descent,0.3,0.7,4194,0.286901,0.39198,-0.00451411,1
6,Gradient Descent,0.3,0.7,4195,0.286918,0.391954,-0.0045142,1
6,Gradient Descent,0.3,0.7,4196,0.286934,0.391929,-0.00451429,1
6,Gradient Descent,0.3,0.7,4197,0.286951,0.391903,-0.00451439,1
6,Gradient Descent,0.3,0.7,4198,0.286968,0.391878,-0.00451448,1
6,Gradient Descent,0.3,0.7,4199,0.286985,0.391853,-0.00451457,1
6,Gradient Descent,0.3,0.7,4200,0.287001,0.391827,-0.00451466,1
6,Gradient Descent,0.3,0.7,4201,0.287018,0.391802,-0.00451476,1
6,Gradient Descent,0.3,0.7,4202,0.287035,0.391777,-0.00451485,1
6,Gradient Descent,0.3,0.7,4203,0.287052,0.391751,-0.00451494,1
6,Gradient Descent,0.3,0.7,4204,0.287068,0.391726,-0.00451503,1
6,Gradient Descent,0.3,0.7,4205,0.287085,0.391701,-0.00451512,1
6,Gradient Descent,0.3,0.7,4206,0.287102,0.391675,-0.00451522,1
6,Gradient Descent,0.3,0.7,4207,0.287118,0.39165,-0.00451531,1
6,Gradient Descent,0.3,0.7,4208,0.287135,0.391625,-0.0045154,1
6,Gradient Descent,0.3,0.7,4209,0.287152,0.3916,-0.00451549,1
6,Gradient Descent,0.3,0.7,4210,0.287168,0.391574,-0.00451558,1
6,Gradient Descent,0.3,0.7,4211,0.287185,0.391549,-0.00451567,1
6,Gradient Descent,0.3,0.7,4212,0.287202,0.391524,-0.00451577,1
6,Gradient Descent,0.3,0.7,4213,0.287219,0.391499,-0.00451586,1
6,Gradient Descent,0.3,0.7,4214,0.287235,0.391473,-0.00451595,1
6,Gradient Descent,0.3,0.7,4215,0.287252,0.391448,-0.00451604,1
6,Gradient Descent,0.3,0.7,4216,0.287269,0.391423,-0.00451613,1
6,Gradient Descent,0.3,0.7,4217,0.287285,0.391398,-0.00451622,1
6,Gradient Descent,0.3,0.7,4218,0.287302,0.391373,-0.00451631,1
6,Gradient Descent,0.3,0.7,4219,0.287318,0.391348,-0.0045164,1
6,Gradient Descent,0.3,0.7,4220,0.287335,0.391322,-0.0045165,1
6,Gradient Descent,0.3,0.7,4221,0.287352,0.391297,-0.00451659,1
6,Gradient Descent,0.3,0.7,4222,0.287368,0.391272,-0.00451668,1
6,Gradient Descent,0.3,0.7,4223,0.287385,0.391247,-0.00451677,1
6,Gradient Descent,0.3,0.7,4224,0.287402,0.391222,-0.00451686,1
6,Gradient Descent,0.3,0.7,4225,0.287418,0.391197,-0.00451695,1
6,Gradient Descent,0.3,0.7,4226,0.287435,0.391172,-0.00451704,1
6,Gradient Descent,0.3,0.7,4227,0.287451,0.391147,-0.00451713,1
6,Gradient Descent,0.3,0.7,4228,0.287468,0.391122,-0.00451722,1
6,Gradient Descent,0.3,0.7,4229,0.287485,0.391097,-0.00451731,1
6,Gradient Descent,0.3,0.7,4230,0.287501,0.391072,-0.0045174,1
6,Gradient Descent,0.3,0.7,4231,0.287518,0.391047,-0.00451749,1
6,Gradient Descent,0.3,0.7,4232,0.287534,0.391021,-0.00451758,1
6,Gradient Descent,0.3,0.7,4233,0.287551,0.390996,-0.00451767,1
6,Gradient Descent,0.3,0.7,4234,0.287568,0.390971,-0.00451776,1
6,Gradient Descent,0.3,0.7,4235,0.287584,0.390947,-0.00451785,1
6,Gradient Descent,0.3,0.7,4236,0.287601,0.390922,-0.00451794,1
6,Gradient Descent,0.3,0.7,4237,0.287617,0.390897,-0.00451803,1
6,Gradient Descent,0.3,0.7,4238,0.287634,0.390872,-0.00451812,1
6,Gradient Descent,0.3,0.7,4239,0.28765,0.390847,-0.00451821,1
6,Gradient Descent,0.3,0.7,4240,0.287667,0.390822,-0.0045183,1
6,Gradient Descent,0.3,0.7,4241,0.287683,0.390797,-0.00451839,1
6,Gradient Descent,0.3,0.7,4242,0.2877,0.390772,-0.00451848,1
6,Gradient Descent,0.3,0.7,4243,0.287716,0.390747,-0.00451857,1
6,Gradient Descent,0.3,0.7,4244,0.287733,0.390722,-0.00451866,1
6,Gradient Descent,0.3,0.7,4245,0.287749,0.390697,-0.00451875,1
6,Gradient Descent,0.3,0.7,4246,0.287766,0.390672,-0.00451883,1
6,Gradient Descent,0.3,0.7,4247,0.287782,0.390647,-0.00451892,1
6,Gradient Descent,0.3,0.7,4248,0.287799,0.390623,-0.00451901,1
6,Gradient Descent,0.3,0.7,4249,0.287815,0.390598,-0.0045191,1
6,Gradient Descent,0.3,0.7,4250,0.287832,0.390573,-0.00451919,1
6,Gradient Descent,0.3,0.7,4251,0.287848,0.390548,-0.00451928,1
6,Gradient Descent,0.3,0.7,4252,0.287865,0.390523,-0.00451937,1
6,Gradient Descent,0.3,0.7,4253,0.287881,0.390499,-0.00451946,1
6,Gradient Descent,0.3,0.7,4254,0.287898,0.390474,-0.00451954,1
6,Gradient Descent,0.3,0.7,4255,0.287914,0.390449,-0.00451963,1
6,Gradient Descent,0.3,0.7,4256,0.287931,0.390424,-0.00451972,1
6,Gradient Descent,0.3,0.7,4257,0.287947,0.390399,-0.00451981,1
6,Gradient Descent,0.3,0.7,4258,0.287964,0.390375,-0.0045199,1
6,Gradient Descent,0.3,0.7,4259,0.28798,0.39035,-0.00451999,1
6,Gradient Descent,0.3,0.7,4260,0.287997,0.390325,-0.00452007,1
6,Gradient Descent,0.3,0.7,4261,0.288013,0.390301,-0.00452016,1
6,Gradient Descent,0.3,0.7,4262,0.288029,0.390276,-0.00452025,1
6,Gradient Descent,0.3,0.7,4263,0.288046,0.390251,-0.00452034,1
6,Gradient Descent,0.3,0.7,4264,0.288062,0.390226,-0.00452043,1
6,Gradient Descent,0.3,0.7,4265,0.288079,0.390202,-0.00452051,1
6,Gradient Descent,0.3,0.7,4266,0.288095,0.390177,-0.0045206,1
6,Gradient Descent,0.3,0.7,4267,0.288112,0.390153,-0.00452069,1
6,Gradient Descent,0.3,0.7,4268,0.288128,0.390128,-0.00452078,1
6,Gradient Descent,0.3,0.7,4269,0.288144,0.390103,-0.00452086,1
6,Gradient Descent,0.3,0.7,4270,0.288161,0.390079,-0.00452095,1
6,Gradient Descent,0.3,0.7,4271,0.288177,0.390054,-0.00452104,1
6,Gradient Descent,0.3,0.7,4272,0.288193,0.390029,-0.00452113,1
6,Gradient Descent,0.3,0.7,4273,0.28821,0.390005,-0.00452121,1
6,Gradient Descent,0.3,0.7,4274,0.288226,0.38998,-0.0045213,1
6,Gradient Descent,0.3,0.7,4275,0.288243,0.389956,-0.00452139,1
6,Gradient Descent,0.3,0.7,4276,0.288259,0.389931,-0.00452148,1
6,Gradient Descent,0.3,0.7,4277,0.288275,0.389907,-0.00452156,1
6,Gradient Descent,0.3,0.7,4278,0.288292,0.389882,-0.00452165,1
6,Gradient Descent,0.3,0.7,4279,0.288308,0.389858,-0.00452174,1
6,Gradient Descent,0.3,0.7,4280,0.288324,0.389833,-0.00452182,1
6,Gradient Descent,0.3,0.7,4281,0.288341,0.389809,-0.00452191,1
6,Gradient Descent,0.3,0.7,4282,0.288357,0.389784,-0.004522,1
6,Gradient Descent,0.3,0.7,4283,0.288373,0.38976,-0.00452208,1
6,Gradient Descent,0.3,0.7,4284,0.28839,0.389735,-0.00452217,1
6,Gradient Descent,0.3,0.7,4285,0.288406,0.389711,-0.00452226,1
6,Gradient Descent,0.3,0.7,4286,0.288422,0.389686,-0.00452234,1
6,Gradient Descent,0.3,0.7,4287,0.288439,0.389662,-0.00452243,1
6,Gradient Descent,0.3,0.7,4288,0.288455,0.389637,-0.00452251,1
6,Gradient Descent,0.3,0.7,4289,0.288471,0.389613,-0.0045226,1
6,Gradient Descent,0.3,0.7,4290,0.288487,0.389588,-0.00452269,1
6,Gradient Descent,0.3,0.7,4291,0.288504,0.389564,-0.00452277,1
6,Gradient Descent,0.3,0.7,4292,0.28852,0.38954,-0.00452286,1
6,Gradient Descent,0.3,0.7,4293,0.288536,0.389515,-0.00452294,1
6,Gradient Descent,0.3,0.7,4294,0.288553,0.389491,-0.00452303,1
6,Gradient Descent,0.3,0.7,4295,0.288569,0.389467,-0.00452312,1
6,Gradient Descent,0.3,0.7,4296,0.288585,0.389442,-0.0045232,1
6,Gradient Descent,0.3,0.7,4297,0.288601,0.389418,-0.00452329,1
6,Gradient Descent,0.3,0.7,4298,0.288618,0.389394,-0.00452337,1
6,Gradient Descent,0.3,0.7,4299,0.288634,0.389369,-0.00452346,1
6,Gradient Descent,0.3,0.7,4300,0.28865,0.389345,-0.00452354,1
6,Gradient Descent,0.3,0.7,4301,0.288666,0.389321,-0.00452363,1
6,Gradient Descent,0.3,0.7,4302,0.288682,0.389296,-0.00452371,1
6,Gradient Descent,0.3,0.7,4303,0.288699,0.389272,-0.0045238,1
6,Gradient Descent,0.3,0.7,4304,0.288715,0.389248,-0.00452389,1
6,Gradient Descent,0.3,0.7,4305,0.288731,0.389224,-0.00452397,1
6,Gradient Descent,0.3,0.7,4306,0.288747,0.389199,-0.00452406,1
6,Gradient Descent,0.3,0.7,4307,0.288764,0.389175,-0.00452414,1
6,Gradient Descent,0.3,0.7,4308,0.28878,0.389151,-0.00452423,1
6,Gradient Descent,0.3,0.7,4309,0.288796,0.389127,-0.00452431,1
6,Gradient Descent,0.3,0.7,4310,0.288812,0.389102,-0.00452439,1
6,Gradient Descent,0.3,0.7,4311,0.288828,0.389078,-0.00452448,1
6,Gradient Descent,0.3,0.7,4312,0.288844,0.389054,-0.00452456,1
6,Gradient Descent,0.3,0.7,4313,0.288861,0.38903,-0.00452465,1
6,Gradient Descent,0.3,0.7,4314,0.288877,0.389006,-0.00452473,1
6,Gradient Descent,0.3,0.7,4315,0.288893,0.388982,-0.00452482,1
6,Gradient Descent,0.3,0.7,4316,0.288909,0.388957,-0.0045249,1
6,Gradient Descent,0.3,0.7,4317,0.288925,0.388933,-0.00452499,1
6,Gradient Descent,0.3,0.7,4318,0.288941,0.388909,-0.00452507,1
6,Gradient Descent,0.3,0.7,4319,0.288958,0.388885,-0.00452515,1
6,Gradient Descent,0.3,0.7,4320,0.288974,0.388861,-0.00452524,1
6,Gradient Descent,0.3,0.7,4321,0.28899,0.388837,-0.00452532,1
6,Gradient Descent,0.3,0.7,4322,0.289006,0.388813,-0.00452541,1
6,Gradient Descent,0.3,0.7,4323,0.289022,0.388789,-0.00452549,1
6,Gradient Descent,0.3,0.7,4324,0.289038,0.388765,-0.00452557,1
6,Gradient Descent,0.3,0.7,4325,0.289054,0.388741,-0.00452566,1
6,Gradient Descent,0.3,0.7,4326,0.28907,0.388717,-0.00452574,1
6,Gradient Descent,0.3,0.7,4327,0.289087,0.388692,-0.00452583,1
6,Gradient Descent,0.3,0.7,4328,0.289103,0.388668,-0.00452591,1
6,Gradient Descent,0.3,0.7,4329,0.289119,0.388644,-0.00452599,1
6,Gradient Descent,0.3,0.7,4330,0.289135,0.38862,-0.00452608,1
6,Gradient Descent,0.3,0.7,4331,0.289151,0.388596,-0.00452616,1
6,Gradient Descent,0.3,0.7,4332,0.289167,0.388572,-0.00452624,1
6,Gradient Descent,0.3,0.7,4333,0.289183,0.388549,-0.00452633,1
6,Gradient Descent,0.3,0.7,4334,0.289199,0.388525,-0.00452641,1
6,Gradient Descent,0.3,0.7,4335,0.289215,0.388501,-0.00452649,1
6,Gradient Descent,0.3,0.7,4336,0.289231,0.388477,-0.00452658,1
6,Gradient Descent,0.3,0.7,4337,0.289247,0.388453,-0.00452666,1
6,Gradient Descent,0.3,0.7,4338,0.289263,0.388429,-0.00452674,1
6,Gradient Descent,0.3,0.7,4339,0.289279,0.388405,-0.00452682,1
6,Gradient Descent,0.3,0.7,4340,0.289295,0.388381,-0.00452691,1
6,Gradient Descent,0.3,0.7,4341,0.289311,0.388357,-0.00452699,1
6,Gradient Descent,0.3,0.7,4342,0.289328,0.388333,-0.00452707,1
6,Gradient Descent,0.3,0.7,4343,0.289344,0.388309,-0.00452716,1
6,Gradient Descent,0.3,0.7,4344,0.28936,0.388286,-0.00452724,1
6,Gradient Descent,0.3,0.7,4345,0.289376,0.388262,-0.00452732,1
6,Gradient Descent,0.3,0.7,4346,0.289392,0.388238,-0.0045274,1
6,Gradient Descent,0.3,0.7,4347,0.289408,0.388214,-0.00452749,1
6,Gradient Descent,0.3,0.7,4348,0.289424,0.38819,-0.00452757,1
6,Gradient Descent,0.3,0.7,4349,0.28944,0.388166,-0.00452765,1
6,Gradient Descent,0.3,0.7,4350,0.289456,0.388143,-0.00452773,1
6,Gradient Descent,0.3,0.7,4351,0.289472,0.388119,-0.00452781,1
6,Gradient Descent,0.3,0.7,4352,0.289488,0.388095,-0.0045279,1
6,Gradient Descent,0.3,0.7,4353,0.289504,0.388071,-0.00452798,1
6,Gradient Descent,0.3,0.7,4354,0.289519,0.388048,-0.00452806,1
6,Gradient Descent,0.3,0.7,4355,0.289535,0.388024,-0.00452814,1
6,Gradient Descent,0.3,0.7,4356,0.289551,0.388,-0.00452822,1
6,Gradient Descent,0.3,0.7,4357,0.289567,0.387976,-0.00452831,1
6,Gradient Descent,0.3,0.7,4358,0.289583,0.387953,-0.00452839,1
6,Gradient Descent,0.3,0.7,4359,0.289599,0.387929,-0.00452847,1
6,Gradient Descent,0.3,0.7,4360,0.289615,0.387905,-0.00452855,1
6,Gradient Descent,0.3,0.7,4361,0.289631,0.387882,-0.00452863,1
6,Gradient Descent,0.3,0.7,4362,0.289647,0.387858,-0.00452871,1
6,Gradient Descent,0.3,0.7,4363,0.289663,0.387834,-0.00452879,1
6,Gradient Descent,0.3,0.7,4364,0.289679,0.387811,-0.00452888,1
6,Gradient Descent,0.3,0.7,4365,0.289695,0.387787,-0.00452896,1
6,Gradient Descent,0.3,0.7,4366,0.289711,0.387763,-0.00452904,1
6,Gradient Descent,0.3,0.7,4367,0.289727,0.38774,-0.00452912,1
6,Gradient Descent,0.3,0.7,4368,0.289743,0.387716,-0.0045292,1
6,Gradient Descent,0.3,0.7,4369,0.289758,0.387692,-0.00452928,1
6,Gradient Descent,0.3,0.7,4370,0.289774,0.387669,-0.00452936,1
6,Gradient Descent,0.3,0.7,4371,0.28979,0.387645,-0.00452944,1
6,Gradient Descent,0.3,0.7,4372,0.289806,0.387622,-0.00452952,1
6,Gradient Descent,0.3,0.7,4373,0.289822,0.387598,-0.0045296,1
6,Gradient Descent,0.3,0.7,4374,0.289838,0.387575,-0.00452969,1
6,Gradient Descent,0.3,0.7,4375,0.289854,0.387551,-0.00452977,1
6,Gradient Descent,0.3,0.7,4376,0.28987,0.387527,-0.00452985,1
6,Gradient Descent,0.3,0.7,4377,0.289885,0.387504,-0.00452993,1
6,Gradient Descent,0.3,0.7,4378,0.289901,0.38748,-0.00453001,1
6,Gradient Descent,0.3,0.7,4379,0.289917,0.387457,-0.00453009,1
6,Gradient Descent,0.3,0.7,4380,0.289933,0.387433,-0.00453017,1
6,Gradient Descent,0.3,0.7,4381,0.289949,0.38741,-0.00453025,1
6,Gradient Descent,0.3,0.7,4382,0.289965,0.387386,-0.00453033,1
6,Gradient Descent,0.3,0.7,4383,0.28998,0.387363,-0.00453041,1
6,Gradient Descent,0.3,0.7,4384,0.289996,0.38734,-0.00453049,1
6,Gradient Descent,0.3,0.7,4385,0.290012,0.387316,-0.00453057,1
6,Gradient Descent,0.3,0.7,4386,0.290028,0.387293,-0.00453065,1
6,Gradient Descent,0.3,0.7,4387,0.290044,0.387269,-0.00453073,1
6,Gradient Descent,0.3,0.7,4388,0.29006,0.387246,-0.00453081,1
6,Gradient Descent,0.3,0.7,4389,0.290075,0.387222,-0.00453089,1
6,Gradient Descent,0.3,0.7,4390,0.290091,0.387199,-0.00453097,1
6,Gradient Descent,0.3,0.7,4391,0.290107,0.387176,-0.00453105,1
6,Gradient Descent,0.3,0.7,4392,0.290123,0.387152,-0.00453113,1
6,Gradient Descent,0.3,0.7,4393,0.290138,0.387129,-0.00453121,1
6,Gradient Descent,0.3,0.7,4394,0.290154,0.387106,-0.00453129,1
6,Gradient Descent,0.3,0.7,4395,0.29017,0.387082,-0.00453136,1
6,Gradient Descent,0.3,0.7,4396,0.290186,0.387059,-0.00453144,1
6,Gradient Descent,0.3,0.7,4397,0.290202,0.387036,-0.00453152,1
6,Gradient Descent,0.3,0.7,4398,0.290217,0.387012,-0.0045316,1
6,Gradient Descent,0.3,0.7,4399,0.290233,0.386989,-0.00453168,1
6,Gradient Descent,0.3,0.7,4400,0.290249,0.386966,-0.00453176,1
6,Gradient Descent,0.3,0.7,4401,0.290265,0.386942,-0.00453184,1
6,Gradient Descent,0.3,0.7,4402,0.29028,0.386919,-0.00453192,1
6,Gradient Descent,0.3,0.7,4403,0.290296,0.386896,-0.004532,1
6,Gradient Descent,0.3,0.7,4404,0.290312,0.386873,-0.00453208,1
6,Gradient Descent,0.3,0.7,4405,0.290327,0.386849,-0.00453215,1
6,Gradient Descent,0.3,0.7,4406,0.290343,0.386826,-0.00453223,1
6,Gradient Descent,0.3,0.7,4407,0.290359,0.386803,-0.00453231,1
6,Gradient Descent,0.3,0.7,4408,0.290375,0.38678,-0.00453239,1
6,Gradient Descent,0.3,0.7,4409,0.29039,0.386756,-0.00453247,1
6,Gradient Descent,0.3,0.7,4410,0.290406,0.386733,-0.00453255,1
6,Gradient Descent,0.3,0.7,4411,0.290422,0.38671,-0.00453263,1
6,Gradient Descent,0.3,0.7,4412,0.290437,0.386687,-0.0045327,1
6,Gradient Descent,0.3,0.7,4413,0.290453,0.386664,-0.00453278,1
6,Gradient Descent,0.3,0.7,4414,0.290469,0.386641,-0.00453286,1
6,Gradient Descent,0.3,0.7,4415,0.290484,0.386617,-0.00453294,1
6,Gradient Descent,0.3,0.7,4416,0.2905,0.386594,-0.00453302,1
6,Gradient Descent,0.3,0.7,4417,0.290516,0.386571,-0.00453309,1
6,Gradient Descent,0.3,0.7,4418,0.290531,0.386548,-0.00453317,1
6,Gradient Descent,0.3,0.7,4419,0.290547,0.386525,-0.00453325,1
6,Gradient Descent,0.3,0.7,4420,0.290563,0.386502,-0.00453333,1
6,Gradient Descent,0.3,0.7,4421,0.290578,0.386479,-0.00453341,1
6,Gradient Descent,0.3,0.7,4422,0.290594,0.386456,-0.00453348,1
6,Gradient Descent,0.3,0.7,4423,0.29061,0.386433,-0.00453356,1
6,Gradient Descent,0.3,0.7,4424,0.290625,0.386409,-0.00453364,1
6,Gradient Descent,0.3,0.7,4425,0.290641,0.386386,-0.00453372,1
6,Gradient Descent,0.3,0.7,4426,0.290656,0.386363,-0.00453379,1
6,Gradient Descent,0.3,0.7,4427,0.290672,0.38634,-0.00453387,1
6,Gradient Descent,0.3,0.7,4428,0.290688,0.386317,-0.00453395,1
6,Gradient Descent,0.3,0.7,4429,0.290703,0.386294,-0.00453403,1
6,Gradient Descent,0.3,0.7,4430,0.290719,0.386271,-0.0045341,1
6,Gradient Descent,0.3,0.7,4431,0.290734,0.386248,-0.00453418,1
6,Gradient Descent,0.3,0.7,4432,0.29075,0.386225,-0.00453426,1
6,Gradient Descent,0.3,0.7,4433,0.290766,0.386202,-0.00453433,1
6,Gradient Descent,0.3,0.7,4434,0.290781,0.386179,-0.00453441,1
6,Gradient Descent,0.3,0.7,4435,0.290797,0.386156,-0.00453449,1
6,Gradient Descent,0.3,0.7,4436,0.290812,0.386134,-0.00453457,1
6,Gradient Descent,0.3,0.7,4437,0.290828,0.386111,-0.00453464,1
6,Gradient Descent,0.3,0.7,4438,0.290843,0.386088,-0.00453472,1
6,Gradient Descent,0.3,0.7,4439,0.290859,0.386065,-0.0045348,1
6,Gradient Descent,0.3,0.7,4440,0.290874,0.386042,-0.00453487,1
6,Gradient Descent,0.3,0.7,4441,0.29089,0.386019,-0.00453495,1
6,Gradient Descent,0.3,0.7,4442,0.290906,0.385996,-0.00453502,1
6,Gradient Descent,0.3,0.7,4443,0.290921,0.385973,-0.0045351,1
6,Gradient Descent,0.3,0.7,4444,0.290937,0.38595,-0.00453518,1
6,Gradient Descent,0.3,0.7,4445,0.290952,0.385928,-0.00453525,1
6,Gradient Descent,0.3,0.7,4446,0.290968,0.385905,-0.00453533,1
6,Gradient Descent,0.3,0.7,4447,0.290983,0.385882,-0.00453541,1
6,Gradient Descent,0.3,0.7,4448,0.290999,0.385859,-0.00453548,1
6,Gradient Descent,0.3,0.7,4449,0.291014,0.385836,-0.00453556,1
6,Gradient Descent,0.3,0.7,4450,0.29103,0.385813,-0.00453563,1
6,Gradient Descent,0.3,0.7,4451,0.291045,0.385791,-0.00453571,1
6,Gradient Descent,0.3,0.7,4452,0.291061,0.385768,-0.00453579,1
6,Gradient Descent,0.3,0.7,4453,0.291076,0.385745,-0.00453586,1
6,Gradient Descent,0.3,0.7,4454,0.291092,0.385722,-0.00453594,1
6,Gradient Descent,0.3,0.7,4455,0.291107,0.3857,-0.00453601,1
6,Gradient Descent,0.3,0.7,4456,0.291123,0.385677,-0.00453609,1
6,Gradient Descent,0.3,0.7,4457,0.291138,0.385654,-0.00453616,1
6,Gradient Descent,0.3,0.7,4458,0.291154,0.385631,-0.00453624,1
6,Gradient Descent,0.3,0.7,4459,0.291169,0.385609,-0.00453632,1
6,Gradient Descent,0.3,0.7,4460,0.291184,0.385586,-0.00453639,1
6,Gradient Descent,0.3,0.7,4461,0.2912,0.385563,-0.00453647,1
6,Gradient Descent,0.3,0.7,4462,0.291215,0.385541,-0.00453654,1
6,Gradient Descent,0.3,0.7,4463,0.291231,0.385518,-0.00453662,1
6,Gradient Descent,0.3,0.7,4464,0.291246,0.385495,-0.00453669,1
6,Gradient Descent,0.3,0.7,4465,0.291262,0.385473,-0.00453677,1
6,Gradient Descent,0.3,0.7,4466,0.291277,0.38545,-0.00453684,1
6,Gradient Descent,0.3,0.7,4467,0.291292,0.385427,-0.00453692,1
6,Gradient Descent,0.3,0.7,4468,0.291308,0.385405,-0.00453699,1
6,Gradient Descent,0.3,0.7,4469,0.291323,0.385382,-0.00453707,1
6,Gradient Descent,0.3,0.7,4470,0.291339,0.385359,-0.00453714,1
6,Gradient Descent,0.3,0.7,4471,0.291354,0.385337,-0.00453722,1
6,Gradient Descent,0.3,0.7,4472,0.291369,0.385314,-0.00453729,1
6,Gradient Descent,0.3,0.7,4473,0.291385,0.385292,-0.00453737,1
6,Gradient Descent,0.3,0.7,4474,0.2914,0.385269,-0.00453744,1
6,Gradient Descent,0.3,0.7,4475,0.291416,0.385246,-0.00453752,1
6,Gradient Descent,0.3,0.7,4476,0.291431,0.385224,-0.00453759,1
6,Gradient Descent,0.3,0.7,4477,0.291446,0.385201,-0.00453766,1
6,Gradient Descent,0.3,0.7,4478,0.291462,0.385179,-0.00453774,1
6,Gradient Descent,0.3,0.7,4479,0.291477,0.385156,-0.00453781,1
6,Gradient Descent,0.3,0.7,4480,0.291492,0.385134,-0.00453789,1
6,Gradient Descent,0.3,0.7,4481,0.291508,0.385111,-0.00453796,1
6,Gradient Descent,0.3,0.7,4482,0.291523,0.385089,-0.00453804,1
6,Gradient Descent,0.3,0.7,4483,0.291538,0.385066,-0.00453811,1
6,Gradient Descent,0.3,0.7,4484,0.291554,0.385044,-0.00453818,1
6,Gradient Descent,0.3,0.7,4485,0.291569,0.385021,-0.00453826,1
6,Gradient Descent,0.3,0.7,4486,0.291584,0.384999,-0.00453833,1
6,Gradient Descent,0.3,0.7,4487,0.2916,0.384977,-0.00453841,1
6,Gradient Descent,0.3,0.7,4488,0.291615,0.384954,-0.00453848,1
6,Gradient Descent,0.3,0.7,4489,0.29163,0.384932,-0.00453855,1
6,Gradient Descent,0.3,0.7,4490,0.291646,0.384909,-0.00453863,1
6,Gradient Descent,0.3,0.7,4491,0.291661,0.384887,-0.0045387,1
6,Gradient Descent,0.3,0.7,4492,0.291676,0.384864,-0.00453877,1
6,Gradient Descent,0.3,0.7,4493,0.291692,0.384842,-0.00453885,1
6,Gradient Descent,0.3,0.7,4494,0.291707,0.38482,-0.00453892,1
6,Gradient Descent,0.3,0.7,4495,0.291722,0.384797,-0.00453899,1
6,Gradient Descent,0.3,0.7,4496,0.291737,0.384775,-0.00453907,1
6,Gradient Descent,0.3,0.7,4497,0.291753,0.384753,-0.00453914,1
6,Gradient Descent,0.3,0.7,4498,0.291768,0.38473,-0.00453921,1
6,Gradient Descent,0.3,0.7,4499,0.291783,0.384708,-0.00453929,1
6,Gradient Descent,0.3,0.7,4500,0.291798,0.384686,-0.00453936,1
6,Gradient Descent,0.3,0.7,4501,0.291814,0.384663,-0.00453943,1
6,Gradient Descent,0.3,0.7,4502,0.291829,0.384641,-0.00453951,1
6,Gradient Descent,0.3,0.7,4503,0.291844,0.384619,-0.00453958,1
6,Gradient Descent,0.3,0.7,4504,0.291859,0.384596,-0.00453965,1
6,Gradient Descent,0.3,0.7,4505,0.291875,0.384574,-0.00453972,1
6,Gradient Descent,0.3,0.7,4506,0.29189,0.384552,-0.0045398,1
6,Gradient Descent,0.3,0.7,4507,0.291905,0.38453,-0.00453987,1
6,Gradient Descent,0.3,0.7,4508,0.29192,0.384507,-0.00453994,1
6,Gradient Descent,0.3,0.7,4509,0.291936,0.384485,-0.00454002,1
6,Gradient Descent,0.3,0.7,4510,0.291951,0.384463,-0.00454009,1
6,Gradient Descent,0.3,0.7,4511,0.291966,0.384441,-0.00454016,1
6,Gradient Descent,0.3,0.7,4512,0.291981,0.384418,-0.00454023,1
6,Gradient Descent,0.3,0.7,4513,0.291996,0.384396,-0.0045403,1
6,Gradient Descent,0.3,0.7,4514,0.292012,0.384374,-0.00454038,1
6,Gradient Descent,0.3,0.7,4515,0.292027,0.384352,-0.00454045,1
6,Gradient Descent,0.3,0.7,4516,0.292042,0.38433,-0.00454052,1
6,Gradient Descent,0.3,0.7,4517,0.292057,0.384308,-0.00454059,1
6,Gradient Descent,0.3,0.7,4518,0.292072,0.384285,-0.00454067,1
6,Gradient Descent,0.3,0.7,4519,0.292087,0.384263,-0.00454074,1
6,Gradient Descent,0.3,0.7,4520,0.292103,0.384241,-0.00454081,1
6,Gradient Descent,0.3,0.7,4521,0.292118,0.384219,-0.00454088,1
6,Gradient Descent,0.3,0.7,4522,0.292133,0.384197,-0.00454095,1
6,Gradient Descent,0.3,0.7,4523,0.292148,0.384175,-0.00454103,1
6,Gradient Descent,0.3,0.7,4524,0.292163,0.384153,-0.0045411,1
6,Gradient Descent,0.3,0.7,4525,0.292178,0.384131,-0.00454117,1
6,Gradient Descent,0.3,0.7,4526,0.292193,0.384109,-0.00454124,1
6,Gradient Descent,0.3,0.7,4527,0.292209,0.384087,-0.00454131,1
6,Gradient Descent,0.3,0.7,4528,0.292224,0.384064,-0.00454138,1
6,Gradient Descent,0.3,0.7,4529,0.292239,0.384042,-0.00454145,1
6,Gradient Descent,0.3,0.7,4530,0.292254,0.38402,-0.00454153,1
6,Gradient Descent,0.3,0.7,4531,0.292269,0.383998,-0.0045416,1
6,Gradient Descent,0.3,0.7,4532,0.292284,0.383976,-0.00454167,1
6,Gradient Descent,0.3,0.7,4533,0.292299,0.383954,-0.00454174,1
6,Gradient Descent,0.3,0.7,4534,0.292314,0.383932,-0.00454181,1
6,Gradient Descent,0.3,0.7,4535,0.292329,0.38391,-0.00454188,1
6,Gradient Descent,0.3,0.7,4536,0.292344,0.383888,-0.00454195,1
6,Gradient Descent,0.3,0.7,4537,0.29236,0.383866,-0.00454202,1
6,Gradient Descent,0.3,0.7,4538,0.292375,0.383844,-0.0045421,1
6,Gradient Descent,0.3,0.7,4539,0.29239,0.383822,-0.00454217,1
6,Gradient Descent,0.3,0.7,4540,0.292405,0.383801,-0.00454224,1
6,Gradient Descent,0.3,0.7,4541,0.29242,0.383779,-0.00454231,1
6,Gradient Descent,0.3,0.7,4542,0.292435,0.383757,-0.00454238,1
6,Gradient Descent,0.3,0.7,4543,0.29245,0.383735,-0.00454245,1
6,Gradient Descent,0.3,0.7,4544,0.292465,0.383713,-0.00454252,1
6,Gradient Descent,0.3,0.7,4545,0.29248,0.383691,-0.00454259,1
6,Gradient Descent,0.3,0.7,4546,0.292495,0.383669,-0.00454266,1
6,Gradient Descent,0.3,0.7,4547,0.29251,0.383647,-0.00454273,1
6,Gradient Descent,0.3,0.7,4548,0.292525,0.383625,-0.0045428,1
6,Gradient Descent,0.3,0.7,4549,0.29254,0.383603,-0.00454287,1
6,Gradient Descent,0.3,0.7,4550,0.292555,0.383582,-0.00454294,1
6,Gradient Descent,0.3,0.7,4551,0.29257,0.38356,-0.00454301,1
6,Gradient Descent,0.3,0.7,4552,0.292585,0.383538,-0.00454308,1
6,Gradient Descent,0.3,0.7,4553,0.2926,0.383516,-0.00454315,1
6,Gradient Descent,0.3,0.7,4554,0.292615,0.383494,-0.00454322,1
6,Gradient Descent,0.3,0.7,4555,0.29263,0.383473,-0.00454329,1
6,Gradient Descent,0.3,0.7,4556,0.292645,0.383451,-0.00454336,1
6,Gradient Descent,0.3,0.7,4557,0.29266,0.383429,-0.00454343,1
6,Gradient Descent,0.3,0.7,4558,0.292675,0.383407,-0.0045435,1
6,Gradient Descent,0.3,0.7,4559,0.29269,0.383385,-0.00454357,1
6,Gradient Descent,0.3,0.7,4560,0.292705,0.383364,-0.00454364,1
6,Gradient Descent,0.3,0.7,4561,0.29272,0.383342,-0.00454371,1
6,Gradient Descent,0.3,0.7,4562,0.292735,0.38332,-0.00454378,1
6,Gradient Descent,0.3,0.7,4563,0.29275,0.383298,-0.00454385,1
6,Gradient Descent,0.3,0.7,4564,0.292765,0.383277,-0.00454392,1
6,Gradient Descent,0.3,0.7,4565,0.29278,0.383255,-0.00454399,1
6,Gradient Descent,0.3,0.7,4566,0.292795,0.383233,-0.00454406,1
6,Gradient Descent,0.3,0.7,4567,0.29281,0.383212,-0.00454413,1
6,Gradient Descent,0.3,0.7,4568,0.292825,0.38319,-0.0045442,1
6,Gradient Descent,0.3,0.7,4569,0.29284,0.383168,-0.00454427,1
6,Gradient Descent,0.3,0.7,4570,0.292854,0.383147,-0.00454434,1
6,Gradient Descent,0.3,0.7,4571,0.292869,0.383125,-0.0045444,1
6,Gradient Descent,0.3,0.7,4572,0.292884,0.383103,-0.00454447,1
6,Gradient Descent,0.3,0.7,4573,0.292899,0.383082,-0.00454454,1
6,Gradient Descent,0.3,0.7,4574,0.292914,0.38306,-0.00454461,1
6,Gradient Descent,0.3,0.7,4575,0.292929,0.383038,-0.00454468,1
6,Gradient Descent,0.3,0.7,4576,0.292944,0.383017,-0.00454475,1
6,Gradient Descent,0.3,0.7,4577,0.292959,0.382995,-0.00454482,1
6,Gradient Descent,0.3,0.7,4578,0.292974,0.382974,-0.00454489,1
6,Gradient Descent,0.3,0.7,4579,0.292989,0.382952,-0.00454496,1
6,Gradient Descent,0.3,0.7,4580,0.293003,0.382931,-0.00454502,1
6,Gradient Descent,0.3,0.7,4581,0.293018,0.382909,-0.00454509,1
6,Gradient Descent,0.3,0.7,4582,0.293033,0.382887,-0.00454516,1
6,Gradient Descent,0.3,0.7,4583,0.293048,0.382866,-0.00454523,1
6,Gradient Descent,0.3,0.7,4584,0.293063,0.382844,-0.0045453,1
6,Gradient Descent,0.3,0.7,4585,0.293078,0.382823,-0.00454537,1
6,Gradient Descent,0.3,0.7,4586,0.293093,0.382801,-0.00454544,1
6,Gradient Descent,0.3,0.7,4587,0.293107,0.38278,-0.0045455,1
6,Gradient Descent,0.3,0.7,4588,0.293122,0.382758,-0.00454557,1
6,Gradient Descent,0.3,0.7,4589,0.293137,0.382737,-0.00454564,1
6,Gradient Descent,0.3,0.7,4590,0.293152,0.382715,-0.00454571,1
6,Gradient Descent,0.3,0.7,4591,0.293167,0.382694,-0.00454578,1
6,Gradient Descent,0.3,0.7,4592,0.293182,0.382672,-0.00454584,1
6,Gradient Descent,0.3,0.7,4593,0.293196,0.382651,-0.00454591,1
6,Gradient Descent,0.3,0.7,4594,0.293211,0.38263,-0.00454598,1
6,Gradient Descent,0.3,0.7,4595,0.293226,0.382608,-0.00454605,1
6,Gradient Descent,0.3,0.7,4596,0.293241,0.382587,-0.00454612,1
6,Gradient Descent,0.3,0.7,4597,0.293256,0.382565,-0.00454618,1
6,Gradient Descent,0.3,0.7,4598,0.29327,0.382544,-0.00454625,1
6,Gradient Descent,0.3,0.7,4599,0.293285,0.382522,-0.00454632,1
6,Gradient Descent,0.3,0.7,4600,0.2933,0.382501,-0.00454639,1
6,Gradient Descent,0.3,0.7,4601,0.293315,0.38248,-0.00454645,1
6,Gradient Descent,0.3,0.7,4602,0.293329,0.382458,-0.00454652,1
6,Gradient Descent,0.3,0.7,4603,0.293344,0.382437,-0.00454659,1
6,Gradient Descent,0.3,0.7,4604,0.293359,0.382416,-0.00454666,1
6,Gradient Descent,0.3,0.7,4605,0.293374,0.382394,-0.00454672,1
6,Gradient Descent,0.3,0.7,4606,0.293388,0.382373,-0.00454679,1
6,Gradient Descent,0.3,0.7,4607,0.293403,0.382352,-0.00454686,1
6,Gradient Descent,0.3,0.7,4608,0.293418,0.38233,-0.00454692,1
6,Gradient Descent,0.3,0.7,4609,0.293433,0.382309,-0.00454699,1
6,Gradient Descent,0.3,0.7,4610,0.293447,0.382288,-0.00454706,1
6,Gradient Descent,0.3,0.7,4611,0.293462,0.382266,-0.00454713,1
6,Gradient Descent,0.3,0.7,4612,0.293477,0.382245,-0.00454719,1
6,Gradient Descent,0.3,0.7,4613,0.293492,0.382224,-0.00454726,1
6,Gradient Descent,0.3,0.7,4614,0.293506,0.382203,-0.00454733,1
6,Gradient Descent,0.3,0.7,4615,0.293521,0.382181,-0.00454739,1
6,Gradient Descent,0.3,0.7,4616,0.293536,0.38216,-0.00454746,1
6,Gradient Descent,0.3,0.7,4617,0.29355,0.382139,-0.00454753,1
6,Gradient Descent,0.3,0.7,4618,0.293565,0.382118,-0.00454759,1
6,Gradient Descent,0.3,0.7,4619,0.29358,0.382097,-0.00454766,1
6,Gradient Descent,0.3,0.7,4620,0.293594,0.382075,-0.00454773,1
6,Gradient Descent,0.3,0.7,4621,0.293609,0.382054,-0.00454779,1
6,Gradient Descent,0.3,0.7,4622,0.293624,0.382033,-0.00454786,1
6,Gradient Descent,0.3,0.7,4623,0.293638,0.382012,-0.00454792,1
6,Gradient Descent,0.3,0.7,4624,0.293653,0.381991,-0.00454799,1
6,Gradient Descent,0.3,0.7,4625,0.293668,0.381969,-0.00454806,1
6,Gradient Descent,0.3,0.7,4626,0.293682,0.381948,-0.00454812,1
6,Gradient Descent,0.3,0.7,4627,0.293697,0.381927,-0.00454819,1
6,Gradient Descent,0.3,0.7,4628,0.293712,0.381906,-0.00454826,1
6,Gradient Descent,0.3,0.7,4629,0.293726,0.381885,-0.00454832,1
6,Gradient Descent,0.3,0.7,4630,0.293741,0.381864,-0.00454839,1
6,Gradient Descent,0.3,0.7,4631,0.293756,0.381843,-0.00454845,1
6,Gradient Descent,0.3,0.7,4632,0.29377,0.381822,-0.00454852,1
6,Gradient Descent,0.3,0.7,4633,0.293785,0.381801,-0.00454859,1
6,Gradient Descent,0.3,0.7,4634,0.2938,0.381779,-0.00454865,1
6,Gradient Descent,0.3,0.7,4635,0.293814,0.381758,-0.00454872,1
6,Gradient Descent,0.3,0.7,4636,0.293829,0.381737,-0.00454878,1
6,Gradient Descent,0.3,0.7,4637,0.293843,0.381716,-0.00454885,1
6,Gradient Descent,0.3,0.7,4638,0.293858,0.381695,-0.00454891,1
6,Gradient Descent,0.3,0.7,4639,0.293873,0.381674,-0.00454898,1
6,Gradient Descent,0.3,0.7,4640,0.293887,0.381653,-0.00454904,1
6,Gradient Descent,0.3,0.7,4641,0.293902,0.381632,-0.00454911,1
6,Gradient Descent,0.3,0.7,4642,0.293916,0.381611,-0.00454918,1
6,Gradient Descent,0.3,0.7,4643,0.293931,0.38159,-0.00454924,1
6,Gradient Descent,0.3,0.7,4644,0.293945,0.381569,-0.00454931,1
6,Gradient Descent,0.3,0.7,4645,0.29396,0.381548,-0.00454937,1
6,Gradient Descent,0.3,0.7,4646,0.293975,0.381527,-0.00454944,1
6,Gradient Descent,0.3,0.7,4647,0.293989,0.381506,-0.0045495,1
6,Gradient Descent,0.3,0.7,4648,0.294004,0.381485,-0.00454957,1
6,Gradient Descent,0.3,0.7,4649,0.294018,0.381464,-0.00454963,1
6,Gradient Descent,0.3,0.7,4650,0.294033,0.381444,-0.0045497,1
6,Gradient Descent,0.3,0.7,4651,0.294047,0.381423,-0.00454976,1
6,Gradient Descent,0.3,0.7,4652,0.294062,0.381402,-0.00454983,1
6,Gradient Descent,0.3,0.7,4653,0.294076,0.381381,-0.00454989,1
6,Gradient Descent,0.3,0.7,4654,0.294091,0.38136,-0.00454996,1
6,Gradient Descent,0.3,0.7,4655,0.294105,0.381339,-0.00455002,1
6,Gradient Descent,0.3,0.7,4656,0.29412,0.381318,-0.00455009,1
6,Gradient Descent,0.3,0.7,4657,0.294134,0.381297,-0.00455015,1
6,Gradient Descent,0.3,0.7,4658,0.294149,0.381276,-0.00455021,1
6,Gradient Descent,0.3,0.7,4659,0.294163,0.381256,-0.00455028,1
6,Gradient Descent,0.3,0.7,4660,0.294178,0.381235,-0.00455034,1
6,Gradient Descent,0.3,0.7,4661,0.294192,0.381214,-0.00455041,1
6,Gradient Descent,0.3,0.7,4662,0.294207,0.381193,-0.00455047,1
6,Gradient Descent,0.3,0.7,4663,0.294221,0.381172,-0.00455054,1
6,Gradient Descent,0.3,0.7,4664,0.294236,0.381151,-0.0045506,1
6,Gradient Descent,0.3,0.7,4665,0.29425,0.381131,-0.00455066,1
6,Gradient Descent,0.3,0.7,4666,0.294265,0.38111,-0.00455073,1
6,Gradient Descent,0.3,0.7,4667,0.294279,0.381089,-0.00455079,1
6,Gradient Descent,0.3,0.7,4668,0.294294,0.381068,-0.00455086,1
6,Gradient Descent,0.3,0.7,4669,0.294308,0.381048,-0.00455092,1
6,Gradient Descent,0.3,0.7,4670,0.294323,0.381027,-0.00455098,1
6,Gradient Descent,0.3,0.7,4671,0.294337,0.381006,-0.00455105,1
6,Gradient Descent,0.3,0.7,4672,0.294352,0.380985,-0.00455111,1
6,Gradient Descent,0.3,0.7,4673,0.294366,0.380965,-0.00455118,1
6,Gradient Descent,0.3,0.7,4674,0.29438,0.380944,-0.00455124,1
6,Gradient Descent,0.3,0.7,4675,0.294395,0.380923,-0.0045513,1
6,Gradient Descent,0.3,0.7,4676,0.294409,0.380903,-0.00455137,1
6,Gradient Descent,0.3,0.7,4677,0.294424,0.380882,-0.00455143,1
6,Gradient Descent,0.3,0.7,4678,0.294438,0.380861,-0.00455149,1
6,Gradient Descent,0.3,0.7,4679,0.294452,0.38084,-0.00455156,1
6,Gradient Descent,0.3,0.7,4680,0.294467,0.38082,-0.00455162,1
6,Gradient Descent,0.3,0.7,4681,0.294481,0.380799,-0.00455168,1
6,Gradient Descent,0.3,0.7,4682,0.294496,0.380779,-0.00455175,1
6,Gradient Descent,0.3,0.7,4683,0.29451,0.380758,-0.00455181,1
6,Gradient Descent,0.3,0.7,4684,0.294524,0.380737,-0.00455187,1
6,Gradient Descent,0.3,0.7,4685,0.294539,0.380717,-0.00455194,1
6,Gradient Descent,0.3,0.7,4686,0.294553,0.380696,-0.004552,1
6,Gradient Descent,0.3,0.7,4687,0.294568,0.380675,-0.00455206,1
6,Gradient Descent,0.3,0.7,4688,0.294582,0.380655,-0.00455213,1
6,Gradient Descent,0.3,0.7,4689,0.294596,0.380634,-0.00455219,1
6,Gradient Descent,0.3,0.7,4690,0.294611,0.380614,-0.00455225,1
6,Gradient Descent,0.3,0.7,4691,0.294625,0.380593,-0.00455232,1
6,Gradient Descent,0.3,0.7,4692,0.294639,0.380573,-0.00455238,1
6,Gradient Descent,0.3,0.7,4693,0.294654,0.380552,-0.00455244,1
6,Gradient Descent,0.3,0.7,4694,0.294668,0.380532,-0.0045525,1
6,Gradient Descent,0.3,0.7,4695,0.294682,0.380511,-0.00455257,1
6,Gradient Descent,0.3,0.7,4696,0.294697,0.38049,-0.00455263,1
6,Gradient Descent,0.3,0.7,4697,0.294711,0.38047,-0.00455269,1
6,Gradient Descent,0.3,0.7,4698,0.294725,0.380449,-0.00455275,1
6,Gradient Descent,0.3,0.7,4699,0.29474,0.380429,-0.00455282,1
6,Gradient Descent,0.3,0.7,4700,0.294754,0.380408,-0.00455288,1
6,Gradient Descent,0.3,0.7,4701,0.294768,0.380388,-0.00455294,1
6,Gradient Descent,0.3,0.7,4702,0.294783,0.380368,-0.004553,1
6,Gradient Descent,0.3,0.7,4703,0.294797,0.380347,-0.00455307,1
6,Gradient Descent,0.3,0.7,4704,0.294811,0.380327,-0.00455313,1
6,Gradient Descent,0.3,0.7,4705,0.294825,0.380306,-0.00455319,1
6,Gradient Descent,0.3,0.7,4706,0.29484,0.380286,-0.00455325,1
6,Gradient Descent,0.3,0.7,4707,0.294854,0.380265,-0.00455331,1
6,Gradient Descent,0.3,0.7,4708,0.294868,0.380245,-0.00455338,1
6,Gradient Descent,0.3,0.7,4709,0.294883,0.380225,-0.00455344,1
6,Gradient Descent,0.3,0.7,4710,0.294897,0.380204,-0.0045535,1
6,Gradient Descent,0.3,0.7,4711,0.294911,0.380184,-0.00455356,1
6,Gradient Descent,0.3,0.7,4712,0.294925,0.380163,-0.00455362,1
6,Gradient Descent,0.3,0.7,4713,0.29494,0.380143,-0.00455369,1
6,Gradient Descent,0.3,0.7,4714,0.294954,0.380123,-0.00455375,1
6,Gradient Descent,0.3,0.7,4715,0.294968,0.380102,-0.00455381,1
6,Gradient Descent,0.3,0.7,4716,0.294982,0.380082,-0.00455387,1
6,Gradient Descent,0.3,0.7,4717,0.294997,0.380062,-0.00455393,1
6,Gradient Descent,0.3,0.7,4718,0.295011,0.380041,-0.00455399,1
6,Gradient Descent,0.3,0.7,4719,0.295025,0.380021,-0.00455406,1
6,Gradient Descent,0.3,0.7,4720,0.295039,0.380001,-0.00455412,1
6,Gradient Descent,0.3,0.7,4721,0.295053,0.37998,-0.00455418,1
6,Gradient Descent,0.3,0.7,4722,0.295068,0.37996,-0.00455424,1
6,Gradient Descent,0.3,0.7,4723,0.295082,0.37994,-0.0045543,1
6,Gradient Descent,0.3,0.7,4724,0.295096,0.37992,-0.00455436,1
6,Gradient Descent,0.3,0.7,4725,0.29511,0.379899,-0.00455442,1
6,Gradient Descent,0.3,0.7,4726,0.295124,0.379879,-0.00455448,1
6,Gradient Descent,0.3,0.7,4727,0.295139,0.379859,-0.00455455,1
6,Gradient Descent,0.3,0.7,4728,0.295153,0.379839,-0.00455461,1
6,Gradient Descent,0.3,0.7,4729,0.295167,0.379818,-0.00455467,1
6,Gradient Descent,0.3,0.7,4730,0.295181,0.379798,-0.00455473,1
6,Gradient Descent,0.3,0.7,4731,0.295195,0.379778,-0.00455479,1
6,Gradient Descent,0.3,0.7,4732,0.295209,0.379758,-0.00455485,1
6,Gradient Descent,0.3,0.7,4733,0.295224,0.379737,-0.00455491,1
6,Gradient Descent,0.3,0.7,4734,0.295238,0.379717,-0.00455497,1
6,Gradient Descent,0.3,0.7,4735,0.295252,0.379697,-0.00455503,1
6,Gradient Descent,0.3,0.7,4736,0.295266,0.379677,-0.00455509,1
6,Gradient Descent,0.3,0.7,4737,0.29528,0.379657,-0.00455515,1
6,Gradient Descent,0.3,0.7,4738,0.295294,0.379637,-0.00455521,1
6,Gradient Descent,0.3,0.7,4739,0.295308,0.379616,-0.00455528,1
6,Gradient Descent,0.3,0.7,4740,0.295323,0.379596,-0.00455534,1
6,Gradient Descent,0.3,0.7,4741,0.295337,0.379576,-0.0045554,1
6,Gradient Descent,0.3,0.7,4742,0.295351,0.379556,-0.00455546,1
6,Gradient Descent,0.3,0.7,4743,0.295365,0.379536,-0.00455552,1
6,Gradient Descent,0.3,0.7,4744,0.295379,0.379516,-0.00455558,1
6,Gradient Descent,0.3,0.7,4745,0.295393,0.379496,-0.00455564,1
6,Gradient Descent,0.3,0.7,4746,0.295407,0.379476,-0.0045557,1
6,Gradient Descent,0.3,0.7,4747,0.295421,0.379456,-0.00455576,1
6,Gradient Descent,0.3,0.7,4748,0.295435,0.379436,-0.00455582,1
6,Gradient Descent,0.3,0.7,4749,0.295449,0.379416,-0.00455588,1
6,Gradient Descent,0.3,0.7,4750,0.295464,0.379395,-0.00455594,1
6,Gradient Descent,0.3,0.7,4751,0.295478,0.379375,-0.004556,1
6,Gradient Descent,0.3,0.7,4752,0.295492,0.379355,-0.00455606,1
6,Gradient Descent,0.3,0.7,4753,0.295506,0.379335,-0.00455612,1
6,Gradient Descent,0.3,0.7,4754,0.29552,0.379315,-0.00455618,1
6,Gradient Descent,0.3,0.7,4755,0.295534,0.379295,-0.00455624,1
6,Gradient Descent,0.3,0.7,4756,0.295548,0.379275,-0.0045563,1
6,Gradient Descent,0.3,0.7,4757,0.295562,0.379255,-0.00455636,1
6,Gradient Descent,0.3,0.7,4758,0.295576,0.379235,-0.00455642,1
6,Gradient Descent,0.3,0.7,4759,0.29559,0.379215,-0.00455648,1
6,Gradient Descent,0.3,0.7,4760,0.295604,0.379195,-0.00455654,1
6,Gradient Descent,0.3,0.7,4761,0.295618,0.379176,-0.00455659,1
6,Gradient Descent,0.3,0.7,4762,0.295632,0.379156,-0.00455665,1
6,Gradient Descent,0.3,0.7,4763,0.295646,0.379136,-0.00455671,1
6,Gradient Descent,0.3,0.7,4764,0.29566,0.379116,-0.00455677,1
6,Gradient Descent,0.3,0.7,4765,0.295674,0.379096,-0.00455683,1
6,Gradient Descent,0.3,0.7,4766,0.295688,0.379076,-0.00455689,1
6,Gradient Descent,0.3,0.7,4767,0.295702,0.379056,-0.00455695,1
6,Gradient Descent,0.3,0.7,4768,0.295716,0.379036,-0.00455701,1
6,Gradient Descent,0.3,0.7,4769,0.29573,0.379016,-0.00455707,1
6,Gradient Descent,0.3,0.7,4770,0.295744,0.378996,-0.00455713,1
6,Gradient Descent,0.3,0.7,4771,0.295758,0.378976,-0.00455719,1
6,Gradient Descent,0.3,0.7,4772,0.295772,0.378957,-0.00455725,1
6,Gradient Descent,0.3,0.7,4773,0.295786,0.378937,-0.0045573,1
6,Gradient Descent,0.3,0.7,4774,0.2958,0.378917,-0.00455736,1
6,Gradient Descent,0.3,0.7,4775,0.295814,0.378897,-0.00455742,1
6,Gradient Descent,0.3,0.7,4776,0.295828,0.378877,-0.00455748,1
6,Gradient Descent,0.3,0.7,4777,0.295842,0.378857,-0.00455754,1
6,Gradient Descent,0.3,0.7,4778,0.295856,0.378838,-0.0045576,1
6,Gradient Descent,0.3,0.7,4779,0.29587,0.378818,-0.00455766,1
6,Gradient Descent,0.3,0.7,4780,0.295884,0.378798,-0.00455772,1
6,Gradient Descent,0.3,0.7,4781,0.295898,0.378778,-0.00455777,1
6,Gradient Descent,0.3,0.7,4782,0.295912,0.378759,-0.00455783,1
6,Gradient Descent,0.3,0.7,4783,0.295926,0.378739,-0.00455789,1
6,Gradient Descent,0.3,0.7,4784,0.29594,0.378719,-0.00455795,1
6,Gradient Descent,0.3,0.7,4785,0.295953,0.378699,-0.00455801,1
6,Gradient Descent,0.3,0.7,4786,0.295967,0.37868,-0.00455807,1
6,Gradient Descent,0.3,0.7,4787,0.295981,0.37866,-0.00455812,1
6,Gradient Descent,0.3,0.7,4788,0.295995,0.37864,-0.00455818,1
6,Gradient Descent,0.3,0.7,4789,0.296009,0.37862,-0.00455824,1
6,Gradient Descent,0.3,0.7,4790,0.296023,0.378601,-0.0045583,1
6,Gradient Descent,0.3,0.7,4791,0.296037,0.378581,-0.00455836,1
6,Gradient Descent,0.3,0.7,4792,0.296051,0.378561,-0.00455841,1
6,Gradient Descent,0.3,0.7,4793,0.296065,0.378542,-0.00455847,1
6,Gradient Descent,0.3,0.7,4794,0.296078,0.378522,-0.00455853,1
6,Gradient Descent,0.3,0.7,4795,0.296092,0.378502,-0.00455859,1
6,Gradient Descent,0.3,0.7,4796,0.296106,0.378483,-0.00455865,1
6,Gradient Descent,0.3,0.7,4797,0.29612,0.378463,-0.0045587,1
6,Gradient Descent,0.3,0.7,4798,0.296134,0.378443,-0.00455876,1
6,Gradient Descent,0.3,0.7,4799,0.296148,0.378424,-0.00455882,1
6,Gradient Descent,0.3,0.7,4800,0.296162,0.378404,-0.00455888,1
6,Gradient Descent,0.3,0.7,4801,0.296176,0.378385,-0.00455894,1
6,Gradient Descent,0.3,0.7,4802,0.296189,0.378365,-0.00455899,1
6,Gradient Descent,0.3,0.7,4803,0.296203,0.378345,-0.00455905,1
6,Gradient Descent,0.3,0.7,4804,0.296217,0.378326,-0.00455911,1
6,Gradient Descent,0.3,0.7,4805,0.296231,0.378306,-0.00455917,1
6,Gradient Descent,0.3,0.7,4806,0.296245,0.378287,-0.00455922,1
6,Gradient Descent,0.3,0.7,4807,0.296258,0.378267,-0.00455928,1
6,Gradient Descent,0.3,0.7,4808,0.296272,0.378247,-0.00455934,1
6,Gradient Descent,0.3,0.7,4809,0.296286,0.378228,-0.00455939,1
6,Gradient Descent,0.3,0.7,4810,0.2963,0.378208,-0.00455945,1
6,Gradient Descent,0.3,0.7,4811,0.296314,0.378189,-0.00455951,1
6,Gradient Descent,0.3,0.7,4812,0.296328,0.378169,-0.00455957,1
6,Gradient Descent,0.3,0.7,4813,0.296341,0.37815,-0.00455962,1
6,Gradient Descent,0.3,0.7,4814,0.296355,0.37813,-0.00455968,1
6,Gradient Descent,0.3,0.7,4815,0.296369,0.378111,-0.00455974,1
6,Gradient Descent,0.3,0.7,4816,0.296383,0.378091,-0.00455979,1
6,Gradient Descent,0.3,0.7,4817,0.296396,0.378072,-0.00455985,1
6,Gradient Descent,0.3,0.7,4818,0.29641,0.378052,-0.00455991,1
6,Gradient Descent,0.3,0.7,4819,0.296424,0.378033,-0.00455996,1
6,Gradient Descent,0.3,0.7,4820,0.296438,0.378014,-0.00456002,1
6,Gradient Descent,0.3,0.7,4821,0.296451,0.377994,-0.00456008,1
6,Gradient Descent,0.3,0.7,4822,0.296465,0.377975,-0.00456013,1
6,Gradient Descent,0.3,0.7,4823,0.296479,0.377955,-0.00456019,1
6,Gradient Descent,0.3,0.7,4824,0.296493,0.377936,-0.00456025,1
6,Gradient Descent,0.3,0.7,4825,0.296506,0.377916,-0.0045603,1
6,Gradient Descent,0.3,0.7,4826,0.29652,0.377897,-0.00456036,1
6,Gradient Descent,0.3,0.7,4827,0.296534,0.377878,-0.00456042,1
6,Gradient Descent,0.3,0.7,4828,0.296548,0.377858,-0.00456047,1
6,Gradient Descent,0.3,0.7,4829,0.296561,0.377839,-0.00456053,1
6,Gradient Descent,0.3,0.7,4830,0.296575,0.377819,-0.00456059,1
6,Gradient Descent,0.3,0.7,4831,0.296589,0.3778,-0.00456064,1
6,Gradient Descent,0.3,0.7,4832,0.296602,0.377781,-0.0045607,1
6,Gradient Descent,0.3,0.7,4833,0.296616,0.377761,-0.00456075,1
6,Gradient Descent,0.3,0.7,4834,0.29663,0.377742,-0.00456081,1
6,Gradient Descent,0.3,0.7,4835,0.296644,0.377723,-0.00456087,1
6,Gradient Descent,0.3,0.7,4836,0.296657,0.377703,-0.00456092,1
6,Gradient Descent,0.3,0.7,4837,0.296671,0.377684,-0.00456098,1
6,Gradient Descent,0.3,0.7,4838,0.296685,0.377665,-0.00456103,1
6,Gradient Descent,0.3,0.7,4839,0.296698,0.377646,-0.00456109,1
6,Gradient Descent,0.3,0.7,4840,0.296712,0.377626,-0.00456115,1
6,Gradient Descent,0.3,0.7,4841,0.296726,0.377607,-0.0045612,1
6,Gradient Descent,0.3,0.7,4842,0.296739,0.377588,-0.00456126,1
6,Gradient Descent,0.3,0.7,4843,0.296753,0.377569,-0.00456131,1
6,Gradient Descent,0.3,0.7,4844,0.296767,0.377549,-0.00456137,1
6,Gradient Descent,0.3,0.7,4845,0.29678,0.37753,-0.00456143,1
6,Gradient Descent,0.3,0.7,4846,0.296794,0.377511,-0.00456148,1
6,Gradient Descent,0.3,0.7,4847,0.296808,0.377492,-0.00456154,1
6,Gradient Descent,0.3,0.7,4848,0.296821,0.377472,-0.00456159,1
6,Gradient Descent,0.3,0.7,4849,0.296835,0.377453,-0.00456165,1
6,Gradient Descent,0.3,0.7,4850,0.296848,0.377434,-0.0045617,1
6,Gradient Descent,0.3,0.7,4851,0.296862,0.377415,-0.00456176,1
6,Gradient Descent,0.3,0.7,4852,0.296876,0.377396,-0.00456181,1
6,Gradient Descent,0.3,0.7,4853,0.296889,0.377376,-0.00456187,1
6,Gradient Descent,0.3,0.7,4854,0.296903,0.377357,-0.00456192,1
6,Gradient Descent,0.3,0.7,4855,0.296916,0.377338,-0.00456198,1
6,Gradient Descent,0.3,0.7,4856,0.29693,0.377319,-0.00456203,1
6,Gradient Descent,0.3,0.7,4857,0.296944,0.3773,-0.00456209,1
6,Gradient Descent,0.3,0.7,4858,0.296957,0.377281,-0.00456214,1
6,Gradient Descent,0.3,0.7,4859,0.296971,0.377262,-0.0045622,1
6,Gradient Descent,0.3,0.7,4860,0.296984,0.377242,-0.00456225,1
6,Gradient Descent,0.3,0.7,4861,0.296998,0.377223,-0.00456231,1
6,Gradient Descent,0.3,0.7,4862,0.297012,0.377204,-0.00456236,1
6,Gradient Descent,0.3,0.7,4863,0.297025,0.377185,-0.00456242,1
6,Gradient Descent,0.3,0.7,4864,0.297039,0.377166,-0.00456247,1
6,Gradient Descent,0.3,0.7,4865,0.297052,0.377147,-0.00456253,1
6,Gradient Descent,0.3,0.7,4866,0.297066,0.377128,-0.00456258,1
6,Gradient Descent,0.3,0.7,4867,0.297079,0.377109,-0.00456264,1
6,Gradient Descent,0.3,0.7,4868,0.297093,0.37709,-0.00456269,1
6,Gradient Descent,0.3,0.7,4869,0.297106,0.377071,-0.00456275,1
6,Gradient Descent,0.3,0.7,4870,0.29712,0.377052,-0.0045628,1
6,Gradient Descent,0.3,0.7,4871,0.297134,0.377033,-0.00456286,1
6,Gradient Descent,0.3,0.7,4872,0.297147,0.377014,-0.00456291,1
6,Gradient Descent,0.3,0.7,4873,0.297161,0.376995,-0.00456297,1
6,Gradient Descent,0.3,0.7,4874,0.297174,0.376976,-0.00456302,1
6,Gradient Descent,0.3,0.7,4875,0.297188,0.376957,-0.00456307,1
6,Gradient Descent,0.3,0.7,4876,0.297201,0.376938,-0.00456313,1
6,Gradient Descent,0.3,0.7,4877,0.297215,0.376919,-0.00456318,1
6,Gradient Descent,0.3,0.7,4878,0.297228,0.3769,-0.00456324,1
6,Gradient Descent,0.3,0.7,4879,0.297242,0.376881,-0.00456329,1
6,Gradient Descent,0.3,0.7,4880,0.297255,0.376862,-0.00456334,1
6,Gradient Descent,0.3,0.7,4881,0.297269,0.376843,-0.0045634,1
6,Gradient Descent,0.3,0.7,4882,0.297282,0.376824,-0.00456345,1
6,Gradient Descent,0.3,0.7,4883,0.297296,0.376805,-0.00456351,1
6,Gradient Descent,0.3,0.7,4884,0.297309,0.376786,-0.00456356,1
6,Gradient Descent,0.3,0.7,4885,0.297322,0.376767,-0.00456361,1
6,Gradient Descent,0.3,0.7,4886,0.297336,0.376748,-0.00456367,1
6,Gradient Descent,0.3,0.7,4887,0.297349,0.376729,-0.00456372,1
6,Gradient Descent,0.3,0.7,4888,0.297363,0.376711,-0.00456378,1
6,Gradient Descent,0.3,0.7,4889,0.297376,0.376692,-0.00456383,1
6,Gradient Descent,0.3,0.7,4890,0.29739,0.376673,-0.00456388,1
6,Gradient Descent,0.3,0.7,4891,0.297403,0.376654,-0.00456394,1
6,Gradient Descent,0.3,0.7,4892,0.297417,0.376635,-0.00456399,1
6,Gradient Descent,0.3,0.7,4893,0.29743,0.376616,-0.00456404,1
6,Gradient Descent,0.3,0.7,4894,0.297443,0.376597,-0.0045641,1
6,Gradient Descent,0.3,0.7,4895,0.297457,0.376579,-0.00456415,1
6,Gradient Descent,0.3,0.7,4896,0.29747,0.37656,-0.0045642,1
6,Gradient Descent,0.3,0.7,4897,0.297484,0.376541,-0.00456426,1
6,Gradient Descent,0.3,0.7,4898,0.297497,0.376522,-0.00456431,1
6,Gradient Descent,0.3,0.7,4899,0.297511,0.376503,-0.00456436,1
6,Gradient Descent,0.3,0.7,4900,0.297524,0.376485,-0.00456442,1
6,Gradient Descent,0.3,0.7,4901,0.297537,0.376466,-0.00456447,1
6,Gradient Descent,0.3,0.7,4902,0.297551,0.376447,-0.00456452,1
6,Gradient Descent,0.3,0.7,4903,0.297564,0.376428,-0.00456458,1
6,Gradient Descent,0.3,0.7,4904,0.297578,0.37641,-0.00456463,1
6,Gradient Descent,0.3,0.7,4905,0.297591,0.376391,-0.00456468,1
6,Gradient Descent,0.3,0.7,4906,0.297604,0.376372,-0.00456474,1
6,Gradient Descent,0.3,0.7,4907,0.297618,0.376353,-0.00456479,1
6,Gradient Descent,0.3,0.7,4908,0.297631,0.376335,-0.00456484,1
6,Gradient Descent,0.3,0.7,4909,0.297644,0.376316,-0.00456489,1
6,Gradient Descent,0.3,0.7,4910,0.297658,0.376297,-0.00456495,1
6,Gradient Descent,0.3,0.7,4911,0.297671,0.376278,-0.004565,1
6,Gradient Descent,0.3,0.7,4912,0.297684,0.37626,-0.00456505,1
6,Gradient Descent,0.3,0.7,4913,0.297698,0.376241,-0.00456511,1
6,Gradient Descent,0.3,0.7,4914,0.297711,0.376222,-0.00456516,1
6,Gradient Descent,0.3,0.7,4915,0.297724,0.376204,-0.00456521,1
6,Gradient Descent,0.3,0.7,4916,0.297738,0.376185,-0.00456526,1
6,Gradient Descent,0.3,0.7,4917,0.297751,0.376166,-0.00456532,1
6,Gradient Descent,0.3,0.7,4918,0.297764,0.376148,-0.00456537,1
6,Gradient Descent,0.3,0.7,4919,0.297778,0.376129,-0.00456542,1
6,Gradient Descent,0.3,0.7,4920,0.297791,0.376111,-0.00456547,1
6,Gradient Descent,0.3,0.7,4921,0.297804,0.376092,-0.00456553,1
6,Gradient Descent,0.3,0.7,4922,0.297818,0.376073,-0.00456558,1
6,Gradient Descent,0.3,0.7,4923,0.297831,0.376055,-0.00456563,1
6,Gradient Descent,0.3,0.7,4924,0.297844,0.376036,-0.00456568,1
6,Gradient Descent,0.3,0.7,4925,0.297858,0.376018,-0.00456574,1
6,Gradient Descent,0.3,0.7,4926,0.297871,0.375999,-0.00456579,1
6,Gradient Descent,0.3,0.7,4927,0.297884,0.37598,-0.00456584,1
6,Gradient Descent,0.3,0.7,4928,0.297897,0.375962,-0.00456589,1
6,Gradient Descent,0.3,0.7,4929,0.297911,0.375943,-0.00456594,1
6,Gradient Descent,0.3,0.7,4930,0.297924,0.375925,-0.004566,1
6,Gradient Descent,0.3,0.7,4931,0.297937,0.375906,-0.00456605,1
6,Gradient Descent,0.3,0.7,4932,0.29795,0.375888,-0.0045661,1
6,Gradient Descent,0.3,0.7,4933,0.297964,0.375869,-0.00456615,1
6,Gradient Descent,0.3,0.7,4934,0.297977,0.375851,-0.0045662,1
6,Gradient Descent,0.3,0.7,4935,0.29799,0.375832,-0.00456625,1
6,Gradient Descent,0.3,0.7,4936,0.298003,0.375814,-0.00456631,1
6,Gradient Descent,0.3,0.7,4937,0.298017,0.375795,-0.00456636,1
6,Gradient Descent,0.3,0.7,4938,0.29803,0.375777,-0.00456641,1
6,Gradient Descent,0.3,0.7,4939,0.298043,0.375758,-0.00456646,1
6,Gradient Descent,0.3,0.7,4940,0.298056,0.37574,-0.00456651,1
6,Gradient Descent,0.3,0.7,4941,0.29807,0.375721,-0.00456656,1
6,Gradient Descent,0.3,0.7,4942,0.298083,0.375703,-0.00456662,1
6,Gradient Descent,0.3,0.7,4943,0.298096,0.375684,-0.00456667,1
6,Gradient Descent,0.3,0.7,4944,0.298109,0.375666,-0.00456672,1
6,Gradient Descent,0.3,0.7,4945,0.298122,0.375648,-0.00456677,1
6,Gradient Descent,0.3,0.7,4946,0.298136,0.375629,-0.00456682,1
6,Gradient Descent,0.3,0.7,4947,0.298149,0.375611,-0.00456687,1
6,Gradient Descent,0.3,0.7,4948,0.298162,0.375592,-0.00456692,1
6,Gradient Descent,0.3,0.7,4949,0.298175,0.375574,-0.00456698,1
6,Gradient Descent,0.3,0.7,4950,0.298188,0.375556,-0.00456703,1
6,Gradient Descent,0.3,0.7,4951,0.298202,0.375537,-0.00456708,1
6,Gradient Descent,0.3,0.7,4952,0.298215,0.375519,-0.00456713,1
6,Gradient Descent,0.3,0.7,4953,0.298228,0.3755,-0.00456718,1
6,Gradient Descent,0.3,0.7,4954,0.298241,0.375482,-0.00456723,1
6,Gradient Descent,0.3,0.7,4955,0.298254,0.375464,-0.00456728,1
6,Gradient Descent,0.3,0.7,4956,0.298267,0.375445,-0.00456733,1
6,Gradient Descent,0.3,0.7,4957,0.298281,0.375427,-0.00456738,1
6,Gradient Descent,0.3,0.7,4958,0.298294,0.375409,-0.00456743,1
6,Gradient Descent,0.3,0.7,4959,0.298307,0.37539,-0.00456748,1
6,Gradient Descent,0.3,0.7,4960,0.29832,0.375372,-0.00456754,1
6,Gradient Descent,0.3,0.7,4961,0.298333,0.375354,-0.00456759,1
6,Gradient Descent,0.3,0.7,4962,0.298346,0.375336,-0.00456764,1
6,Gradient Descent,0.3,0.7,4963,0.298359,0.375317,-0.00456769,1
6,Gradient Descent,0.3,0.7,4964,0.298372,0.375299,-0.00456774,1
6,Gradient Descent,0.3,0.7,4965,0.298386,0.375281,-0.00456779,1
6,Gradient Descent,0.3,0.7,4966,0.298399,0.375262,-0.00456784,1
6,Gradient Descent,0.3,0.7,4967,0.298412,0.375244,-0.00456789,1
6,Gradient Descent,0.3,0.7,4968,0.298425,0.375226,-0.00456794,1
6,Gradient Descent,0.3,0.7,4969,0.298438,0.375208,-0.00456799,1
6,Gradient Descent,0.3,0.7,4970,0.298451,0.37519,-0.00456804,1
6,Gradient Descent,0.3,0.7,4971,0.298464,0.375171,-0.00456809,1
6,Gradient Descent,0.3,0.7,4972,0.298477,0.375153,-0.00456814,1
6,Gradient Descent,0.3,0.7,4973,0.29849,0.375135,-0.00456819,1
6,Gradient Descent,0.3,0.7,4974,0.298503,0.375117,-0.00456824,1
6,Gradient Descent,0.3,0.7,4975,0.298516,0.375099,-0.00456829,1
6,Gradient Descent,0.3,0.7,4976,0.29853,0.37508,-0.00456834,1
6,Gradient Descent,0.3,0.7,4977,0.298543,0.375062,-0.00456839,1
6,Gradient Descent,0.3,0.7,4978,0.298556,0.375044,-0.00456844,1
6,Gradient Descent,0.3,0.7,4979,0.298569,0.375026,-0.00456849,1
6,Gradient Descent,0.3,0.7,4980,0.298582,0.375008,-0.00456854,1
6,Gradient Descent,0.3,0.7,4981,0.298595,0.37499,-0.00456859,1
6,Gradient Descent,0.3,0.7,4982,0.298608,0.374971,-0.00456864,1
6,Gradient Descent,0.3,0.7,4983,0.298621,0.374953,-0.00456869,1
6,Gradient Descent,0.3,0.7,4984,0.298634,0.374935,-0.00456874,1
6,Gradient Descent,0.3,0.7,4985,0.298647,0.374917,-0.00456879,1
6,Gradient Descent,0.3,0.7,4986,0.29866,0.374899,-0.00456884,1
6,Gradient Descent,0.3,0.7,4987,0.298673,0.374881,-0.00456889,1
6,Gradient Descent,0.3,0.7,4988,0.298686,0.374863,-0.00456894,1
6,Gradient Descent,0.3,0.7,4989,0.298699,0.374845,-0.00456899,1
6,Gradient Descent,0.3,0.7,4990,0.298712,0.374827,-0.00456904,1
6,Gradient Descent,0.3,0.7,4991,0.298725,0.374809,-0.00456909,1
6,Gradient Descent,0.3,0.7,4992,0.298738,0.374791,-0.00456914,1
6,Gradient Descent,0.3,0.7,4993,0.298751,0.374773,-0.00456919,1
6,Gradient Descent,0.3,0.7,4994,0.298764,0.374755,-0.00456924,1
6,Gradient Descent,0.3,0.7,4995,0.298777,0.374736,-0.00456929,1
6,Gradient Descent,0.3,0.7,4996,0.29879,0.374718,-0.00456934,1
6,Gradient Descent,0.3,0.7,4997,0.298803,0.3747,-0.00456939,1
6,Gradient Descent,0.3,0.7,4998,0.298816,0.374682,-0.00456943,1
6,Gradient Descent,0.3,0.7,4999,0.298829,0.374664,-0.00456948,1
6,Gradient Descent,0.3,0.7,5000,0.298842,0.374646,-0.00456953,1
6,Gradient Descent,0.3,0.7,5001,0.298855,0.374628,-0.00456958,1
6,Gradient Descent,0.3,0.7,5002,0.298868,0.374611,-0.00456963,1
6,Gradient Descent,0.3,0.7,5003,0.298881,0.374593,-0.00456968,1
6,Gradient Descent,0.3,0.7,5004,0.298894,0.374575,-0.00456973,1
6,Gradient Descent,0.3,0.7,5005,0.298907,0.374557,-0.00456978,1
6,Gradient Descent,0.3,0.7,5006,0.29892,0.374539,-0.00456983,1
6,Gradient Descent,0.3,0.7,5007,0.298932,0.374521,-0.00456988,1
6,Gradient Descent,0.3,0.7,5008,0.298945,0.374503,-0.00456992,1
6,Gradient Descent,0.3,0.7,5009,0.298958,0.374485,-0.00456997,1
6,Gradient Descent,0.3,0.7,5010,0.298971,0.374467,-0.00457002,1
6,Gradient Descent,0.3,0.7,5011,0.298984,0.374449,-0.00457007,1
6,Gradient Descent,0.3,0.7,5012,0.298997,0.374431,-0.00457012,1
6,Gradient Descent,0.3,0.7,5013,0.29901,0.374413,-0.00457017,1
6,Gradient Descent,0.3,0.7,5014,0.299023,0.374395,-0.00457022,1
6,Gradient Descent,0.3,0.7,5015,0.299036,0.374378,-0.00457027,1
6,Gradient Descent,0.3,0.7,5016,0.299049,0.37436,-0.00457031,1
6,Gradient Descent,0.3,0.7,5017,0.299062,0.374342,-0.00457036,1
6,Gradient Descent,0.3,0.7,5018,0.299074,0.374324,-0.00457041,1
6,Gradient Descent,0.3,0.7,5019,0.299087,0.374306,-0.00457046,1
6,Gradient Descent,0.3,0.7,5020,0.2991,0.374288,-0.00457051,1
6,Gradient Descent,0.3,0.7,5021,0.299113,0.374271,-0.00457056,1
6,Gradient Descent,0.3,0.7,5022,0.299126,0.374253,-0.0045706,1
6,Gradient Descent,0.3,0.7,5023,0.299139,0.374235,-0.00457065,1
6,Gradient Descent,0.3,0.7,5024,0.299152,0.374217,-0.0045707,1
6,Gradient Descent,0.3,0.7,5025,0.299164,0.374199,-0.00457075,1
6,Gradient Descent,0.3,0.7,5026,0.299177,0.374181,-0.0045708,1
6,Gradient Descent,0.3,0.7,5027,0.29919,0.374164,-0.00457085,1
6,Gradient Descent,0.3,0.7,5028,0.299203,0.374146,-0.00457089,1
6,Gradient Descent,0.3,0.7,5029,0.299216,0.374128,-0.00457094,1
6,Gradient Descent,0.3,0.7,5030,0.299229,0.37411,-0.00457099,1
6,Gradient Descent,0.3,0.7,5031,0.299242,0.374093,-0.00457104,1
6,Gradient Descent,0.3,0.7,5032,0.299254,0.374075,-0.00457109,1
6,Gradient Descent,0.3,0.7,5033,0.299267,0.374057,-0.00457113,1
6,Gradient Descent,0.3,0.7,5034,0.29928,0.374039,-0.00457118,1
6,Gradient Descent,0.3,0.7,5035,0.299293,0.374022,-0.00457123,1
6,Gradient Descent,0.3,0.7,5036,0.299306,0.374004,-0.00457128,1
6,Gradient Descent,0.3,0.7,5037,0.299318,0.373986,-0.00457132,1
6,Gradient Descent,0.3,0.7,5038,0.299331,0.373969,-0.00457137,1
6,Gradient Descent,0.3,0.7,5039,0.299344,0.373951,-0.00457142,1
6,Gradient Descent,0.3,0.7,5040,0.299357,0.373933,-0.00457147,1
6,Gradient Descent,0.3,0.7,5041,0.29937,0.373916,-0.00457151,1
6,Gradient Descent,0.3,0.7,5042,0.299382,0.373898,-0.00457156,1
6,Gradient Descent,0.3,0.7,5043,0.299395,0.37388,-0.00457161,1
6,Gradient Descent,0.3,0.7,5044,0.299408,0.373863,-0.00457166,1
6,Gradient Descent,0.3,0.7,5045,0.299421,0.373845,-0.0045717,1
6,Gradient Descent,0.3,0.7,5046,0.299433,0.373827,-0.00457175,1
6,Gradient Descent,0.3,0.7,5047,0.299446,0.37381,-0.0045718,1
6,Gradient Descent,0.3,0.7,5048,0.299459,0.373792,-0.00457185,1
6,Gradient Descent,0.3,0.7,5049,0.299472,0.373775,-0.00457189,1
6,Gradient Descent,0.3,0.7,5050,0.299484,0.373757,-0.00457194,1
6,Gradient Descent,0.3,0.7,5051,0.299497,0.373739,-0.00457199,1
6,Gradient Descent,0.3,0.7,5052,0.29951,0.373722,-0.00457204,1
6,Gradient Descent,0.3,0.7,5053,0.299523,0.373704,-0.00457208,1
6,Gradient Descent,0.3,0.7,5054,0.299535,0.373687,-0.00457213,1
6,Gradient Descent,0.3,0.7,5055,0.299548,0.373669,-0.00457218,1
6,Gradient Descent,0.3,0.7,5056,0.299561,0.373651,-0.00457222,1
6,Gradient Descent,0.3,0.7,5057,0.299574,0.373634,-0.00457227,1
6,Gradient Descent,0.3,0.7,5058,0.299586,0.373616,-0.00457232,1
6,Gradient Descent,0.3,0.7,5059,0.299599,0.373599,-0.00457236,1
6,Gradient Descent,0.3,0.7,5060,0.299612,0.373581,-0.00457241,1
6,Gradient Descent,0.3,0.7,5061,0.299624,0.373564,-0.00457246,1
6,Gradient Descent,0.3,0.7,5062,0.299637,0.373546,-0.0045725,1
6,Gradient Descent,0.3,0.7,5063,0.29965,0.373529,-0.00457255,1
6,Gradient Descent,0.3,0.7,5064,0.299662,0.373511,-0.0045726,1
6,Gradient Descent,0.3,0.7,5065,0.299675,0.373494,-0.00457264,1
6,Gradient Descent,0.3,0.7,5066,0.299688,0.373476,-0.00457269,1
6,Gradient Descent,0.3,0.7,5067,0.2997,0.373459,-0.00457274,1
6,Gradient Descent,0.3,0.7,5068,0.299713,0.373441,-0.00457278,1
6,Gradient Descent,0.3,0.7,5069,0.299726,0.373424,-0.00457283,1
6,Gradient Descent,0.3,0.7,5070,0.299738,0.373407,-0.00457288,1
6,Gradient Descent,0.3,0.7,5071,0.299751,0.373389,-0.00457292,1
6,Gradient Descent,0.3,0.7,5072,0.299764,0.373372,-0.00457297,1
6,Gradient Descent,0.3,0.7,5073,0.299776,0.373354,-0.00457302,1
6,Gradient Descent,0.3,0.7,5074,0.299789,0.373337,-0.00457306,1
6,Gradient Descent,0.3,0.7,5075,0.299802,0.373319,-0.00457311,1
6,Gradient Descent,0.3,0.7,5076,0.299814,0.373302,-0.00457316,1
6,Gradient Descent,0.3,0.7,5077,0.299827,0.373285,-0.0045732,1
6,Gradient Descent,0.3,0.7,5078,0.29984,0.373267,-0.00457325,1
6,Gradient Descent,0.3,0.7,5079,0.299852,0.37325,-0.00457329,1
6,Gradient Descent,0.3,0.7,5080,0.299865,0.373232,-0.00457334,1
6,Gradient Descent,0.3,0.7,5081,0.299877,0.373215,-0.00457339,1
6,Gradient Descent,0.3,0.7,5082,0.29989,0.373198,-0.00457343,1
6,Gradient Descent,0.3,0.7,5083,0.299903,0.37318,-0.00457348,1
6,Gradient Descent,0.3,0.7,5084,0.299915,0.373163,-0.00457352,1
6,Gradient Descent,0.3,0.7,5085,0.299928,0.373146,-0.00457357,1
6,Gradient Descent,0.3,0.7,5086,0.29994,0.373128,-0.00457362,1
6,Gradient Descent,0.3,0.7,5087,0.299953,0.373111,-0.00457366,1
6,Gradient Descent,0.3,0.7,5088,0.299966,0.373094,-0.00457371,1
6,Gradient Descent,0.3,0.7,5089,0.299978,0.373076,-0.00457375,1
6,Gradient Descent,0.3,0.7,5090,0.299991,0.373059,-0.0045738,1
6,Gradient Descent,0.3,0.7,5091,0.300003,0.373042,-0.00457384,1
6,Gradient Descent,0.3,0.7,5092,0.300016,0.373025,-0.00457389,1
6,Gradient Descent,0.3,0.7,5093,0.300029,0.373007,-0.00457394,1
6,Gradient Descent,0.3,0.7,5094,0.300041,0.37299,-0.00457398,1
6,Gradient Descent,0.3,0.7,5095,0.300054,0.372973,-0.00457403,1
6,Gradient Descent,0.3,0.7,5096,0.300066,0.372955,-0.00457407,1
6,Gradient Descent,0.3,0.7,5097,0.300079,0.372938,-0.00457412,1
6,Gradient Descent,0.3,0.7,5098,0.300091,0.372921,-0.00457416,1
6,Gradient Descent,0.3,0.7,5099,0.300104,0.372904,-0.00457421,1
6,Gradient Descent,0.3,0.7,5100,0.300116,0.372887,-0.00457425,1
6,Gradient Descent,0.3,0.7,5101,0.300129,0.372869,-0.0045743,1
6,Gradient Descent,0.3,0.7,5102,0.300141,0.372852,-0.00457434,1
6,Gradient Descent,0.3,0.7,5103,0.300154,0.372835,-0.00457439,1
6,Gradient Descent,0.3,0.7,5104,0.300166,0.372818,-0.00457444,1
6,Gradient Descent,0.3,0.7,5105,0.300179,0.372801,-0.00457448,1
6,Gradient Descent,0.3,0.7,5106,0.300191,0.372783,-0.00457453,1
6,Gradient Descent,0.3,0.7,5107,0.300204,0.372766,-0.00457457,1
6,Gradient Descent,0.3,0.7,5108,0.300216,0.372749,-0.00457462,1
6,Gradient Descent,0.3,0.7,5109,0.300229,0.372732,-0.00457466,1
6,Gradient Descent,0.3,0.7,5110,0.300241,0.372715,-0.00457471,1
6,Gradient Descent,0.3,0.7,5111,0.300254,0.372698,-0.00457475,1
6,Gradient Descent,0.3,0.7,5112,0.300266,0.37268,-0.0045748,1
6,Gradient Descent,0.3,0.7,5113,0.300279,0.372663,-0.00457484,1
6,Gradient Descent,0.3,0.7,5114,0.300291,0.372646,-0.00457489,1
6,Gradient Descent,0.3,0.7,5115,0.300304,0.372629,-0.00457493,1
6,Gradient Descent,0.3,0.7,5116,0.300316,0.372612,-0.00457497,1
6,Gradient Descent,0.3,0.7,5117,0.300329,0.372595,-0.00457502,1
6,Gradient Descent,0.3,0.7,5118,0.300341,0.372578,-0.00457506,1
6,Gradient Descent,0.3,0.7,5119,0.300354,0.372561,-0.00457511,1
6,Gradient Descent,0.3,0.7,5120,0.300366,0.372544,-0.00457515,1
6,Gradient Descent,0.3,0.7,5121,0.300379,0.372527,-0.0045752,1
6,Gradient Descent,0.3,0.7,5122,0.300391,0.37251,-0.00457524,1
6,Gradient Descent,0.3,0.7,5123,0.300403,0.372492,-0.00457529,1
6,Gradient Descent,0.3,0.7,5124,0.300416,0.372475,-0.00457533,1
6,Gradient Descent,0.3,0.7,5125,0.300428,0.372458,-0.00457538,1
6,Gradient Descent,0.3,0.7,5126,0.300441,0.372441,-0.00457542,1
6,Gradient Descent,0.3,0.7,5127,0.300453,0.372424,-0.00457547,1
6,Gradient Descent,0.3,0.7,5128,0.300466,0.372407,-0.00457551,1
6,Gradient Descent,0.3,0.7,5129,0.300478,0.37239,-0.00457555,1
6,Gradient Descent,0.3,0.7,5130,0.30049,0.372373,-0.0045756,1
6,Gradient Descent,0.3,0.7,5131,0.300503,0.372356,-0.00457564,1
6,Gradient Descent,0.3,0.7,5132,0.300515,0.372339,-0.00457569,1
6,Gradient Descent,0.3,0.7,5133,0.300528,0.372322,-0.00457573,1
6,Gradient Descent,0.3,0.7,5134,0.30054,0.372305,-0.00457577,1
6,Gradient Descent,0.3,0.7,5135,0.300552,0.372288,-0.00457582,1
6,Gradient Descent,0.3,0.7,5136,0.300565,0.372271,-0.00457586,1
6,Gradient Descent,0.3,0.7,5137,0.300577,0.372255,-0.00457591,1
6,Gradient Descent,0.3,0.7,5138,0.300589,0.372238,-0.00457595,1
6,Gradient Descent,0.3,0.7,5139,0.300602,0.372221,-0.004576,1
6,Gradient Descent,0.3,0.7,5140,0.300614,0.372204,-0.00457604,1
6,Gradient Descent,0.3,0.7,5141,0.300627,0.372187,-0.00457608,1
6,Gradient Descent,0.3,0.7,5142,0.300639,0.37217,-0.00457613,1
6,Gradient Descent,0.3,0.7,5143,0.300651,0.372153,-0.00457617,1
6,Gradient Descent,0.3,0.7,5144,0.300664,0.372136,-0.00457621,1
6,Gradient Descent,0.3,0.7,5145,0.300676,0.372119,-0.00457626,1
6,Gradient Descent,0.3,0.7,5146,0.300688,0.372102,-0.0045763,1
6,Gradient Descent,0.3,0.7,5147,0.300701,0.372085,-0.00457635,1
6,Gradient Descent,0.3,0.7,5148,0.300713,0.372069,-0.00457639,1
6,Gradient Descent,0.3,0.7,5149,0.300725,0.372052,-0.00457643,1
6,Gradient Descent,0.3,0.7,5150,0.300738,0.372035,-0.00457648,1
6,Gradient Descent,0.3,0.7,5151,0.30075,0.372018,-0.00457652,1
6,Gradient Descent,0.3,0.7,5152,0.300762,0.372001,-0.00457656,1
6,Gradient Descent,0.3,0.7,5153,0.300775,0.371984,-0.00457661,1
6,Gradient Descent,0.3,0.7,5154,0.300787,0.371968,-0.00457665,1
6,Gradient Descent,0.3,0.7,5155,0.300799,0.371951,-0.00457669,1
6,Gradient Descent,0.3,0.7,5156,0.300811,0.371934,-0.00457674,1
6,Gradient Descent,0.3,0.7,5157,0.300824,0.371917,-0.00457678,1
6,Gradient Descent,0.3,0.7,5158,0.300836,0.3719,-0.00457682,1
6,Gradient Descent,0.3,0.7,5159,0.300848,0.371884,-0.00457687,1
6,Gradient Descent,0.3,0.7,5160,0.300861,0.371867,-0.00457691,1
6,Gradient Descent,0.3,0.7,5161,0.300873,0.37185,-0.00457695,1
6,Gradient Descent,0.3,0.7,5162,0.300885,0.371833,-0.004577,1
6,Gradient Descent,0.3,0.7,5163,0.300897,0.371817,-0.00457704,1
6,Gradient Descent,0.3,0.7,5164,0.30091,0.3718,-0.00457708,1
6,Gradient Descent,0.3,0.7,5165,0.300922,0.371783,-0.00457713,1
6,Gradient Descent,0.3,0.7,5166,0.300934,0.371766,-0.00457717,1
6,Gradient Descent,0.3,0.7,5167,0.300946,0.37175,-0.00457721,1
6,Gradient Descent,0.3,0.7,5168,0.300959,0.371733,-0.00457725,1
6,Gradient Descent,0.3,0.7,5169,0.300971,0.371716,-0.0045773,1
6,Gradient Descent,0.3,0.7,5170,0.300983,0.371699,-0.00457734,1
6,Gradient Descent,0.3,0.7,5171,0.300995,0.371683,-0.00457738,1
6,Gradient Descent,0.3,0.7,5172,0.301008,0.371666,-0.00457743,1
6,Gradient Descent,0.3,0.7,5173,0.30102,0.371649,-0.00457747,1
6,Gradient Descent,0.3,0.7,5174,0.301032,0.371633,-0.00457751,1
6,Gradient Descent,0.3,0.7,5175,0.301044,0.371616,-0.00457755,1
6,Gradient Descent,0.3,0.7,5176,0.301057,0.371599,-0.0045776,1
6,Gradient Descent,0.3,0.7,5177,0.301069,0.371583,-0.00457764,1
6,Gradient Descent,0.3,0.7,5178,0.301081,0.371566,-0.00457768,1
6,Gradient Descent,0.3,0.7,5179,0.301093,0.371549,-0.00457772,1
6,Gradient Descent,0.3,0.7,5180,0.301105,0.371533,-0.00457777,1
6,Gradient Descent,0.3,0.7,5181,0.301118,0.371516,-0.00457781,1
6,Gradient Descent,0.3,0.7,5182,0.30113,0.3715,-0.00457785,1
6,Gradient Descent,0.3,0.7,5183,0.301142,0.371483,-0.00457789,1
6,Gradient Descent,0.3,0.7,5184,0.301154,0.371466,-0.00457794,1
6,Gradient Descent,0.3,0.7,5185,0.301166,0.37145,-0.00457798,1
6,Gradient Descent,0.3,0.7,5186,0.301178,0.371433,-0.00457802,1
6,Gradient Descent,0.3,0.7,5187,0.301191,0.371417,-0.00457806,1
6,Gradient Descent,0.3,0.7,5188,0.301203,0.3714,-0.00457811,1
6,Gradient Descent,0.3,0.7,5189,0.301215,0.371383,-0.00457815,1
6,Gradient Descent,0.3,0.7,5190,0.301227,0.371367,-0.00457819,1
6,Gradient Descent,0.3,0.7,5191,0.301239,0.37135,-0.00457823,1
6,Gradient Descent,0.3,0.7,5192,0.301251,0.371334,-0.00457828,1
6,Gradient Descent,0.3,0.7,5193,0.301264,0.371317,-0.00457832,1
6,Gradient Descent,0.3,0.7,5194,0.301276,0.371301,-0.00457836,1
6,Gradient Descent,0.3,0.7,5195,0.301288,0.371284,-0.0045784,1
6,Gradient Descent,0.3,0.7,5196,0.3013,0.371268,-0.00457844,1
6,Gradient Descent,0.3,0.7,5197,0.301312,0.371251,-0.00457849,1
6,Gradient Descent,0.3,0.7,5198,0.301324,0.371235,-0.00457853,1
6,Gradient Descent,0.3,0.7,5199,0.301336,0.371218,-0.00457857,1
6,Gradient Descent,0.3,0.7,5200,0.301348,0.371202,-0.00457861,1
6,Gradient Descent,0.3,0.7,5201,0.301361,0.371185,-0.00457865,1
6,Gradient Descent,0.3,0.7,5202,0.301373,0.371169,-0.00457869,1
6,Gradient Descent,0.3,0.7,5203,0.301385,0.371152,-0.00457874,1
6,Gradient Descent,0.3,0.7,5204,0.301397,0.371136,-0.00457878,1
6,Gradient Descent,0.3,0.7,5205,0.301409,0.371119,-0.00457882,1
6,Gradient Descent,0.3,0.7,5206,0.301421,0.371103,-0.00457886,1
6,Gradient Descent,0.3,0.7,5207,0.301433,0.371086,-0.0045789,1
6,Gradient Descent,0.3,0.7,5208,0.301445,0.37107,-0.00457894,1
6,Gradient Descent,0.3,0.7,5209,0.301457,0.371054,-0.00457899,1
6,Gradient Descent,0.3,0.7,5210,0.301469,0.371037,-0.00457903,1
6,Gradient Descent,0.3,0.7,5211,0.301481,0.371021,-0.00457907,1
6,Gradient Descent,0.3,0.7,5212,0.301494,0.371004,-0.00457911,1
6,Gradient Descent,0.3,0.7,5213,0.301506,0.370988,-0.00457915,1
6,Gradient Descent,0.3,0.7,5214,0.301518,0.370972,-0.00457919,1
6,Gradient Descent,0.3,0.7,5215,0.30153,0.370955,-0.00457923,1
6,Gradient Descent,0.3,0.7,5216,0.301542,0.370939,-0.00457928,1
6,Gradient Descent,0.3,0.7,5217,0.301554,0.370922,-0.00457932,1
6,Gradient Descent,0.3,0.7,5218,0.301566,0.370906,-0.00457936,1
6,Gradient Descent,0.3,0.7,5219,0.301578,0.37089,-0.0045794,1
6,Gradient Descent,0.3,0.7,5220,0.30159,0.370873,-0.00457944,1
6,Gradient Descent,0.3,0.7,5221,0.301602,0.370857,-0.00457948,1
6,Gradient Descent,0.3,0.7,5222,0.301614,0.370841,-0.00457952,1
6,Gradient Descent,0.3,0.7,5223,0.301626,0.370824,-0.00457956,1
6,Gradient Descent,0.3,0.7,5224,0.301638,0.370808,-0.00457961,1
6,Gradient Descent,0.3,0.7,5225,0.30165,0.370792,-0.00457965,1
6,Gradient Descent,0.3,0.7,5226,0.301662,0.370775,-0.00457969,1
6,Gradient Descent,0.3,0.7,5227,0.301674,0.370759,-0.00457973,1
6,Gradient Descent,0.3,0.7,5228,0.301686,0.370743,-0.00457977,1
6,Gradient Descent,0.3,0.7,5229,0.301698,0.370727,-0.00457981,1
6,Gradient Descent,0.3,0.7,5230,0.30171,0.37071,-0.00457985,1
6,Gradient Descent,0.3,0.7,5231,0.301722,0.370694,-0.00457989,1
6,Gradient Descent,0.3,0.7,5232,0.301734,0.370678,-0.00457993,1
6,Gradient Descent,0.3,0.7,5233,0.301746,0.370662,-0.00457997,1
6,Gradient Descent,0.3,0.7,5234,0.301758,0.370645,-0.00458001,1
6,Gradient Descent,0.3,0.7,5235,0.30177,0.370629,-0.00458005,1
6,Gradient Descent,0.3,0.7,5236,0.301782,0.370613,-0.0045801,1
6,Gradient Descent,0.3,0.7,5237,0.301794,0.370597,-0.00458014,1
6,Gradient Descent,0.3,0.7,5238,0.301806,0.37058,-0.00458018,1
6,Gradient Descent,0.3,0.7,5239,0.301818,0.370564,-0.00458022,1
6,Gradient Descent,0.3,0.7,5240,0.30183,0.370548,-0.00458026,1
6,Gradient Descent,0.3,0.7,5241,0.301842,0.370532,-0.0045803,1
6,Gradient Descent,0.3,0.7,5242,0.301854,0.370516,-0.00458034,1
6,Gradient Descent,0.3,0.7,5243,0.301866,0.370499,-0.00458038,1
6,Gradient Descent,0.3,0.7,5244,0.301877,0.370483,-0.00458042,1
6,Gradient Descent,0.3,0.7,5245,0.301889,0.370467,-0.00458046,1
6,Gradient Descent,0.3,0.7,5246,0.301901,0.370451,-0.0045805,1
6,Gradient Descent,0.3,0.7,5247,0.301913,0.370435,-0.00458054,1
6,Gradient Descent,0.3,0.7,5248,0.301925,0.370419,-0.00458058,1
6,Gradient Descent,0.3,0.7,5249,0.301937,0.370402,-0.00458062,1
6,Gradient Descent,0.3,0.7,5250,0.301949,0.370386,-0.00458066,1
6,Gradient Descent,0.3,0.7,5251,0.301961,0.37037,-0.0045807,1
6,Gradient Descent,0.3,0.7,5252,0.301973,0.370354,-0.00458074,1
6,Gradient Descent,0.3,0.7,5253,0.301985,0.370338,-0.00458078,1
6,Gradient Descent,0.3,0.7,5254,0.301997,0.370322,-0.00458082,1
6,Gradient Descent,0.3,0.7,5255,0.302008,0.370306,-0.00458086,1
6,Gradient Descent,0.3,0.7,5256,0.30202,0.37029,-0.0045809,1
6,Gradient Descent,0.3,0.7,5257,0.302032,0.370274,-0.00458094,1
6,Gradient Descent,0.3,0.7,5258,0.302044,0.370258,-0.00458098,1
6,Gradient Descent,0.3,0.7,5259,0.302056,0.370241,-0.00458102,1
6,Gradient Descent,0.3,0.7,5260,0.302068,0.370225,-0.00458106,1
6,Gradient Descent,0.3,0.7,5261,0.30208,0.370209,-0.0045811,1
6,Gradient Descent,0.3,0.7,5262,0.302092,0.370193,-0.00458114,1
6,Gradient Descent,0.3,0.7,5263,0.302103,0.370177,-0.00458118,1
6,Gradient Descent,0.3,0.7,5264,0.302115,0.370161,-0.00458122,1
6,Gradient Descent,0.3,0.7,5265,0.302127,0.370145,-0.00458126,1
6,Gradient Descent,0.3,0.7,5266,0.302139,0.370129,-0.0045813,1
6,Gradient Descent,0.3,0.7,5267,0.302151,0.370113,-0.00458134,1
6,Gradient Descent,0.3,0.7,5268,0.302163,0.370097,-0.00458138,1
6,Gradient Descent,0.3,0.7,5269,0.302175,0.370081,-0.00458142,1
6,Gradient Descent,0.3,0.7,5270,0.302186,0.370065,-0.00458146,1
6,Gradient Descent,0.3,0.7,5271,0.302198,0.370049,-0.0045815,1
6,Gradient Descent,0.3,0.7,5272,0.30221,0.370033,-0.00458154,1
6,Gradient Descent,0.3,0.7,5273,0.302222,0.370017,-0.00458158,1
6,Gradient Descent,0.3,0.7,5274,0.302234,0.370001,-0.00458162,1
6,Gradient Descent,0.3,0.7,5275,0.302245,0.369985,-0.00458166,1
6,Gradient Descent,0.3,0.7,5276,0.302257,0.369969,-0.0045817,1
6,Gradient Descent,0.3,0.7,5277,0.302269,0.369953,-0.00458173,1
6,Gradient Descent,0.3,0.7,5278,0.302281,0.369938,-0.00458177,1
6,Gradient Descent,0.3,0.7,5279,0.302293,0.369922,-0.00458181,1
6,Gradient Descent,0.3,0.7,5280,0.302304,0.369906,-0.00458185,1
6,Gradient Descent,0.3,0.7,5281,0.302316,0.36989,-0.00458189,1
6,Gradient Descent,0.3,0.7,5282,0.302328,0.369874,-0.00458193,1
6,Gradient Descent,0.3,0.7,5283,0.30234,0.369858,-0.00458197,1
6,Gradient Descent,0.3,0.7,5284,0.302352,0.369842,-0.00458201,1
6,Gradient Descent,0.3,0.7,5285,0.302363,0.369826,-0.00458205,1
6,Gradient Descent,0.3,0.7,5286,0.302375,0.36981,-0.00458209,1
6,Gradient Descent,0.3,0.7,5287,0.302387,0.369794,-0.00458213,1
6,Gradient Descent,0.3,0.7,5288,0.302399,0.369779,-0.00458216,1
6,Gradient Descent,0.3,0.7,5289,0.30241,0.369763,-0.0045822,1
6,Gradient Descent,0.3,0.7,5290,0.302422,0.369747,-0.00458224,1
6,Gradient Descent,0.3,0.7,5291,0.302434,0.369731,-0.00458228,1
6,Gradient Descent,0.3,0.7,5292,0.302446,0.369715,-0.00458232,1
6,Gradient Descent,0.3,0.7,5293,0.302457,0.369699,-0.00458236,1
6,Gradient Descent,0.3,0.7,5294,0.302469,0.369683,-0.0045824,1
6,Gradient Descent,0.3,0.7,5295,0.302481,0.369668,-0.00458244,1
6,Gradient Descent,0.3,0.7,5296,0.302492,0.369652,-0.00458248,1
6,Gradient Descent,0.3,0.7,5297,0.302504,0.369636,-0.00458251,1
6,Gradient Descent,0.3,0.7,5298,0.302516,0.36962,-0.00458255,1
6,Gradient Descent,0.3,0.7,5299,0.302528,0.369604,-0.00458259,1
6,Gradient Descent,0.3,0.7,5300,0.302539,0.369589,-0.00458263,1
6,Gradient Descent,0.3,0.7,5301,0.302551,0.369573,-0.00458267,1
6,Gradient Descent,0.3,0.7,5302,0.302563,0.369557,-0.00458271,1
6,Gradient Descent,0.3,0.7,5303,0.302574,0.369541,-0.00458275,1
6,Gradient Descent,0.3,0.7,5304,0.302586,0.369526,-0.00458278,1
6,Gradient Descent,0.3,0.7,5305,0.302598,0.36951,-0.00458282,1
6,Gradient Descent,0.3,0.7,5306,0.302609,0.369494,-0.00458286,1
6,Gradient Descent,0.3,0.7,5307,0.302621,0.369478,-0.0045829,1
6,Gradient Descent,0.3,0.7,5308,0.302633,0.369463,-0.00458294,1
6,Gradient Descent,0.3,0.7,5309,0.302645,0.369447,-0.00458298,1
6,Gradient Descent,0.3,0.7,5310,0.302656,0.369431,-0.00458301,1
6,Gradient Descent,0.3,0.7,5311,0.302668,0.369416,-0.00458305,1
6,Gradient Descent,0.3,0.7,5312,0.302679,0.3694,-0.00458309,1
6,Gradient Descent,0.3,0.7,5313,0.302691,0.369384,-0.00458313,1
6,Gradient Descent,0.3,0.7,5314,0.302703,0.369368,-0.00458317,1
6,Gradient Descent,0.3,0.7,5315,0.302714,0.369353,-0.00458321,1
6,Gradient Descent,0.3,0.7,5316,0.302726,0.369337,-0.00458324,1
6,Gradient Descent,0.3,0.7,5317,0.302738,0.369321,-0.00458328,1
6,Gradient Descent,0.3,0.7,5318,0.302749,0.369306,-0.00458332,1
6,Gradient Descent,0.3,0.7,5319,0.302761,0.36929,-0.00458336,1
6,Gradient Descent,0.3,0.7,5320,0.302773,0.369274,-0.0045834,1
6,Gradient Descent,0.3,0.7,5321,0.302784,0.369259,-0.00458343,1
6,Gradient Descent,0.3,0.7,5322,0.302796,0.369243,-0.00458347,1
6,Gradient Descent,0.3,0.7,5323,0.302807,0.369228,-0.00458351,1
6,Gradient Descent,0.3,0.7,5324,0.302819,0.369212,-0.00458355,1
6,Gradient Descent,0.3,0.7,5325,0.302831,0.369196,-0.00458359,1
6,Gradient Descent,0.3,0.7,5326,0.302842,0.369181,-0.00458362,1
6,Gradient Descent,0.3,0.7,5327,0.302854,0.369165,-0.00458366,1
6,Gradient Descent,0.3,0.7,5328,0.302865,0.36915,-0.0045837,1
6,Gradient Descent,0.3,0.7,5329,0.302877,0.369134,-0.00458374,1
6,Gradient Descent,0.3,0.7,5330,0.302889,0.369118,-0.00458377,1
6,Gradient Descent,0.3,0.7,5331,0.3029,0.369103,-0.00458381,1
6,Gradient Descent,0.3,0.7,5332,0.302912,0.369087,-0.00458385,1
6,Gradient Descent,0.3,0.7,5333,0.302923,0.369072,-0.00458389,1
6,Gradient Descent,0.3,0.7,5334,0.302935,0.369056,-0.00458392,1
6,Gradient Descent,0.3,0.7,5335,0.302947,0.369041,-0.00458396,1
6,Gradient Descent,0.3,0.7,5336,0.302958,0.369025,-0.004584,1
6,Gradient Descent,0.3,0.7,5337,0.30297,0.36901,-0.00458404,1
6,Gradient Descent,0.3,0.7,5338,0.302981,0.368994,-0.00458407,1
6,Gradient Descent,0.3,0.7,5339,0.302993,0.368979,-0.00458411,1
6,Gradient Descent,0.3,0.7,5340,0.303004,0.368963,-0.00458415,1
6,Gradient Descent,0.3,0.7,5341,0.303016,0.368947,-0.00458419,1
6,Gradient Descent,0.3,0.7,5342,0.303027,0.368932,-0.00458422,1
6,Gradient Descent,0.3,0.7,5343,0.303039,0.368917,-0.00458426,1
6,Gradient Descent,0.3,0.7,5344,0.30305,0.368901,-0.0045843,1
6,Gradient Descent,0.3,0.7,5345,0.303062,0.368886,-0.00458434,1
6,Gradient Descent,0.3,0.7,5346,0.303074,0.36887,-0.00458437,1
6,Gradient Descent,0.3,0.7,5347,0.303085,0.368855,-0.00458441,1
6,Gradient Descent,0.3,0.7,5348,0.303097,0.368839,-0.00458445,1
6,Gradient Descent,0.3,0.7,5349,0.303108,0.368824,-0.00458448,1
6,Gradient Descent,0.3,0.7,5350,0.30312,0.368808,-0.00458452,1
6,Gradient Descent,0.3,0.7,5351,0.303131,0.368793,-0.00458456,1
6,Gradient Descent,0.3,0.7,5352,0.303143,0.368777,-0.0045846,1
6,Gradient Descent,0.3,0.7,5353,0.303154,0.368762,-0.00458463,1
6,Gradient Descent,0.3,0.7,5354,0.303166,0.368747,-0.00458467,1
6,Gradient Descent,0.3,0.7,5355,0.303177,0.368731,-0.00458471,1
6,Gradient Descent,0.3,0.7,5356,0.303189,0.368716,-0.00458474,1
6,Gradient Descent,0.3,0.7,5357,0.3032,0.3687,-0.00458478,1
6,Gradient Descent,0.3,0.7,5358,0.303211,0.368685,-0.00458482,1
6,Gradient Descent,0.3,0.7,5359,0.303223,0.36867,-0.00458485,1
6,Gradient Descent,0.3,0.7,5360,0.303234,0.368654,-0.00458489,1
6,Gradient Descent,0.3,0.7,5361,0.303246,0.368639,-0.00458493,1
6,Gradient Descent,0.3,0.7,5362,0.303257,0.368623,-0.00458496,1
6,Gradient Descent,0.3,0.7,5363,0.303269,0.368608,-0.004585,1
6,Gradient Descent,0.3,0.7,5364,0.30328,0.368593,-0.00458504,1
6,Gradient Descent,0.3,0.7,5365,0.303292,0.368577,-0.00458507,1
6,Gradient Descent,0.3,0.7,5366,0.303303,0.368562,-0.00458511,1
6,Gradient Descent,0.3,0.7,5367,0.303315,0.368547,-0.00458515,1
6,Gradient Descent,0.3,0.7,5368,0.303326,0.368531,-0.00458518,1
6,Gradient Descent,0.3,0.7,5369,0.303337,0.368516,-0.00458522,1
6,Gradient Descent,0.3,0.7,5370,0.303349,0.368501,-0.00458526,1
6,Gradient Descent,0.3,0.7,5371,0.30336,0.368486,-0.00458529,1
6,Gradient Descent,0.3,0.7,5372,0.303372,0.36847,-0.00458533,1
6,Gradient Descent,0.3,0.7,5373,0.303383,0.368455,-0.00458537,1
6,Gradient Descent,0.3,0.7,5374,0.303395,0.36844,-0.0045854,1
6,Gradient Descent,0.3,0.7,5375,0.303406,0.368424,-0.00458544,1
6,Gradient Descent,0.3,0.7,5376,0.303417,0.368409,-0.00458548,1
6,Gradient Descent,0.3,0.7,5377,0.303429,0.368394,-0.00458551,1
6,Gradient Descent,0.3,0.7,5378,0.30344,0.368379,-0.00458555,1
6,Gradient Descent,0.3,0.7,5379,0.303452,0.368363,-0.00458558,1
6,Gradient Descent,0.3,0.7,5380,0.303463,0.368348,-0.00458562,1
6,Gradient Descent,0.3,0.7,5381,0.303474,0.368333,-0.00458566,1
6,Gradient Descent,0.3,0.7,5382,0.303486,0.368318,-0.00458569,1
6,Gradient Descent,0.3,0.7,5383,0.303497,0.368302,-0.00458573,1
6,Gradient Descent,0.3,0.7,5384,0.303508,0.368287,-0.00458576,1
6,Gradient Descent,0.3,0.7,5385,0.30352,0.368272,-0.0045858,1
6,Gradient Descent,0.3,0.7,5386,0.303531,0.368257,-0.00458584,1
6,Gradient Descent,0.3,0.7,5387,0.303543,0.368242,-0.00458587,1
6,Gradient Descent,0.3,0.7,5388,0.303554,0.368226,-0.00458591,1
6,Gradient Descent,0.3,0.7,5389,0.303565,0.368211,-0.00458594,1
6,Gradient Descent,0.3,0.7,5390,0.303577,0.368196,-0.00458598,1
6,Gradient Descent,0.3,0.7,5391,0.303588,0.368181,-0.00458602,1
6,Gradient Descent,0.3,0.7,5392,0.303599,0.368166,-0.00458605,1
6,Gradient Descent,0.3,0.7,5393,0.303611,0.368151,-0.00458609,1
6,Gradient Descent,0.3,0.7,5394,0.303622,0.368135,-0.00458612,1
6,Gradient Descent,0.3,0.7,5395,0.303633,0.36812,-0.00458616,1
6,Gradient Descent,0.3,0.7,5396,0.303645,0.368105,-0.0045862,1
6,Gradient Descent,0.3,0.7,5397,0.303656,0.36809,-0.00458623,1
6,Gradient Descent,0.3,0.7,5398,0.303667,0.368075,-0.00458627,1
6,Gradient Descent,0.3,0.7,5399,0.303679,0.36806,-0.0045863,1
6,Gradient Descent,0.3,0.7,5400,0.30369,0.368045,-0.00458634,1
6,Gradient Descent,0.3,0.7,5401,0.303701,0.36803,-0.00458637,1
6,Gradient Descent,0.3,0.7,5402,0.303713,0.368015,-0.00458641,1
6,Gradient Descent,0.3,0.7,5403,0.303724,0.367999,-0.00458644,1
6,Gradient Descent,0.3,0.7,5404,0.303735,0.367984,-0.00458648,1
6,Gradient Descent,0.3,0.7,5405,0.303746,0.367969,-0.00458652,1
6,Gradient Descent,0.3,0.7,5406,0.303758,0.367954,-0.00458655,1
6,Gradient Descent,0.3,0.7,5407,0.303769,0.367939,-0.00458659,1
6,Gradient Descent,0.3,0.7,5408,0.30378,0.367924,-0.00458662,1
6,Gradient Descent,0.3,0.7,5409,0.303792,0.367909,-0.00458666,1
6,Gradient Descent,0.3,0.7,5410,0.303803,0.367894,-0.00458669,1
6,Gradient Descent,0.3,0.7,5411,0.303814,0.367879,-0.00458673,1
6,Gradient Descent,0.3,0.7,5412,0.303825,0.367864,-0.00458676,1
6,Gradient Descent,0.3,0.7,5413,0.303837,0.367849,-0.0045868,1
6,Gradient Descent,0.3,0.7,5414,0.303848,0.367834,-0.00458683,1
6,Gradient Descent,0.3,0.7,5415,0.303859,0.367819,-0.00458687,1
6,Gradient Descent,0.3,0.7,5416,0.30387,0.367804,-0.0045869,1
6,Gradient Descent,0.3,0.7,5417,0.303882,0.367789,-0.00458694,1
6,Gradient Descent,0.3,0.7,5418,0.303893,0.367774,-0.00458697,1
6,Gradient Descent,0.3,0.7,5419,0.303904,0.367759,-0.00458701,1
6,Gradient Descent,0.3,0.7,5420,0.303915,0.367744,-0.00458704,1
6,Gradient Descent,0.3,0.7,5421,0.303927,0.367729,-0.00458708,1
6,Gradient Descent,0.3,0.7,5422,0.303938,0.367714,-0.00458711,1
6,Gradient Descent,0.3,0.7,5423,0.303949,0.367699,-0.00458715,1
6,Gradient Descent,0.3,0.7,5424,0.30396,0.367684,-0.00458718,1
6,Gradient Descent,0.3,0.7,5425,0.303971,0.367669,-0.00458722,1
6,Gradient Descent,0.3,0.7,5426,0.303983,0.367654,-0.00458725,1
6,Gradient Descent,0.3,0.7,5427,0.303994,0.367639,-0.00458729,1
6,Gradient Descent,0.3,0.7,5428,0.304005,0.367624,-0.00458732,1
6,Gradient Descent,0.3,0.7,5429,0.304016,0.367609,-0.00458736,1
6,Gradient Descent,0.3,0.7,5430,0.304027,0.367595,-0.00458739,1
6,Gradient Descent,0.3,0.7,5431,0.304039,0.36758,-0.00458743,1
6,Gradient Descent,0.3,0.7,5432,0.30405,0.367565,-0.00458746,1
6,Gradient Descent,0.3,0.7,5433,0.304061,0.36755,-0.0045875,1
6,Gradient Descent,0.3,0.7,5434,0.304072,0.367535,-0.00458753,1
6,Gradient Descent,0.3,0.7,5435,0.304083,0.36752,-0.00458757,1
6,Gradient Descent,0.3,0.7,5436,0.304094,0.367505,-0.0045876,1
6,Gradient Descent,0.3,0.7,5437,0.304106,0.36749,-0.00458764,1
6,Gradient Descent,0.3,0.7,5438,0.304117,0.367476,-0.00458767,1
6,Gradient Descent,0.3,0.7,5439,0.304128,0.367461,-0.0045877,1
6,Gradient Descent,0.3,0.7,5440,0.304139,0.367446,-0.00458774,1
6,Gradient Descent,0.3,0.7,5441,0.30415,0.367431,-0.00458777,1
6,Gradient Descent,0.3,0.7,5442,0.304161,0.367416,-0.00458781,1
6,Gradient Descent,0.3,0.7,5443,0.304173,0.367401,-0.00458784,1
6,Gradient Descent,0.3,0.7,5444,0.304184,0.367387,-0.00458788,1
6,Gradient Descent,0.3,0.7,5445,0.304195,0.367372,-0.00458791,1
6,Gradient Descent,0.3,0.7,5446,0.304206,0.367357,-0.00458794,1
6,Gradient Descent,0.3,0.7,5447,0.304217,0.367342,-0.00458798,1
6,Gradient Descent,0.3,0.7,5448,0.304228,0.367327,-0.00458801,1
6,Gradient Descent,0.3,0.7,5449,0.304239,0.367313,-0.00458805,1
6,Gradient Descent,0.3,0.7,5450,0.30425,0.367298,-0.00458808,1
6,Gradient Descent,0.3,0.7,5451,0.304262,0.367283,-0.00458812,1
6,Gradient Descent,0.3,0.7,5452,0.304273,0.367268,-0.00458815,1
6,Gradient Descent,0.3,0.7,5453,0.304284,0.367253,-0.00458818,1
6,Gradient Descent,0.3,0.7,5454,0.304295,0.367239,-0.00458822,1
6,Gradient Descent,0.3,0.7,5455,0.304306,0.367224,-0.00458825,1
6,Gradient Descent,0.3,0.7,5456,0.304317,0.367209,-0.00458829,1
6,Gradient Descent,0.3,0.7,5457,0.304328,0.367194,-0.00458832,1
6,Gradient Descent,0.3,0.7,5458,0.304339,0.36718,-0.00458835,1
6,Gradient Descent,0.3,0.7,5459,0.30435,0.367165,-0.00458839,1
6,Gradient Descent,0.3,0.7,5460,0.304361,0.36715,-0.00458842,1
6,Gradient Descent,0.3,0.7,5461,0.304372,0.367136,-0.00458846,1
6,Gradient Descent,0.3,0.7,5462,0.304384,0.367121,-0.00458849,1
6,Gradient Descent,0.3,0.7,5463,0.304395,0.367106,-0.00458852,1
6,Gradient Descent,0.3,0.7,5464,0.304406,0.367092,-0.00458856,1
6,Gradient Descent,0.3,0.7,5465,0.304417,0.367077,-0.00458859,1
6,Gradient Descent,0.3,0.7,5466,0.304428,0.367062,-0.00458863,1
6,Gradient Descent,0.3,0.7,5467,0.304439,0.367047,-0.00458866,1
6,Gradient Descent,0.3,0.7,5468,0.30445,0.367033,-0.00458869,1
6,Gradient Descent,0.3,0.7,5469,0.304461,0.367018,-0.00458873,1
6,Gradient Descent,0.3,0.7,5470,0.304472,0.367004,-0.00458876,1
6,Gradient Descent,0.3,0.7,5471,0.304483,0.366989,-0.00458879,1
6,Gradient Descent,0.3,0.7,5472,0.304494,0.366974,-0.00458883,1
6,Gradient Descent,0.3,0.7,5473,0.304505,0.36696,-0.00458886,1
6,Gradient Descent,0.3,0.7,5474,0.304516,0.366945,-0.00458889,1
6,Gradient Descent,0.3,0.7,5475,0.304527,0.36693,-0.00458893,1
6,Gradient Descent,0.3,0.7,5476,0.304538,0.366916,-0.00458896,1
6,Gradient Descent,0.3,0.7,5477,0.304549,0.366901,-0.00458899,1
6,Gradient Descent,0.3,0.7,5478,0.30456,0.366887,-0.00458903,1
6,Gradient Descent,0.3,0.7,5479,0.304571,0.366872,-0.00458906,1
6,Gradient Descent,0.3,0.7,5480,0.304582,0.366857,-0.00458909,1
6,Gradient Descent,0.3,0.7,5481,0.304593,0.366843,-0.00458913,1
6,Gradient Descent,0.3,0.7,5482,0.304604,0.366828,-0.00458916,1
6,Gradient Descent,0.3,0.7,5483,0.304615,0.366814,-0.00458919,1
6,Gradient Descent,0.3,0.7,5484,0.304626,0.366799,-0.00458923,1
6,Gradient Descent,0.3,0.7,5485,0.304637,0.366785,-0.00458926,1
6,Gradient Descent,0.3,0.7,5486,0.304648,0.36677,-0.00458929,1
6,Gradient Descent,0.3,0.7,5487,0.304659,0.366755,-0.00458933,1
6,Gradient Descent,0.3,0.7,5488,0.30467,0.366741,-0.00458936,1
6,Gradient Descent,0.3,0.7,5489,0.304681,0.366726,-0.00458939,1
6,Gradient Descent,0.3,0.7,5490,0.304692,0.366712,-0.00458943,1
6,Gradient Descent,0.3,0.7,5491,0.304703,0.366697,-0.00458946,1
6,Gradient Descent,0.3,0.7,5492,0.304714,0.366683,-0.00458949,1
6,Gradient Descent,0.3,0.7,5493,0.304725,0.366668,-0.00458953,1
6,Gradient Descent,0.3,0.7,5494,0.304736,0.366654,-0.00458956,1
6,Gradient Descent,0.3,0.7,5495,0.304747,0.366639,-0.00458959,1
6,Gradient Descent,0.3,0.7,5496,0.304758,0.366625,-0.00458963,1
6,Gradient Descent,0.3,0.7,5497,0.304769,0.36661,-0.00458966,1
6,Gradient Descent,0.3,0.7,5498,0.304779,0.366596,-0.00458969,1
6,Gradient Descent,0.3,0.7,5499,0.30479,0.366581,-0.00458972,1
6,Gradient Descent,0.3,0.7,5500,0.304801,0.366567,-0.00458976,1
6,Gradient Descent,0.3,0.7,5501,0.304812,0.366552,-0.00458979,1
6,Gradient Descent,0.3,0.7,5502,0.304823,0.366538,-0.00458982,1
6,Gradient Descent,0.3,0.7,5503,0.304834,0.366524,-0.00458985,1
6,Gradient Descent,0.3,0.7,5504,0.304845,0.366509,-0.00458989,1
6,Gradient Descent,0.3,0.7,5505,0.304856,0.366495,-0.00458992,1
6,Gradient Descent,0.3,0.7,5506,0.304867,0.36648,-0.00458995,1
6,Gradient Descent,0.3,0.7,5507,0.304878,0.366466,-0.00458999,1
6,Gradient Descent,0.3,0.7,5508,0.304889,0.366451,-0.00459002,1
6,Gradient Descent,0.3,0.7,5509,0.304899,0.366437,-0.00459005,1
6,Gradient Descent,0.3,0.7,5510,0.30491,0.366423,-0.00459008,1
6,Gradient Descent,0.3,0.7,5511,0.304921,0.366408,-0.00459012,1
6,Gradient Descent,0.3,0.7,5512,0.304932,0.366394,-0.00459015,1
6,Gradient Descent,0.3,0.7,5513,0.304943,0.36638,-0.00459018,1
6,Gradient Descent,0.3,0.7,5514,0.304954,0.366365,-0.00459021,1
6,Gradient Descent,0.3,0.7,5515,0.304965,0.366351,-0.00459025,1
6,Gradient Descent,0.3,0.7,5516,0.304976,0.366336,-0.00459028,1
6,Gradient Descent,0.3,0.7,5517,0.304986,0.366322,-0.00459031,1
6,Gradient Descent,0.3,0.7,5518,0.304997,0.366308,-0.00459034,1
6,Gradient Descent,0.3,0.7,5519,0.305008,0.366293,-0.00459038,1
6,Gradient Descent,0.3,0.7,5520,0.305019,0.366279,-0.00459041,1
6,Gradient Descent,0.3,0.7,5521,0.30503,0.366265,-0.00459044,1
6,Gradient Descent,0.3,0.7,5522,0.305041,0.36625,-0.00459047,1
6,Gradient Descent,0.3,0.7,5523,0.305051,0.366236,-0.0045905,1
6,Gradient Descent,0.3,0.7,5524,0.305062,0.366222,-0.00459054,1
6,Gradient Descent,0.3,0.7,5525,0.305073,0.366208,-0.00459057,1
6,Gradient Descent,0.3,0.7,5526,0.305084,0.366193,-0.0045906,1
6,Gradient Descent,0.3,0.7,5527,0.305095,0.366179,-0.00459063,1
6,Gradient Descent,0.3,0.7,5528,0.305106,0.366165,-0.00459067,1
6,Gradient Descent,0.3,0.7,5529,0.305116,0.36615,-0.0045907,1
6,Gradient Descent,0.3,0.7,5530,0.305127,0.366136,-0.00459073,1
6,Gradient Descent,0.3,0.7,5531,0.305138,0.366122,-0.00459076,1
6,Gradient Descent,0.3,0.7,5532,0.305149,0.366108,-0.00459079,1
6,Gradient Descent,0.3,0.7,5533,0.30516,0.366093,-0.00459083,1
6,Gradient Descent,0.3,0.7,5534,0.30517,0.366079,-0.00459086,1
6,Gradient Descent,0.3,0.7,5535,0.305181,0.366065,-0.00459089,1
6,Gradient Descent,0.3,0.7,5536,0.305192,0.366051,-0.00459092,1
6,Gradient Descent,0.3,0.7,5537,0.305203,0.366036,-0.00459095,1
6,Gradient Descent,0.3,0.7,5538,0.305214,0.366022,-0.00459098,1
6,Gradient Descent,0.3,0.7,5539,0.305224,0.366008,-0.00459102,1
6,Gradient Descent,0.3,0.7,5540,0.305235,0.365994,-0.00459105,1
6,Gradient Descent,0.3,0.7,5541,0.305246,0.36598,-0.00459108,1
6,Gradient Descent,0.3,0.7,5542,0.305257,0.365965,-0.00459111,1
6,Gradient Descent,0.3,0.7,5543,0.305267,0.365951,-0.00459114,1
6,Gradient Descent,0.3,0.7,5544,0.305278,0.365937,-0.00459118,1
6,Gradient Descent,0.3,0.7,5545,0.305289,0.365923,-0.00459121,1
6,Gradient Descent,0.3,0.7,5546,0.3053,0.365909,-0.00459124,1
6,Gradient Descent,0.3,0.7,5547,0.30531,0.365894,-0.00459127,1
6,Gradient Descent,0.3,0.7,5548,0.305321,0.36588,-0.0045913,1
6,Gradient Descent,0.3,0.7,5549,0.305332,0.365866,-0.00459133,1
6,Gradient Descent,0.3,0.7,5550,0.305343,0.365852,-0.00459136,1
6,Gradient Descent,0.3,0.7,5551,0.305353,0.365838,-0.0045914,1
6,Gradient Descent,0.3,0.7,5552,0.305364,0.365824,-0.00459143,1
6,Gradient Descent,0.3,0.7,5553,0.305375,0.36581,-0.00459146,1
6,Gradient Descent,0.3,0.7,5554,0.305385,0.365795,-0.00459149,1
6,Gradient Descent,0.3,0.7,5555,0.305396,0.365781,-0.00459152,1
6,Gradient Descent,0.3,0.7,5556,0.305407,0.365767,-0.00459155,1
6,Gradient Descent,0.3,0.7,5557,0.305418,0.365753,-0.00459158,1
6,Gradient Descent,0.3,0.7,5558,0.305428,0.365739,-0.00459162,1
6,Gradient Descent,0.3,0.7,5559,0.305439,0.365725,-0.00459165,1
6,Gradient Descent,0.3,0.7,5560,0.30545,0.365711,-0.00459168,1
6,Gradient Descent,0.3,0.7,5561,0.30546,0.365697,-0.00459171,1
6,Gradient Descent,0.3,0.7,5562,0.305471,0.365683,-0.00459174,1
6,Gradient Descent,0.3,0.7,5563,0.305482,0.365669,-0.00459177,1
6,Gradient Descent,0.3,0.7,5564,0.305492,0.365655,-0.0045918,1
6,Gradient Descent,0.3,0.7,5565,0.305503,0.365641,-0.00459183,1
6,Gradient Descent,0.3,0.7,5566,0.305514,0.365626,-0.00459187,1
6,Gradient Descent,0.3,0.7,5567,0.305524,0.365612,-0.0045919,1
6,Gradient Descent,0.3,0.7,5568,0.305535,0.365598,-0.00459193,1
6,Gradient Descent,0.3,0.7,5569,0.305546,0.365584,-0.00459196,1
6,Gradient Descent,0.3,0.7,5570,0.305556,0.36557,-0.00459199,1
6,Gradient Descent,0.3,0.7,5571,0.305567,0.365556,-0.00459202,1
6,Gradient Descent,0.3,0.7,5572,0.305578,0.365542,-0.00459205,1
6,Gradient Descent,0.3,0.7,5573,0.305588,0.365528,-0.00459208,1
6,Gradient Descent,0.3,0.7,5574,0.305599,0.365514,-0.00459211,1
6,Gradient Descent,0.3,0.7,5575,0.30561,0.3655,-0.00459214,1
6,Gradient Descent,0.3,0.7,5576,0.30562,0.365486,-0.00459218,1
6,Gradient Descent,0.3,0.7,5577,0.305631,0.365472,-0.00459221,1
6,Gradient Descent,0.3,0.7,5578,0.305642,0.365458,-0.00459224,1
6,Gradient Descent,0.3,0.7,5579,0.305652,0.365444,-0.00459227,1
6,Gradient Descent,0.3,0.7,5580,0.305663,0.36543,-0.0045923,1
6,Gradient Descent,0.3,0.7,5581,0.305673,0.365417,-0.00459233,1
6,Gradient Descent,0.3,0.7,5582,0.305684,0.365403,-0.00459236,1
6,Gradient Descent,0.3,0.7,5583,0.305695,0.365389,-0.00459239,1
6,Gradient Descent,0.3,0.7,5584,0.305705,0.365375,-0.00459242,1
6,Gradient Descent,0.3,0.7,5585,0.305716,0.365361,-0.00459245,1
6,Gradient Descent,0.3,0.7,5586,0.305727,0.365347,-0.00459248,1
6,Gradient Descent,0.3,0.7,5587,0.305737,0.365333,-0.00459251,1
6,Gradient Descent,0.3,0.7,5588,0.305748,0.365319,-0.00459254,1
6,Gradient Descent,0.3,0.7,5589,0.305758,0.365305,-0.00459257,1
6,Gradient Descent,0.3,0.7,5590,0.305769,0.365291,-0.0045926,1
6,Gradient Descent,0.3,0.7,5591,0.305779,0.365277,-0.00459264,1
6,Gradient Descent,0.3,0.7,5592,0.30579,0.365263,-0.00459267,1
6,Gradient Descent,0.3,0.7,5593,0.305801,0.36525,-0.0045927,1
6,Gradient Descent,0.3,0.7,5594,0.305811,0.365236,-0.00459273,1
6,Gradient Descent,0.3,0.7,5595,0.305822,0.365222,-0.00459276,1
6,Gradient Descent,0.3,0.7,5596,0.305832,0.365208,-0.00459279,1
6,Gradient Descent,0.3,0.7,5597,0.305843,0.365194,-0.00459282,1
6,Gradient Descent,0.3,0.7,5598,0.305853,0.36518,-0.00459285,1
6,Gradient Descent,0.3,0.7,5599,0.305864,0.365166,-0.00459288,1
6,Gradient Descent,0.3,0.7,5600,0.305875,0.365153,-0.00459291,1
6,Gradient Descent,0.3,0.7,5601,0.305885,0.365139,-0.00459294,1
6,Gradient Descent,0.3,0.7,5602,0.305896,0.365125,-0.00459297,1
6,Gradient Descent,0.3,0.7,5603,0.305906,0.365111,-0.004593,1
6,Gradient Descent,0.3,0.7,5604,0.305917,0.365097,-0.00459303,1
6,Gradient Descent,0.3,0.7,5605,0.305927,0.365083,-0.00459306,1
6,Gradient Descent,0.3,0.7,5606,0.305938,0.36507,-0.00459309,1
6,Gradient Descent,0.3,0.7,5607,0.305948,0.365056,-0.00459312,1
6,Gradient Descent,0.3,0.7,5608,0.305959,0.365042,-0.00459315,1
6,Gradient Descent,0.3,0.7,5609,0.305969,0.365028,-0.00459318,1
6,Gradient Descent,0.3,0.7,5610,0.30598,0.365014,-0.00459321,1
6,Gradient Descent,0.3,0.7,5611,0.30599,0.365001,-0.00459324,1
6,Gradient Descent,0.3,0.7,5612,0.306001,0.364987,-0.00459327,1
6,Gradient Descent,0.3,0.7,5613,0.306011,0.364973,-0.0045933,1
6,Gradient Descent,0.3,0.7,5614,0.306022,0.364959,-0.00459333,1
6,Gradient Descent,0.3,0.7,5615,0.306032,0.364946,-0.00459336,1
6,Gradient Descent,0.3,0.7,5616,0.306043,0.364932,-0.00459339,1
6,Gradient Descent,0.3,0.7,5617,0.306053,0.364918,-0.00459342,1
6,Gradient Descent,0.3,0.7,5618,0.306064,0.364904,-0.00459345,1
6,Gradient Descent,0.3,0.7,5619,0.306074,0.364891,-0.00459348,1
6,Gradient Descent,0.3,0.7,5620,0.306085,0.364877,-0.00459351,1
6,Gradient Descent,0.3,0.7,5621,0.306095,0.364863,-0.00459354,1
6,Gradient Descent,0.3,0.7,5622,0.306106,0.36485,-0.00459357,1
6,Gradient Descent,0.3,0.7,5623,0.306116,0.364836,-0.0045936,1
6,Gradient Descent,0.3,0.7,5624,0.306127,0.364822,-0.00459363,1
6,Gradient Descent,0.3,0.7,5625,0.306137,0.364809,-0.00459366,1
6,Gradient Descent,0.3,0.7,5626,0.306147,0.364795,-0.00459369,1
6,Gradient Descent,0.3,0.7,5627,0.306158,0.364781,-0.00459372,1
6,Gradient Descent,0.3,0.7,5628,0.306168,0.364767,-0.00459375,1
6,Gradient Descent,0.3,0.7,5629,0.306179,0.364754,-0.00459378,1
6,Gradient Descent,0.3,0.7,5630,0.306189,0.36474,-0.00459381,1
6,Gradient Descent,0.3,0.7,5631,0.3062,0.364727,-0.00459383,1
6,Gradient Descent,0.3,0.7,5632,0.30621,0.364713,-0.00459386,1
6,Gradient Descent,0.3,0.7,5633,0.30622,0.364699,-0.00459389,1
6,Gradient Descent,0.3,0.7,5634,0.306231,0.364686,-0.00459392,1
6,Gradient Descent,0.3,0.7,5635,0.306241,0.364672,-0.00459395,1
6,Gradient Descent,0.3,0.7,5636,0.306252,0.364658,-0.00459398,1
6,Gradient Descent,0.3,0.7,5637,0.306262,0.364645,-0.00459401,1
6,Gradient Descent,0.3,0.7,5638,0.306273,0.364631,-0.00459404,1
6,Gradient Descent,0.3,0.7,5639,0.306283,0.364618,-0.00459407,1
6,Gradient Descent,0.3,0.7,5640,0.306293,0.364604,-0.0045941,1
6,Gradient Descent,0.3,0.7,5641,0.306304,0.36459,-0.00459413,1
6,Gradient Descent,0.3,0.7,5642,0.306314,0.364577,-0.00459416,1
6,Gradient Descent,0.3,0.7,5643,0.306325,0.364563,-0.00459419,1
6,Gradient Descent,0.3,0.7,5644,0.306335,0.36455,-0.00459422,1
6,Gradient Descent,0.3,0.7,5645,0.306345,0.364536,-0.00459425,1
6,Gradient Descent,0.3,0.7,5646,0.306356,0.364522,-0.00459427,1
6,Gradient Descent,0.3,0.7,5647,0.306366,0.364509,-0.0045943,1
6,Gradient Descent,0.3,0.7,5648,0.306376,0.364495,-0.00459433,1
6,Gradient Descent,0.3,0.7,5649,0.306387,0.364482,-0.00459436,1
6,Gradient Descent,0.3,0.7,5650,0.306397,0.364468,-0.00459439,1
6,Gradient Descent,0.3,0.7,5651,0.306407,0.364455,-0.00459442,1
6,Gradient Descent,0.3,0.7,5652,0.306418,0.364441,-0.00459445,1
6,Gradient Descent,0.3,0.7,5653,0.306428,0.364428,-0.00459448,1
6,Gradient Descent,0.3,0.7,5654,0.306439,0.364414,-0.00459451,1
6,Gradient Descent,0.3,0.7,5655,0.306449,0.364401,-0.00459454,1
6,Gradient Descent,0.3,0.7,5656,0.306459,0.364387,-0.00459457,1
6,Gradient Descent,0.3,0.7,5657,0.30647,0.364374,-0.00459459,1
6,Gradient Descent,0.3,0.7,5658,0.30648,0.36436,-0.00459462,1
6,Gradient Descent,0.3,0.7,5659,0.30649,0.364347,-0.00459465,1
6,Gradient Descent,0.3,0.7,5660,0.306501,0.364333,-0.00459468,1
6,Gradient Descent,0.3,0.7,5661,0.306511,0.36432,-0.00459471,1
6,Gradient Descent,0.3,0.7,5662,0.306521,0.364306,-0.00459474,1
6,Gradient Descent,0.3,0.7,5663,0.306532,0.364293,-0.00459477,1
6,Gradient Descent,0.3,0.7,5664,0.306542,0.364279,-0.0045948,1
6,Gradient Descent,0.3,0.7,5665,0.306552,0.364266,-0.00459482,1
6,Gradient Descent,0.3,0.7,5666,0.306562,0.364252,-0.00459485,1
6,Gradient Descent,0.3,0.7,5667,0.306573,0.364239,-0.00459488,1
6,Gradient Descent,0.3,0.7,5668,0.306583,0.364226,-0.00459491,1
6,Gradient Descent,0.3,0.7,5669,0.306593,0.364212,-0.00459494,1
6,Gradient Descent,0.3,0.7,5670,0.306604,0.364199,-0.00459497,1
6,Gradient Descent,0.3,0.7,5671,0.306614,0.364185,-0.004595,1
6,Gradient Descent,0.3,0.7,5672,0.306624,0.364172,-0.00459502,1
6,Gradient Descent,0.3,0.7,5673,0.306634,0.364159,-0.00459505,1
6,Gradient Descent,0.3,0.7,5674,0.306645,0.364145,-0.00459508,1
6,Gradient Descent,0.3,0.7,5675,0.306655,0.364132,-0.00459511,1
6,Gradient Descent,0.3,0.7,5676,0.306665,0.364118,-0.00459514,1
6,Gradient Descent,0.3,0.7,5677,0.306676,0.364105,-0.00459517,1
6,Gradient Descent,0.3,0.7,5678,0.306686,0.364092,-0.0045952,1
6,Gradient Descent,0.3,0.7,5679,0.306696,0.364078,-0.00459522,1
6,Gradient Descent,0.3,0.7,5680,0.306706,0.364065,-0.00459525,1
6,Gradient Descent,0.3,0.7,5681,0.306717,0.364052,-0.00459528,1
6,Gradient Descent,0.3,0.7,5682,0.306727,0.364038,-0.00459531,1
6,Gradient Descent,0.3,0.7,5683,0.306737,0.364025,-0.00459534,1
6,Gradient Descent,0.3,0.7,5684,0.306747,0.364011,-0.00459537,1
6,Gradient Descent,0.3,0.7,5685,0.306758,0.363998,-0.00459539,1
6,Gradient Descent,0.3,0.7,5686,0.306768,0.363985,-0.00459542,1
6,Gradient Descent,0.3,0.7,5687,0.306778,0.363971,-0.00459545,1
6,Gradient Descent,0.3,0.7,5688,0.306788,0.363958,-0.00459548,1
6,Gradient Descent,0.3,0.7,5689,0.306798,0.363945,-0.00459551,1
6,Gradient Descent,0.3,0.7,5690,0.306809,0.363932,-0.00459553,1
6,Gradient Descent,0.3,0.7,5691,0.306819,0.363918,-0.00459556,1
6,Gradient Descent,0.3,0.7,5692,0.306829,0.363905,-0.00459559,1
6,Gradient Descent,0.3,0.7,5693,0.306839,0.363892,-0.00459562,1
6,Gradient Descent,0.3,0.7,5694,0.306849,0.363878,-0.00459565,1
6,Gradient Descent,0.3,0.7,5695,0.30686,0.363865,-0.00459567,1
6,Gradient Descent,0.3,0.7,5696,0.30687,0.363852,-0.0045957,1
6,Gradient Descent,0.3,0.7,5697,0.30688,0.363839,-0.00459573,1
6,Gradient Descent,0.3,0.7,5698,0.30689,0.363825,-0.00459576,1
6,Gradient Descent,0.3,0.7,5699,0.3069,0.363812,-0.00459579,1
6,Gradient Descent,0.3,0.7,5700,0.306911,0.363799,-0.00459581,1
6,Gradient Descent,0.3,0.7,5701,0.306921,0.363786,-0.00459584,1
6,Gradient Descent,0.3,0.7,5702,0.306931,0.363772,-0.00459587,1
6,Gradient Descent,0.3,0.7,5703,0.306941,0.363759,-0.0045959,1
6,Gradient Descent,0.3,0.7,5704,0.306951,0.363746,-0.00459593,1
6,Gradient Descent,0.3,0.7,5705,0.306961,0.363733,-0.00459595,1
6,Gradient Descent,0.3,0.7,5706,0.306972,0.36372,-0.00459598,1
6,Gradient Descent,0.3,0.7,5707,0.306982,0.363706,-0.00459601,1
6,Gradient Descent,0.3,0.7,5708,0.306992,0.363693,-0.00459604,1
6,Gradient Descent,0.3,0.7,5709,0.307002,0.36368,-0.00459606,1
6,Gradient Descent,0.3,0.7,5710,0.307012,0.363667,-0.00459609,1
6,Gradient Descent,0.3,0.7,5711,0.307022,0.363654,-0.00459612,1
6,Gradient Descent,0.3,0.7,5712,0.307033,0.36364,-0.00459615,1
6,Gradient Descent,0.3,0.7,5713,0.307043,0.363627,-0.00459618,1
6,Gradient Descent,0.3,0.7,5714,0.307053,0.363614,-0.0045962,1
6,Gradient Descent,0.3,0.7,5715,0.307063,0.363601,-0.00459623,1
6,Gradient Descent,0.3,0.7,5716,0.307073,0.363588,-0.00459626,1
6,Gradient Descent,0.3,0.7,5717,0.307083,0.363575,-0.00459629,1
6,Gradient Descent,0.3,0.7,5718,0.307093,0.363561,-0.00459631,1
6,Gradient Descent,0.3,0.7,5719,0.307103,0.363548,-0.00459634,1
6,Gradient Descent,0.3,0.7,5720,0.307113,0.363535,-0.00459637,1
6,Gradient Descent,0.3,0.7,5721,0.307124,0.363522,-0.0045964,1
6,Gradient Descent,0.3,0.7,5722,0.307134,0.363509,-0.00459642,1
6,Gradient Descent,0.3,0.7,5723,0.307144,0.363496,-0.00459645,1
6,Gradient Descent,0.3,0.7,5724,0.307154,0.363483,-0.00459648,1
6,Gradient Descent,0.3,0.7,5725,0.307164,0.36347,-0.0045965,1
6,Gradient Descent,0.3,0.7,5726,0.307174,0.363457,-0.00459653,1
6,Gradient Descent,0.3,0.7,5727,0.307184,0.363443,-0.00459656,1
6,Gradient Descent,0.3,0.7,5728,0.307194,0.36343,-0.00459659,1
6,Gradient Descent,0.3,0.7,5729,0.307204,0.363417,-0.00459661,1
6,Gradient Descent,0.3,0.7,5730,0.307214,0.363404,-0.00459664,1
6,Gradient Descent,0.3,0.7,5731,0.307224,0.363391,-0.00459667,1
6,Gradient Descent,0.3,0.7,5732,0.307235,0.363378,-0.0045967,1
6,Gradient Descent,0.3,0.7,5733,0.307245,0.363365,-0.00459672,1
6,Gradient Descent,0.3,0.7,5734,0.307255,0.363352,-0.00459675,1
6,Gradient Descent,0.3,0.7,5735,0.307265,0.363339,-0.00459678,1
6,Gradient Descent,0.3,0.7,5736,0.307275,0.363326,-0.0045968,1
6,Gradient Descent,0.3,0.7,5737,0.307285,0.363313,-0.00459683,1
6,Gradient Descent,0.3,0.7,5738,0.307295,0.3633,-0.00459686,1
6,Gradient Descent,0.3,0.7,5739,0.307305,0.363287,-0.00459689,1
6,Gradient Descent,0.3,0.7,5740,0.307315,0.363274,-0.00459691,1
6,Gradient Descent,0.3,0.7,5741,0.307325,0.363261,-0.00459694,1
6,Gradient Descent,0.3,0.7,5742,0.307335,0.363248,-0.00459697,1
6,Gradient Descent,0.3,0.7,5743,0.307345,0.363235,-0.00459699,1
6,Gradient Descent,0.3,0.7,5744,0.307355,0.363222,-0.00459702,1
6,Gradient Descent,0.3,0.7,5745,0.307365,0.363209,-0.00459705,1
6,Gradient Descent,0.3,0.7,5746,0.307375,0.363196,-0.00459707,1
6,Gradient Descent,0.3,0.7,5747,0.307385,0.363183,-0.0045971,1
6,Gradient Descent,0.3,0.7,5748,0.307395,0.36317,-0.00459713,1
6,Gradient Descent,0.3,0.7,5749,0.307405,0.363157,-0.00459715,1
6,Gradient Descent,0.3,0.7,5750,0.307415,0.363144,-0.00459718,1
6,Gradient Descent,0.3,0.7,5751,0.307425,0.363131,-0.00459721,1
6,Gradient Descent,0.3,0.7,5752,0.307435,0.363118,-0.00459723,1
6,Gradient Descent,0.3,0.7,5753,0.307445,0.363105,-0.00459726,1
6,Gradient Descent,0.3,0.7,5754,0.307455,0.363092,-0.00459729,1
6,Gradient Descent,0.3,0.7,5755,0.307465,0.363079,-0.00459731,1
6,Gradient Descent,0.3,0.7,5756,0.307475,0.363066,-0.00459734,1
6,Gradient Descent,0.3,0.7,5757,0.307485,0.363053,-0.00459737,1
6,Gradient Descent,0.3,0.7,5758,0.307495,0.363041,-0.00459739,1
6,Gradient Descent,0.3,0.7,5759,0.307505,0.363028,-0.00459742,1
6,Gradient Descent,0.3,0.7,5760,0.307515,0.363015,-0.00459745,1
6,Gradient Descent,0.3,0.7,5761,0.307525,0.363002,-0.00459747,1
6,Gradient Descent,0.3,0.7,5762,0.307535,0.362989,-0.0045975,1
6,Gradient Descent,0.3,0.7,5763,0.307545,0.362976,-0.00459753,1
6,Gradient Descent,0.3,0.7,5764,0.307555,0.362963,-0.00459755,1
6,Gradient Descent,0.3,0.7,5765,0.307565,0.36295,-0.00459758,1
6,Gradient Descent,0.3,0.7,5766,0.307575,0.362937,-0.00459761,1
6,Gradient Descent,0.3,0.7,5767,0.307585,0.362925,-0.00459763,1
6,Gradient Descent,0.3,0.7,5768,0.307595,0.362912,-0.00459766,1
6,Gradient Descent,0.3,0.7,5769,0.307604,0.362899,-0.00459769,1
6,Gradient Descent,0.3,0.7,5770,0.307614,0.362886,-0.00459771,1
6,Gradient Descent,0.3,0.7,5771,0.307624,0.362873,-0.00459774,1
6,Gradient Descent,0.3,0.7,5772,0.307634,0.36286,-0.00459776,1
6,Gradient Descent,0.3,0.7,5773,0.307644,0.362848,-0.00459779,1
6,Gradient Descent,0.3,0.7,5774,0.307654,0.362835,-0.00459782,1
6,Gradient Descent,0.3,0.7,5775,0.307664,0.362822,-0.00459784,1
6,Gradient Descent,0.3,0.7,5776,0.307674,0.362809,-0.00459787,1
6,Gradient Descent,0.3,0.7,5777,0.307684,0.362796,-0.0045979,1
6,Gradient Descent,0.3,0.7,5778,0.307694,0.362784,-0.00459792,1
6,Gradient Descent,0.3,0.7,5779,0.307704,0.362771,-0.00459795,1
6,Gradient Descent,0.3,0.7,5780,0.307713,0.362758,-0.00459797,1
6,Gradient Descent,0.3,0.7,5781,0.307723,0.362745,-0.004598,1
6,Gradient Descent,0.3,0.7,5782,0.307733,0.362732,-0.00459803,1
6,Gradient Descent,0.3,0.7,5783,0.307743,0.36272,-0.00459805,1
6,Gradient Descent,0.3,0.7,5784,0.307753,0.362707,-0.00459808,1
6,Gradient Descent,0.3,0.7,5785,0.307763,0.362694,-0.0045981,1
6,Gradient Descent,0.3,0.7,5786,0.307773,0.362681,-0.00459813,1
6,Gradient Descent,0.3,0.7,5787,0.307783,0.362669,-0.00459816,1
6,Gradient Descent,0.3,0.7,5788,0.307793,0.362656,-0.00459818,1
6,Gradient Descent,0.3,0.7,5789,0.307802,0.362643,-0.00459821,1
6,Gradient Descent,0.3,0.7,5790,0.307812,0.36263,-0.00459823,1
6,Gradient Descent,0.3,0.7,5791,0.307822,0.362618,-0.00459826,1
6,Gradient Descent,0.3,0.7,5792,0.307832,0.362605,-0.00459829,1
6,Gradient Descent,0.3,0.7,5793,0.307842,0.362592,-0.00459831,1
6,Gradient Descent,0.3,0.7,5794,0.307852,0.36258,-0.00459834,1
6,Gradient Descent,0.3,0.7,5795,0.307861,0.362567,-0.00459836,1
6,Gradient Descent,0.3,0.7,5796,0.307871,0.362554,-0.00459839,1
6,Gradient Descent,0.3,0.7,5797,0.307881,0.362541,-0.00459842,1
6,Gradient Descent,0.3,0.7,5798,0.307891,0.362529,-0.00459844,1
6,Gradient Descent,0.3,0.7,5799,0.307901,0.362516,-0.00459847,1
6,Gradient Descent,0.3,0.7,5800,0.307911,0.362503,-0.00459849,1
6,Gradient Descent,0.3,0.7,5801,0.30792,0.362491,-0.00459852,1
6,Gradient Descent,0.3,0.7,5802,0.30793,0.362478,-0.00459854,1
6,Gradient Descent,0.3,0.7,5803,0.30794,0.362465,-0.00459857,1
6,Gradient Descent,0.3,0.7,5804,0.30795,0.362453,-0.0045986,1
6,Gradient Descent,0.3,0.7,5805,0.30796,0.36244,-0.00459862,1
6,Gradient Descent,0.3,0.7,5806,0.30797,0.362427,-0.00459865,1
6,Gradient Descent,0.3,0.7,5807,0.307979,0.362415,-0.00459867,1
6,Gradient Descent,0.3,0.7,5808,0.307989,0.362402,-0.0045987,1
6,Gradient Descent,0.3,0.7,5809,0.307999,0.36239,-0.00459872,1
6,Gradient Descent,0.3,0.7,5810,0.308009,0.362377,-0.00459875,1
6,Gradient Descent,0.3,0.7,5811,0.308019,0.362364,-0.00459877,1
6,Gradient Descent,0.3,0.7,5812,0.308028,0.362352,-0.0045988,1
6,Gradient Descent,0.3,0.7,5813,0.308038,0.362339,-0.00459883,1
6,Gradient Descent,0.3,0.7,5814,0.308048,0.362327,-0.00459885,1
6,Gradient Descent,0.3,0.7,5815,0.308058,0.362314,-0.00459888,1
6,Gradient Descent,0.3,0.7,5816,0.308067,0.362301,-0.0045989,1
6,Gradient Descent,0.3,0.7,5817,0.308077,0.362289,-0.00459893,1
6,Gradient Descent,0.3,0.7,5818,0.308087,0.362276,-0.00459895,1
6,Gradient Descent,0.3,0.7,5819,0.308097,0.362264,-0.00459898,1
6,Gradient Descent,0.3,0.7,5820,0.308106,0.362251,-0.004599,1
6,Gradient Descent,0.3,0.7,5821,0.308116,0.362238,-0.00459903,1
6,Gradient Descent,0.3,0.7,5822,0.308126,0.362226,-0.00459905,1
6,Gradient Descent,0.3,0.7,5823,0.308136,0.362213,-0.00459908,1
6,Gradient Descent,0.3,0.7,5824,0.308145,0.362201,-0.0045991,1
6,Gradient Descent,0.3,0.7,5825,0.308155,0.362188,-0.00459913,1
6,Gradient Descent,0.3,0.7,5826,0.308165,0.362176,-0.00459915,1
6,Gradient Descent,0.3,0.7,5827,0.308175,0.362163,-0.00459918,1
6,Gradient Descent,0.3,0.7,5828,0.308184,0.362151,-0.0045992,1
6,Gradient Descent,0.3,0.7,5829,0.308194,0.362138,-0.00459923,1
6,Gradient Descent,0.3,0.7,5830,0.308204,0.362126,-0.00459925,1
6,Gradient Descent,0.3,0.7,5831,0.308214,0.362113,-0.00459928,1
6,Gradient Descent,0.3,0.7,5832,0.308223,0.362101,-0.0045993,1
6,Gradient Descent,0.3,0.7,5833,0.308233,0.362088,-0.00459933,1
6,Gradient Descent,0.3,0.7,5834,0.308243,0.362076,-0.00459935,1
6,Gradient Descent,0.3,0.7,5835,0.308252,0.362063,-0.00459938,1
6,Gradient Descent,0.3,0.7,5836,0.308262,0.362051,-0.0045994,1
6,Gradient Descent,0.3,0.7,5837,0.308272,0.362038,-0.00459943,1
6,Gradient Descent,0.3,0.7,5838,0.308281,0.362026,-0.00459945,1
6,Gradient Descent,0.3,0.7,5839,0.308291,0.362013,-0.00459948,1
6,Gradient Descent,0.3,0.7,5840,0.308301,0.362001,-0.0045995,1
6,Gradient Descent,0.3,0.7,5841,0.30831,0.361988,-0.00459953,1
6,Gradient Descent,0.3,0.7,5842,0.30832,0.361976,-0.00459955,1
6,Gradient Descent,0.3,0.7,5843,0.30833,0.361964,-0.00459958,1
6,Gradient Descent,0.3,0.7,5844,0.30834,0.361951,-0.0045996,1
6,Gradient Descent,0.3,0.7,5845,0.308349,0.361939,-0.00459963,1
6,Gradient Descent,0.3,0.7,5846,0.308359,0.361926,-0.00459965,1
6,Gradient Descent,0.3,0.7,5847,0.308369,0.361914,-0.00459968,1
6,Gradient Descent,0.3,0.7,5848,0.308378,0.361901,-0.0045997,1
6,Gradient Descent,0.3,0.7,5849,0.308388,0.361889,-0.00459973,1
6,Gradient Descent,0.3,0.7,5850,0.308397,0.361877,-0.00459975,1
6,Gradient Descent,0.3,0.7,5851,0.308407,0.361864,-0.00459978,1
6,Gradient Descent,0.3,0.7,5852,0.308417,0.361852,-0.0045998,1
6,Gradient Descent,0.3,0.7,5853,0.308426,0.36184,-0.00459983,1
6,Gradient Descent,0.3,0.7,5854,0.308436,0.361827,-0.00459985,1
6,Gradient Descent,0.3,0.7,5855,0.308446,0.361815,-0.00459988,1
6,Gradient Descent,0.3,0.7,5856,0.308455,0.361802,-0.0045999,1
6,Gradient Descent,0.3,0.7,5857,0.308465,0.36179,-0.00459992,1
6,Gradient Descent,0.3,0.7,5858,0.308475,0.361778,-0.00459995,1
6,Gradient Descent,0.3,0.7,5859,0.308484,0.361765,-0.00459997,1
6,Gradient Descent,0.3,0.7,5860,0.308494,0.361753,-0.0046,1
6,Gradient Descent,0.3,0.7,5861,0.308503,0.361741,-0.00460002,1
6,Gradient Descent,0.3,0.7,5862,0.308513,0.361728,-0.00460005,1
6,Gradient Descent,0.3,0.7,5863,0.308523,0.361716,-0.00460007,1
6,Gradient Descent,0.3,0.7,5864,0.308532,0.361704,-0.0046001,1
6,Gradient Descent,0.3,0.7,5865,0.308542,0.361691,-0.00460012,1
6,Gradient Descent,0.3,0.7,5866,0.308551,0.361679,-0.00460014,1
6,Gradient Descent,0.3,0.7,5867,0.308561,0.361667,-0.00460017,1
6,Gradient Descent,0.3,0.7,5868,0.308571,0.361654,-0.00460019,1
6,Gradient Descent,0.3,0.7,5869,0.30858,0.361642,-0.00460022,1
6,Gradient Descent,0.3,0.7,5870,0.30859,0.36163,-0.00460024,1
6,Gradient Descent,0.3,0.7,5871,0.308599,0.361618,-0.00460027,1
6,Gradient Descent,0.3,0.7,5872,0.308609,0.361605,-0.00460029,1
6,Gradient Descent,0.3,0.7,5873,0.308618,0.361593,-0.00460031,1
6,Gradient Descent,0.3,0.7,5874,0.308628,0.361581,-0.00460034,1
6,Gradient Descent,0.3,0.7,5875,0.308638,0.361568,-0.00460036,1
6,Gradient Descent,0.3,0.7,5876,0.308647,0.361556,-0.00460039,1
6,Gradient Descent,0.3,0.7,5877,0.308657,0.361544,-0.00460041,1
6,Gradient Descent,0.3,0.7,5878,0.308666,0.361532,-0.00460044,1
6,Gradient Descent,0.3,0.7,5879,0.308676,0.361519,-0.00460046,1
6,Gradient Descent,0.3,0.7,5880,0.308685,0.361507,-0.00460048,1
6,Gradient Descent,0.3,0.7,5881,0.308695,0.361495,-0.00460051,1
6,Gradient Descent,0.3,0.7,5882,0.308704,0.361483,-0.00460053,1
6,Gradient Descent,0.3,0.7,5883,0.308714,0.361471,-0.00460056,1
6,Gradient Descent,0.3,0.7,5884,0.308724,0.361458,-0.00460058,1
6,Gradient Descent,0.3,0.7,5885,0.308733,0.361446,-0.0046006,1
6,Gradient Descent,0.3,0.7,5886,0.308743,0.361434,-0.00460063,1
6,Gradient Descent,0.3,0.7,5887,0.308752,0.361422,-0.00460065,1
6,Gradient Descent,0.3,0.7,5888,0.308762,0.36141,-0.00460068,1
6,Gradient Descent,0.3,0.7,5889,0.308771,0.361397,-0.0046007,1
6,Gradient Descent,0.3,0.7,5890,0.308781,0.361385,-0.00460072,1
6,Gradient Descent,0.3,0.7,5891,0.30879,0.361373,-0.00460075,1
6,Gradient Descent,0.3,0.7,5892,0.3088,0.361361,-0.00460077,1
6,Gradient Descent,0.3,0.7,5893,0.308809,0.361349,-0.00460079,1
6,Gradient Descent,0.3,0.7,5894,0.308819,0.361336,-0.00460082,1
6,Gradient Descent,0.3,0.7,5895,0.308828,0.361324,-0.00460084,1
6,Gradient Descent,0.3,0.7,5896,0.308838,0.361312,-0.00460087,1
6,Gradient Descent,0.3,0.7,5897,0.308847,0.3613,-0.00460089,1
6,Gradient Descent,0.3,0.7,5898,0.308857,0.361288,-0.00460091,1
6,Gradient Descent,0.3,0.7,5899,0.308866,0.361276,-0.00460094,1
6,Gradient Descent,0.3,0.7,5900,0.308876,0.361264,-0.00460096,1
6,Gradient Descent,0.3,0.7,5901,0.308885,0.361251,-0.00460098,1
6,Gradient Descent,0.3,0.7,5902,0.308895,0.361239,-0.00460101,1
6,Gradient Descent,0.3,0.7,5903,0.308904,0.361227,-0.00460103,1
6,Gradient Descent,0.3,0.7,5904,0.308914,0.361215,-0.00460106,1
6,Gradient Descent,0.3,0.7,5905,0.308923,0.361203,-0.00460108,1
6,Gradient Descent,0.3,0.7,5906,0.308932,0.361191,-0.0046011,1
6,Gradient Descent,0.3,0.7,5907,0.308942,0.361179,-0.00460113,1
6,Gradient Descent,0.3,0.7,5908,0.308951,0.361167,-0.00460115,1
6,Gradient Descent,0.3,0.7,5909,0.308961,0.361155,-0.00460117,1
6,Gradient Descent,0.3,0.7,5910,0.30897,0.361143,-0.0046012,1
6,Gradient Descent,0.3,0.7,5911,0.30898,0.361131,-0.00460122,1
6,Gradient Descent,0.3,0.7,5912,0.308989,0.361118,-0.00460124,1
6,Gradient Descent,0.3,0.7,5913,0.308999,0.361106,-0.00460127,1
6,Gradient Descent,0.3,0.7,5914,0.309008,0.361094,-0.00460129,1
6,Gradient Descent,0.3,0.7,5915,0.309017,0.361082,-0.00460131,1
6,Gradient Descent,0.3,0.7,5916,0.309027,0.36107,-0.00460134,1
6,Gradient Descent,0.3,0.7,5917,0.309036,0.361058,-0.00460136,1
6,Gradient Descent,0.3,0.7,5918,0.309046,0.361046,-0.00460138,1
6,Gradient Descent,0.3,0.7,5919,0.309055,0.361034,-0.00460141,1
6,Gradient Descent,0.3,0.7,5920,0.309065,0.361022,-0.00460143,1
6,Gradient Descent,0.3,0.7,5921,0.309074,0.36101,-0.00460145,1
6,Gradient Descent,0.3,0.7,5922,0.309083,0.360998,-0.00460148,1
6,Gradient Descent,0.3,0.7,5923,0.309093,0.360986,-0.0046015,1
6,Gradient Descent,0.3,0.7,5924,0.309102,0.360974,-0.00460152,1
6,Gradient Descent,0.3,0.7,5925,0.309112,0.360962,-0.00460155,1
6,Gradient Descent,0.3,0.7,5926,0.309121,0.36095,-0.00460157,1
6,Gradient Descent,0.3,0.7,5927,0.30913,0.360938,-0.00460159,1
6,Gradient Descent,0.3,0.7,5928,0.30914,0.360926,-0.00460162,1
6,Gradient Descent,0.3,0.7,5929,0.309149,0.360914,-0.00460164,1
6,Gradient Descent,0.3,0.7,5930,0.309158,0.360902,-0.00460166,1
6,Gradient Descent,0.3,0.7,5931,0.309168,0.36089,-0.00460169,1
6,Gradient Descent,0.3,0.7,5932,0.309177,0.360878,-0.00460171,1
6,Gradient Descent,0.3,0.7,5933,0.309187,0.360866,-0.00460173,1
6,Gradient Descent,0.3,0.7,5934,0.309196,0.360854,-0.00460176,1
6,Gradient Descent,0.3,0.7,5935,0.309205,0.360842,-0.00460178,1
6,Gradient Descent,0.3,0.7,5936,0.309215,0.36083,-0.0046018,1
6,Gradient Descent,0.3,0.7,5937,0.309224,0.360819,-0.00460182,1
6,Gradient Descent,0.3,0.7,5938,0.309233,0.360807,-0.00460185,1
6,Gradient Descent,0.3,0.7,5939,0.309243,0.360795,-0.00460187,1
6,Gradient Descent,0.3,0.7,5940,0.309252,0.360783,-0.00460189,1
6,Gradient Descent,0.3,0.7,5941,0.309261,0.360771,-0.00460192,1
6,Gradient Descent,0.3,0.7,5942,0.309271,0.360759,-0.00460194,1
6,Gradient Descent,0.3,0.7,5943,0.30928,0.360747,-0.00460196,1
6,Gradient Descent,0.3,0.7,5944,0.309289,0.360735,-0.00460198,1
6,Gradient Descent,0.3,0.7,5945,0.309299,0.360723,-0.00460201,1
6,Gradient Descent,0.3,0.7,5946,0.309308,0.360711,-0.00460203,1
6,Gradient Descent,0.3,0.7,5947,0.309317,0.360699,-0.00460205,1
6,Gradient Descent,0.3,0.7,5948,0.309327,0.360688,-0.00460208,1
6,Gradient Descent,0.3,0.7,5949,0.309336,0.360676,-0.0046021,1
6,Gradient Descent,0.3,0.7,5950,0.309345,0.360664,-0.00460212,1
6,Gradient Descent,0.3,0.7,5951,0.309355,0.360652,-0.00460214,1
6,Gradient Descent,0.3,0.7,5952,0.309364,0.36064,-0.00460217,1
6,Gradient Descent,0.3,0.7,5953,0.309373,0.360628,-0.00460219,1
6,Gradient Descent,0.3,0.7,5954,0.309383,0.360616,-0.00460221,1
6,Gradient Descent,0.3,0.7,5955,0.309392,0.360605,-0.00460223,1
6,Gradient Descent,0.3,0.7,5956,0.309401,0.360593,-0.00460226,1
6,Gradient Descent,0.3,0.7,5957,0.30941,0.360581,-0.00460228,1
6,Gradient Descent,0.3,0.7,5958,0.30942,0.360569,-0.0046023,1
6,Gradient Descent,0.3,0.7,5959,0.309429,0.360557,-0.00460233,1
6,Gradient Descent,0.3,0.7,5960,0.309438,0.360545,-0.00460235,1
6,Gradient Descent,0.3,0.7,5961,0.309448,0.360534,-0.00460237,1
6,Gradient Descent,0.3,0.7,5962,0.309457,0.360522,-0.00460239,1
6,Gradient Descent,0.3,0.7,5963,0.309466,0.36051,-0.00460242,1
6,Gradient Descent,0.3,0.7,5964,0.309475,0.360498,-0.00460244,1
6,Gradient Descent,0.3,0.7,5965,0.309485,0.360486,-0.00460246,1
6,Gradient Descent,0.3,0.7,5966,0.309494,0.360475,-0.00460248,1
6,Gradient Descent,0.3,0.7,5967,0.309503,0.360463,-0.0046025,1
6,Gradient Descent,0.3,0.7,5968,0.309512,0.360451,-0.00460253,1
6,Gradient Descent,0.3,0.7,5969,0.309522,0.360439,-0.00460255,1
6,Gradient Descent,0.3,0.7,5970,0.309531,0.360428,-0.00460257,1
6,Gradient Descent,0.3,0.7,5971,0.30954,0.360416,-0.00460259,1
6,Gradient Descent,0.3,0.7,5972,0.309549,0.360404,-0.00460262,1
6,Gradient Descent,0.3,0.7,5973,0.309559,0.360392,-0.00460264,1
6,Gradient Descent,0.3,0.7,5974,0.309568,0.360381,-0.00460266,1
6,Gradient Descent,0.3,0.7,5975,0.309577,0.360369,-0.00460268,1
6,Gradient Descent,0.3,0.7,5976,0.309586,0.360357,-0.00460271,1
6,Gradient Descent,0.3,0.7,5977,0.309595,0.360345,-0.00460273,1
6,Gradient Descent,0.3,0.7,5978,0.309605,0.360334,-0.00460275,1
6,Gradient Descent,0.3,0.7,5979,0.309614,0.360322,-0.00460277,1
6,Gradient Descent,0.3,0.7,5980,0.309623,0.36031,-0.00460279,1
6,Gradient Descent,0.3,0.7,5981,0.309632,0.360299,-0.00460282,1
6,Gradient Descent,0.3,0.7,5982,0.309642,0.360287,-0.00460284,1
6,Gradient Descent,0.3,0.7,5983,0.309651,0.360275,-0.00460286,1
6,Gradient Descent,0.3,0.7,5984,0.30966,0.360264,-0.00460288,1
6,Gradient Descent,0.3,0.7,5985,0.309669,0.360252,-0.00460291,1
6,Gradient Descent,0.3,0.7,5986,0.309678,0.36024,-0.00460293,1
6,Gradient Descent,0.3,0.7,5987,0.309687,0.360228,-0.00460295,1
6,Gradient Descent,0.3,0.7,5988,0.309697,0.360217,-0.00460297,1
6,Gradient Descent,0.3,0.7,5989,0.309706,0.360205,-0.00460299,1
6,Gradient Descent,0.3,0.7,5990,0.309715,0.360193,-0.00460302,1
6,Gradient Descent,0.3,0.7,5991,0.309724,0.360182,-0.00460304,1
6,Gradient Descent,0.3,0.7,5992,0.309733,0.36017,-0.00460306,1
6,Gradient Descent,0.3,0.7,5993,0.309743,0.360159,-0.00460308,1
6,Gradient Descent,0.3,0.7,5994,0.309752,0.360147,-0.0046031,1
6,Gradient Descent,0.3,0.7,5995,0.309761,0.360135,-0.00460313,1
6,Gradient Descent,0.3,0.7,5996,0.30977,0.360124,-0.00460315,1
6,Gradient Descent,0.3,0.7,5997,0.309779,0.360112,-0.00460317,1
6,Gradient Descent,0.3,0.7,5998,0.309788,0.3601,-0.00460319,1
6,Gradient Descent,0.3,0.7,5999,0.309797,0.360089,-0.00460321,1
6,Gradient Descent,0.3,0.7,6000,0.309807,0.360077,-0.00460323,1
6,Gradient Descent,0.3,0.7,6001,0.309816,0.360066,-0.00460326,1
6,Gradient Descent,0.3,0.7,6002,0.309825,0.360054,-0.00460328,1
6,Gradient Descent,0.3,0.7,6003,0.309834,0.360042,-0.0046033,1
6,Gradient Descent,0.3,0.7,6004,0.309843,0.360031,-0.00460332,1
6,Gradient Descent,0.3,0.7,6005,0.309852,0.360019,-0.00460334,1
6,Gradient Descent,0.3,0.7,6006,0.309861,0.360008,-0.00460337,1
6,Gradient Descent,0.3,0.7,6007,0.309871,0.359996,-0.00460339,1
6,Gradient Descent,0.3,0.7,6008,0.30988,0.359984,-0.00460341,1
6,Gradient Descent,0.3,0.7,6009,0.309889,0.359973,-0.00460343,1
6,Gradient Descent,0.3,0.7,6010,0.309898,0.359961,-0.00460345,1
6,Gradient Descent,0.3,0.7,6011,0.309907,0.35995,-0.00460347,1
6,Gradient Descent,0.3,0.7,6012,0.309916,0.359938,-0.0046035,1
6,Gradient Descent,0.3,0.7,6013,0.309925,0.359927,-0.00460352,1
6,Gradient Descent,0.3,0.7,6014,0.309934,0.359915,-0.00460354,1
6,Gradient Descent,0.3,0.7,6015,0.309943,0.359904,-0.00460356,1
6,Gradient Descent,0.3,0.7,6016,0.309952,0.359892,-0.00460358,1
6,Gradient Descent,0.3,0.7,6017,0.309962,0.359881,-0.0046036,1
6,Gradient Descent,0.3,0.7,6018,0.309971,0.359869,-0.00460362,1
6,Gradient Descent,0.3,0.7,6019,0.30998,0.359858,-0.00460365,1
6,Gradient Descent,0.3,0.7,6020,0.309989,0.359846,-0.00460367,1
6,Gradient Descent,0.3,0.7,6021,0.309998,0.359835,-0.00460369,1
6,Gradient Descent,0.3,0.7,6022,0.310007,0.359823,-0.00460371,1
6,Gradient Descent,0.3,0.7,6023,0.310016,0.359812,-0.00460373,1
6,Gradient Descent,0.3,0.7,6024,0.310025,0.3598,-0.00460375,1
6,Gradient Descent,0.3,0.7,6025,0.310034,0.359789,-0.00460377,1
6,Gradient Descent,0.3,0.7,6026,0.310043,0.359777,-0.0046038,1
6,Gradient Descent,0.3,0.7,6027,0.310052,0.359766,-0.00460382,1
6,Gradient Descent,0.3,0.7,6028,0.310061,0.359754,-0.00460384,1
6,Gradient Descent,0.3,0.7,6029,0.31007,0.359743,-0.00460386,1
6,Gradient Descent,0.3,0.7,6030,0.310079,0.359731,-0.00460388,1
6,Gradient Descent,0.3,0.7,6031,0.310088,0.35972,-0.0046039,1
6,Gradient Descent,0.3,0.7,6032,0.310098,0.359708,-0.00460392,1
6,Gradient Descent,0.3,0.7,6033,0.310107,0.359697,-0.00460395,1
6,Gradient Descent,0.3,0.7,6034,0.310116,0.359686,-0.00460397,1
6,Gradient Descent,0.3,0.7,6035,0.310125,0.359674,-0.00460399,1
6,Gradient Descent,0.3,0.7,6036,0.310134,0.359663,-0.00460401,1
6,Gradient Descent,0.3,0.7,6037,0.310143,0.359651,-0.00460403,1
6,Gradient Descent,0.3,0.7,6038,0.310152,0.35964,-0.00460405,1
6,Gradient Descent,0.3,0.7,6039,0.310161,0.359628,-0.00460407,1
6,Gradient Descent,0.3,0.7,6040,0.31017,0.359617,-0.00460409,1
6,Gradient Descent,0.3,0.7,6041,0.310179,0.359606,-0.00460411,1
6,Gradient Descent,0.3,0.7,6042,0.310188,0.359594,-0.00460414,1
6,Gradient Descent,0.3,0.7,6043,0.310197,0.359583,-0.00460416,1
6,Gradient Descent,0.3,0.7,6044,0.310206,0.359571,-0.00460418,1
6,Gradient Descent,0.3,0.7,6045,0.310215,0.35956,-0.0046042,1
6,Gradient Descent,0.3,0.7,6046,0.310224,0.359549,-0.00460422,1
6,Gradient Descent,0.3,0.7,6047,0.310233,0.359537,-0.00460424,1
6,Gradient Descent,0.3,0.7,6048,0.310242,0.359526,-0.00460426,1
6,Gradient Descent,0.3,0.7,6049,0.310251,0.359515,-0.00460428,1
6,Gradient Descent,0.3,0.7,6050,0.31026,0.359503,-0.0046043,1
6,Gradient Descent,0.3,0.7,6051,0.310269,0.359492,-0.00460432,1
6,Gradient Descent,0.3,0.7,6052,0.310278,0.359481,-0.00460435,1
6,Gradient Descent,0.3,0.7,6053,0.310287,0.359469,-0.00460437,1
6,Gradient Descent,0.3,0.7,6054,0.310296,0.359458,-0.00460439,1
6,Gradient Descent,0.3,0.7,6055,0.310305,0.359447,-0.00460441,1
6,Gradient Descent,0.3,0.7,6056,0.310313,0.359435,-0.00460443,1
6,Gradient Descent,0.3,0.7,6057,0.310322,0.359424,-0.00460445,1
6,Gradient Descent,0.3,0.7,6058,0.310331,0.359413,-0.00460447,1
6,Gradient Descent,0.3,0.7,6059,0.31034,0.359401,-0.00460449,1
6,Gradient Descent,0.3,0.7,6060,0.310349,0.35939,-0.00460451,1
6,Gradient Descent,0.3,0.7,6061,0.310358,0.359379,-0.00460453,1
6,Gradient Descent,0.3,0.7,6062,0.310367,0.359367,-0.00460455,1
6,Gradient Descent,0.3,0.7,6063,0.310376,0.359356,-0.00460457,1
6,Gradient Descent,0.3,0.7,6064,0.310385,0.359345,-0.0046046,1
6,Gradient Descent,0.3,0.7,6065,0.310394,0.359334,-0.00460462,1
6,Gradient Descent,0.3,0.7,6066,0.310403,0.359322,-0.00460464,1
6,Gradient Descent,0.3,0.7,6067,0.310412,0.359311,-0.00460466,1
6,Gradient Descent,0.3,0.7,6068,0.310421,0.3593,-0.00460468,1
6,Gradient Descent,0.3,0.7,6069,0.31043,0.359288,-0.0046047,1
6,Gradient Descent,0.3,0.7,6070,0.310439,0.359277,-0.00460472,1
6,Gradient Descent,0.3,0.7,6071,0.310448,0.359266,-0.00460474,1
6,Gradient Descent,0.3,0.7,6072,0.310456,0.359255,-0.00460476,1
6,Gradient Descent,0.3,0.7,6073,0.310465,0.359243,-0.00460478,1
6,Gradient Descent,0.3,0.7,6074,0.310474,0.359232,-0.0046048,1
6,Gradient Descent,0.3,0.7,6075,0.310483,0.359221,-0.00460482,1
6,Gradient Descent,0.3,0.7,6076,0.310492,0.35921,-0.00460484,1
6,Gradient Descent,0.3,0.7,6077,0.310501,0.359199,-0.00460486,1
6,Gradient Descent,0.3,0.7,6078,0.31051,0.359187,-0.00460488,1
6,Gradient Descent,0.3,0.7,6079,0.310519,0.359176,-0.0046049,1
6,Gradient Descent,0.3,0.7,6080,0.310528,0.359165,-0.00460492,1
6,Gradient Descent,0.3,0.7,6081,0.310536,0.359154,-0.00460495,1
6,Gradient Descent,0.3,0.7,6082,0.310545,0.359143,-0.00460497,1
6,Gradient Descent,0.3,0.7,6083,0.310554,0.359131,-0.00460499,1
6,Gradient Descent,0.3,0.7,6084,0.310563,0.35912,-0.00460501,1
6,Gradient Descent,0.3,0.7,6085,0.310572,0.359109,-0.00460503,1
6,Gradient Descent,0.3,0.7,6086,0.310581,0.359098,-0.00460505,1
6,Gradient Descent,0.3,0.7,6087,0.31059,0.359087,-0.00460507,1
6,Gradient Descent,0.3,0.7,6088,0.310599,0.359075,-0.00460509,1
6,Gradient Descent,0.3,0.7,6089,0.310607,0.359064,-0.00460511,1
6,Gradient Descent,0.3,0.7,6090,0.310616,0.359053,-0.00460513,1
6,Gradient Descent,0.3,0.7,6091,0.310625,0.359042,-0.00460515,1
6,Gradient Descent,0.3,0.7,6092,0.310634,0.359031,-0.00460517,1
6,Gradient Descent,0.3,0.7,6093,0.310643,0.35902,-0.00460519,1
6,Gradient Descent,0.3,0.7,6094,0.310652,0.359009,-0.00460521,1
6,Gradient Descent,0.3,0.7,6095,0.31066,0.358997,-0.00460523,1
6,Gradient Descent,0.3,0.7,6096,0.310669,0.358986,-0.00460525,1
6,Gradient Descent,0.3,0.7,6097,0.310678,0.358975,-0.00460527,1
6,Gradient Descent,0.3,0.7,6098,0.310687,0.358964,-0.00460529,1
6,Gradient Descent,0.3,0.7,6099,0.310696,0.358953,-0.00460531,1
6,Gradient Descent,0.3,0.7,6100,0.310705,0.358942,-0.00460533,1
6,Gradient Descent,0.3,0.7,6101,0.310713,0.358931,-0.00460535,1
6,Gradient Descent,0.3,0.7,6102,0.310722,0.35892,-0.00460537,1
6,Gradient Descent,0.3,0.7,6103,0.310731,0.358909,-0.00460539,1
6,Gradient Descent,0.3,0.7,6104,0.31074,0.358897,-0.00460541,1
6,Gradient Descent,0.3,0.7,6105,0.310749,0.358886,-0.00460543,1
6,Gradient Descent,0.3,0.7,6106,0.310757,0.358875,-0.00460545,1
6,Gradient Descent,0.3,0.7,6107,0.310766,0.358864,-0.00460547,1
6,Gradient Descent,0.3,0.7,6108,0.310775,0.358853,-0.00460549,1
6,Gradient Descent,0.3,0.7,6109,0.310784,0.358842,-0.00460551,1
6,Gradient Descent,0.3,0.7,6110,0.310793,0.358831,-0.00460553,1
6,Gradient Descent,0.3,0.7,6111,0.310801,0.35882,-0.00460555,1
6,Gradient Descent,0.3,0.7,6112,0.31081,0.358809,-0.00460557,1
6,Gradient Descent,0.3,0.7,6113,0.310819,0.358798,-0.00460559,1
6,Gradient Descent,0.3,0.7,6114,0.310828,0.358787,-0.00460561,1
6,Gradient Descent,0.3,0.7,6115,0.310836,0.358776,-0.00460563,1
6,Gradient Descent,0.3,0.7,6116,0.310845,0.358765,-0.00460565,1
6,Gradient Descent,0.3,0.7,6117,0.310854,0.358754,-0.00460567,1
6,Gradient Descent,0.3,0.7,6118,0.310863,0.358743,-0.00460569,1
6,Gradient Descent,0.3,0.7,6119,0.310872,0.358732,-0.00460571,1
6,Gradient Descent,0.3,0.7,6120,0.31088,0.358721,-0.00460573,1
6,Gradient Descent,0.3,0.7,6121,0.310889,0.35871,-0.00460575,1
6,Gradient Descent,0.3,0.7,6122,0.310898,0.358699,-0.00460577,1
6,Gradient Descent,0.3,0.7,6123,0.310907,0.358688,-0.00460579,1
6,Gradient Descent,0.3,0.7,6124,0.310915,0.358677,-0.00460581,1
6,Gradient Descent,0.3,0.7,6125,0.310924,0.358666,-0.00460583,1
6,Gradient Descent,0.3,0.7,6126,0.310933,0.358655,-0.00460585,1
6,Gradient Descent,0.3,0.7,6127,0.310941,0.358644,-0.00460587,1
6,Gradient Descent,0.3,0.7,6128,0.31095,0.358633,-0.00460589,1
6,Gradient Descent,0.3,0.7,6129,0.310959,0.358622,-0.00460591,1
6,Gradient Descent,0.3,0.7,6130,0.310968,0.358611,-0.00460593,1
6,Gradient Descent,0.3,0.7,6131,0.310976,0.3586,-0.00460595,1
6,Gradient Descent,0.3,0.7,6132,0.310985,0.358589,-0.00460597,1
6,Gradient Descent,0.3,0.7,6133,0.310994,0.358578,-0.00460598,1
6,Gradient Descent,0.3,0.7,6134,0.311003,0.358567,-0.004606,1
6,Gradient Descent,0.3,0.7,6135,0.311011,0.358556,-0.00460602,1
6,Gradient Descent,0.3,0.7,6136,0.31102,0.358545,-0.00460604,1
6,Gradient Descent,0.3,0.7,6137,0.311029,0.358534,-0.00460606,1
6,Gradient Descent,0.3,0.7,6138,0.311037,0.358523,-0.00460608,1
6,Gradient Descent,0.3,0.7,6139,0.311046,0.358512,-0.0046061,1
6,Gradient Descent,0.3,0.7,6140,0.311055,0.358501,-0.00460612,1
6,Gradient Descent,0.3,0.7,6141,0.311063,0.358491,-0.00460614,1
6,Gradient Descent,0.3,0.7,6142,0.311072,0.35848,-0.00460616,1
6,Gradient Descent,0.3,0.7,6143,0.311081,0.358469,-0.00460618,1
6,Gradient Descent,0.3,0.7,6144,0.311089,0.358458,-0.0046062,1
6,Gradient Descent,0.3,0.7,6145,0.311098,0.358447,-0.00460622,1
6,Gradient Descent,0.3,0.7,6146,0.311107,0.358436,-0.00460624,1
6,Gradient Descent,0.3,0.7,6147,0.311115,0.358425,-0.00460626,1
6,Gradient Descent,0.3,0.7,6148,0.311124,0.358414,-0.00460628,1
6,Gradient Descent,0.3,0.7,6149,0.311133,0.358403,-0.0046063,1
6,Gradient Descent,0.3,0.7,6150,0.311141,0.358393,-0.00460632,1
6,Gradient Descent,0.3,0.7,6151,0.31115,0.358382,-0.00460633,1
6,Gradient Descent,0.3,0.7,6152,0.311159,0.358371,-0.00460635,1
6,Gradient Descent,0.3,0.7,6153,0.311167,0.35836,-0.00460637,1
6,Gradient Descent,0.3,0.7,6154,0.311176,0.358349,-0.00460639,1
6,Gradient Descent,0.3,0.7,6155,0.311185,0.358338,-0.00460641,1
6,Gradient Descent,0.3,0.7,6156,0.311193,0.358328,-0.00460643,1
6,Gradient Descent,0.3,0.7,6157,0.311202,0.358317,-0.00460645,1
6,Gradient Descent,0.3,0.7,6158,0.311211,0.358306,-0.00460647,1
6,Gradient Descent,0.3,0.7,6159,0.311219,0.358295,-0.00460649,1
6,Gradient Descent,0.3,0.7,6160,0.311228,0.358284,-0.00460651,1
6,Gradient Descent,0.3,0.7,6161,0.311237,0.358273,-0.00460653,1
6,Gradient Descent,0.3,0.7,6162,0.311245,0.358263,-0.00460655,1
6,Gradient Descent,0.3,0.7,6163,0.311254,0.358252,-0.00460656,1
6,Gradient Descent,0.3,0.7,6164,0.311262,0.358241,-0.00460658,1
6,Gradient Descent,0.3,0.7,6165,0.311271,0.35823,-0.0046066,1
6,Gradient Descent,0.3,0.7,6166,0.31128,0.358219,-0.00460662,1
6,Gradient Descent,0.3,0.7,6167,0.311288,0.358209,-0.00460664,1
6,Gradient Descent,0.3,0.7,6168,0.311297,0.358198,-0.00460666,1
6,Gradient Descent,0.3,0.7,6169,0.311305,0.358187,-0.00460668,1
6,Gradient Descent,0.3,0.7,6170,0.311314,0.358176,-0.0046067,1
6,Gradient Descent,0.3,0.7,6171,0.311323,0.358166,-0.00460672,1
6,Gradient Descent,0.3,0.7,6172,0.311331,0.358155,-0.00460674,1
6,Gradient Descent,0.3,0.7,6173,0.31134,0.358144,-0.00460675,1
6,Gradient Descent,0.3,0.7,6174,0.311348,0.358133,-0.00460677,1
6,Gradient Descent,0.3,0.7,6175,0.311357,0.358122,-0.00460679,1
6,Gradient Descent,0.3,0.7,6176,0.311366,0.358112,-0.00460681,1
6,Gradient Descent,0.3,0.7,6177,0.311374,0.358101,-0.00460683,1
6,Gradient Descent,0.3,0.7,6178,0.311383,0.35809,-0.00460685,1
6,Gradient Descent,0.3,0.7,6179,0.311391,0.35808,-0.00460687,1
6,Gradient Descent,0.3,0.7,6180,0.3114,0.358069,-0.00460689,1
6,Gradient Descent,0.3,0.7,6181,0.311408,0.358058,-0.00460691,1
6,Gradient Descent,0.3,0.7,6182,0.311417,0.358047,-0.00460692,1
6,Gradient Descent,0.3,0.7,6183,0.311425,0.358037,-0.00460694,1
6,Gradient Descent,0.3,0.7,6184,0.311434,0.358026,-0.00460696,1
6,Gradient Descent,0.3,0.7,6185,0.311443,0.358015,-0.00460698,1
6,Gradient Descent,0.3,0.7,6186,0.311451,0.358005,-0.004607,1
6,Gradient Descent,0.3,0.7,6187,0.31146,0.357994,-0.00460702,1
6,Gradient Descent,0.3,0.7,6188,0.311468,0.357983,-0.00460704,1
6,Gradient Descent,0.3,0.7,6189,0.311477,0.357973,-0.00460706,1
6,Gradient Descent,0.3,0.7,6190,0.311485,0.357962,-0.00460707,1
6,Gradient Descent,0.3,0.7,6191,0.311494,0.357951,-0.00460709,1
6,Gradient Descent,0.3,0.7,6192,0.311502,0.357941,-0.00460711,1
6,Gradient Descent,0.3,0.7,6193,0.311511,0.35793,-0.00460713,1
6,Gradient Descent,0.3,0.7,6194,0.311519,0.357919,-0.00460715,1
6,Gradient Descent,0.3,0.7,6195,0.311528,0.357909,-0.00460717,1
6,Gradient Descent,0.3,0.7,6196,0.311536,0.357898,-0.00460719,1
6,Gradient Descent,0.3,0.7,6197,0.311545,0.357887,-0.0046072,1
6,Gradient Descent,0.3,0.7,6198,0.311553,0.357877,-0.00460722,1
6,Gradient Descent,0.3,0.7,6199,0.311562,0.357866,-0.00460724,1
6,Gradient Descent,0.3,0.7,6200,0.31157,0.357855,-0.00460726,1
6,Gradient Descent,0.3,0.7,6201,0.311579,0.357845,-0.00460728,1
6,Gradient Descent,0.3,0.7,6202,0.311587,0.357834,-0.0046073,1
6,Gradient Descent,0.3,0.7,6203,0.311596,0.357823,-0.00460732,1
6,Gradient Descent,0.3,0.7,6204,0.311604,0.357813,-0.00460733,1
6,Gradient Descent,0.3,0.7,6205,0.311613,0.357802,-0.00460735,1
6,Gradient Descent,0.3,0.7,6206,0.311621,0.357792,-0.00460737,1
6,Gradient Descent,0.3,0.7,6207,0.31163,0.357781,-0.00460739,1
6,Gradient Descent,0.3,0.7,6208,0.311638,0.35777,-0.00460741,1
6,Gradient Descent,0.3,0.7,6209,0.311647,0.35776,-0.00460743,1
6,Gradient Descent,0.3,0.7,6210,0.311655,0.357749,-0.00460744,1
6,Gradient Descent,0.3,0.7,6211,0.311664,0.357739,-0.00460746,1
6,Gradient Descent,0.3,0.7,6212,0.311672,0.357728,-0.00460748,1
6,Gradient Descent,0.3,0.7,6213,0.311681,0.357718,-0.0046075,1
6,Gradient Descent,0.3,0.7,6214,0.311689,0.357707,-0.00460752,1
6,Gradient Descent,0.3,0.7,6215,0.311698,0.357696,-0.00460754,1
6,Gradient Descent,0.3,0.7,6216,0.311706,0.357686,-0.00460755,1
6,Gradient Descent,0.3,0.7,6217,0.311715,0.357675,-0.00460757,1
6,Gradient Descent,0.3,0.7,6218,0.311723,0.357665,-0.00460759,1
6,Gradient Descent,0.3,0.7,6219,0.311731,0.357654,-0.00460761,1
6,Gradient Descent,0.3,0.7,6220,0.31174,0.357644,-0.00460763,1
6,Gradient Descent,0.3,0.7,6221,0.311748,0.357633,-0.00460765,1
6,Gradient Descent,0.3,0.7,6222,0.311757,0.357623,-0.00460766,1
6,Gradient Descent,0.3,0.7,6223,0.311765,0.357612,-0.00460768,1
6,Gradient Descent,0.3,0.7,6224,0.311774,0.357602,-0.0046077,1
6,Gradient Descent,0.3,0.7,6225,0.311782,0.357591,-0.00460772,1
6,Gradient Descent,0.3,0.7,6226,0.31179,0.357581,-0.00460774,1
6,Gradient Descent,0.3,0.7,6227,0.311799,0.35757,-0.00460775,1
6,Gradient Descent,0.3,0.7,6228,0.311807,0.35756,-0.00460777,1
6,Gradient Descent,0.3,0.7,6229,0.311816,0.357549,-0.00460779,1
6,Gradient Descent,0.3,0.7,6230,0.311824,0.357539,-0.00460781,1
6,Gradient Descent,0.3,0.7,6231,0.311833,0.357528,-0.00460783,1
6,Gradient Descent,0.3,0.7,6232,0.311841,0.357518,-0.00460785,1
6,Gradient Descent,0.3,0.7,6233,0.311849,0.357507,-0.00460786,1
6,Gradient Descent,0.3,0.7,6234,0.311858,0.357497,-0.00460788,1
6,Gradient Descent,0.3,0.7,6235,0.311866,0.357486,-0.0046079,1
6,Gradient Descent,0.3,0.7,6236,0.311875,0.357476,-0.00460792,1
6,Gradient Descent,0.3,0.7,6237,0.311883,0.357465,-0.00460794,1
6,Gradient Descent,0.3,0.7,6238,0.311891,0.357455,-0.00460795,1
6,Gradient Descent,0.3,0.7,6239,0.3119,0.357444,-0.00460797,1
6,Gradient Descent,0.3,0.7,6240,0.311908,0.357434,-0.00460799,1
6,Gradient Descent,0.3,0.7,6241,0.311916,0.357424,-0.00460801,1
6,Gradient Descent,0.3,0.7,6242,0.311925,0.357413,-0.00460802,1
6,Gradient Descent,0.3,0.7,6243,0.311933,0.357403,-0.00460804,1
6,Gradient Descent,0.3,0.7,6244,0.311942,0.357392,-0.00460806,1
6,Gradient Descent,0.3,0.7,6245,0.31195,0.357382,-0.00460808,1
6,Gradient Descent,0.3,0.7,6246,0.311958,0.357371,-0.0046081,1
6,Gradient Descent,0.3,0.7,6247,0.311967,0.357361,-0.00460811,1
6,Gradient Descent,0.3,0.7,6248,0.311975,0.357351,-0.00460813,1
6,Gradient Descent,0.3,0.7,6249,0.311983,0.35734,-0.00460815,1
6,Gradient Descent,0.3,0.7,6250,0.311992,0.35733,-0.00460817,1
6,Gradient Descent,0.3,0.7,6251,0.312,0.357319,-0.00460819,1
6,Gradient Descent,0.3,0.7,6252,0.312008,0.357309,-0.0046082,1
6,Gradient Descent,0.3,0.7,6253,0.312017,0.357299,-0.00460822,1
6,Gradient Descent,0.3,0.7,6254,0.312025,0.357288,-0.00460824,1
6,Gradient Descent,0.3,0.7,6255,0.312033,0.357278,-0.00460826,1
6,Gradient Descent,0.3,0.7,6256,0.312042,0.357267,-0.00460827,1
6,Gradient Descent,0.3,0.7,6257,0.31205,0.357257,-0.00460829,1
6,Gradient Descent,0.3,0.7,6258,0.312058,0.357247,-0.00460831,1
6,Gradient Descent,0.3,0.7,6259,0.312067,0.357236,-0.00460833,1
6,Gradient Descent,0.3,0.7,6260,0.312075,0.357226,-0.00460834,1
6,Gradient Descent,0.3,0.7,6261,0.312083,0.357216,-0.00460836,1
6,Gradient Descent,0.3,0.7,6262,0.312092,0.357205,-0.00460838,1
6,Gradient Descent,0.3,0.7,6263,0.3121,0.357195,-0.0046084,1
6,Gradient Descent,0.3,0.7,6264,0.312108,0.357185,-0.00460841,1
6,Gradient Descent,0.3,0.7,6265,0.312117,0.357174,-0.00460843,1
6,Gradient Descent,0.3,0.7,6266,0.312125,0.357164,-0.00460845,1
6,Gradient Descent,0.3,0.7,6267,0.312133,0.357154,-0.00460847,1
6,Gradient Descent,0.3,0.7,6268,0.312142,0.357143,-0.00460849,1
6,Gradient Descent,0.3,0.7,6269,0.31215,0.357133,-0.0046085,1
6,Gradient Descent,0.3,0.7,6270,0.312158,0.357123,-0.00460852,1
6,Gradient Descent,0.3,0.7,6271,0.312166,0.357112,-0.00460854,1
6,Gradient Descent,0.3,0.7,6272,0.312175,0.357102,-0.00460855,1
6,Gradient Descent,0.3,0.7,6273,0.312183,0.357092,-0.00460857,1
6,Gradient Descent,0.3,0.7,6274,0.312191,0.357082,-0.00460859,1
6,Gradient Descent,0.3,0.7,6275,0.312199,0.357071,-0.00460861,1
6,Gradient Descent,0.3,0.7,6276,0.312208,0.357061,-0.00460862,1
6,Gradient Descent,0.3,0.7,6277,0.312216,0.357051,-0.00460864,1
6,Gradient Descent,0.3,0.7,6278,0.312224,0.35704,-0.00460866,1
6,Gradient Descent,0.3,0.7,6279,0.312233,0.35703,-0.00460868,1
6,Gradient Descent,0.3,0.7,6280,0.312241,0.35702,-0.00460869,1
6,Gradient Descent,0.3,0.7,6281,0.312249,0.35701,-0.00460871,1
6,Gradient Descent,0.3,0.7,6282,0.312257,0.356999,-0.00460873,1
6,Gradient Descent,0.3,0.7,6283,0.312266,0.356989,-0.00460875,1
6,Gradient Descent,0.3,0.7,6284,0.312274,0.356979,-0.00460876,1
6,Gradient Descent,0.3,0.7,6285,0.312282,0.356969,-0.00460878,1
6,Gradient Descent,0.3,0.7,6286,0.31229,0.356958,-0.0046088,1
6,Gradient Descent,0.3,0.7,6287,0.312299,0.356948,-0.00460882,1
6,Gradient Descent,0.3,0.7,6288,0.312307,0.356938,-0.00460883,1
6,Gradient Descent,0.3,0.7,6289,0.312315,0.356928,-0.00460885,1
6,Gradient Descent,0.3,0.7,6290,0.312323,0.356918,-0.00460887,1
6,Gradient Descent,0.3,0.7,6291,0.312331,0.356907,-0.00460888,1
6,Gradient Descent,0.3,0.7,6292,0.31234,0.356897,-0.0046089,1
6,Gradient Descent,0.3,0.7,6293,0.312348,0.356887,-0.00460892,1
6,Gradient Descent,0.3,0.7,6294,0.312356,0.356877,-0.00460894,1
6,Gradient Descent,0.3,0.7,6295,0.312364,0.356867,-0.00460895,1
6,Gradient Descent,0.3,0.7,6296,0.312373,0.356856,-0.00460897,1
6,Gradient Descent,0.3,0.7,6297,0.312381,0.356846,-0.00460899,1
6,Gradient Descent,0.3,0.7,6298,0.312389,0.356836,-0.004609,1
6,Gradient Descent,0.3,0.7,6299,0.312397,0.356826,-0.00460902,1
6,Gradient Descent,0.3,0.7,6300,0.312405,0.356816,-0.00460904,1
6,Gradient Descent,0.3,0.7,6301,0.312414,0.356805,-0.00460906,1
6,Gradient Descent,0.3,0.7,6302,0.312422,0.356795,-0.00460907,1
6,Gradient Descent,0.3,0.7,6303,0.31243,0.356785,-0.00460909,1
6,Gradient Descent,0.3,0.7,6304,0.312438,0.356775,-0.00460911,1
6,Gradient Descent,0.3,0.7,6305,0.312446,0.356765,-0.00460912,1
6,Gradient Descent,0.3,0.7,6306,0.312454,0.356755,-0.00460914,1
6,Gradient Descent,0.3,0.7,6307,0.312463,0.356745,-0.00460916,1
6,Gradient Descent,0.3,0.7,6308,0.312471,0.356734,-0.00460917,1
6,Gradient Descent,0.3,0.7,6309,0.312479,0.356724,-0.00460919,1
6,Gradient Descent,0.3,0.7,6310,0.312487,0.356714,-0.00460921,1
6,Gradient Descent,0.3,0.7,6311,0.312495,0.356704,-0.00460922,1
6,Gradient Descent,0.3,0.7,6312,0.312503,0.356694,-0.00460924,1
6,Gradient Descent,0.3,0.7,6313,0.312512,0.356684,-0.00460926,1
6,Gradient Descent,0.3,0.7,6314,0.31252,0.356674,-0.00460928,1
6,Gradient Descent,0.3,0.7,6315,0.312528,0.356664,-0.00460929,1
6,Gradient Descent,0.3,0.7,6316,0.312536,0.356654,-0.00460931,1
6,Gradient Descent,0.3,0.7,6317,0.312544,0.356643,-0.00460933,1
6,Gradient Descent,0.3,0.7,6318,0.312552,0.356633,-0.00460934,1
6,Gradient Descent,0.3,0.7,6319,0.312561,0.356623,-0.00460936,1
6,Gradient Descent,0.3,0.7,6320,0.312569,0.356613,-0.00460938,1
6,Gradient Descent,0.3,0.7,6321,0.312577,0.356603,-0.00460939,1
6,Gradient Descent,0.3,0.7,6322,0.312585,0.356593,-0.00460941,1
6,Gradient Descent,0.3,0.7,6323,0.312593,0.356583,-0.00460943,1
6,Gradient Descent,0.3,0.7,6324,0.312601,0.356573,-0.00460944,1
6,Gradient Descent,0.3,0.7,6325,0.312609,0.356563,-0.00460946,1
6,Gradient Descent,0.3,0.7,6326,0.312617,0.356553,-0.00460948,1
6,Gradient Descent,0.3,0.7,6327,0.312626,0.356543,-0.00460949,1
6,Gradient Descent,0.3,0.7,6328,0.312634,0.356533,-0.00460951,1
6,Gradient Descent,0.3,0.7,6329,0.312642,0.356523,-0.00460953,1
6,Gradient Descent,0.3,0.7,6330,0.31265,0.356513,-0.00460954,1
6,Gradient Descent,0.3,0.7,6331,0.312658,0.356503,-0.00460956,1
6,Gradient Descent,0.3,0.7,6332,0.312666,0.356493,-0.00460958,1
6,Gradient Descent,0.3,0.7,6333,0.312674,0.356482,-0.00460959,1
6,Gradient Descent,0.3,0.7,6334,0.312682,0.356472,-0.00460961,1
6,Gradient Descent,0.3,0.7,6335,0.31269,0.356462,-0.00460963,1
6,Gradient Descent,0.3,0.7,6336,0.312698,0.356452,-0.00460964,1
6,Gradient Descent,0.3,0.7,6337,0.312707,0.356442,-0.00460966,1
6,Gradient Descent,0.3,0.7,6338,0.312715,0.356432,-0.00460968,1
6,Gradient Descent,0.3,0.7,6339,0.312723,0.356422,-0.00460969,1
6,Gradient Descent,0.3,0.7,6340,0.312731,0.356412,-0.00460971,1
6,Gradient Descent,0.3,0.7,6341,0.312739,0.356402,-0.00460973,1
6,Gradient Descent,0.3,0.7,6342,0.312747,0.356392,-0.00460974,1
6,Gradient Descent,0.3,0.7,6343,0.312755,0.356382,-0.00460976,1
6,Gradient Descent,0.3,0.7,6344,0.312763,0.356372,-0.00460978,1
6,Gradient Descent,0.3,0.7,6345,0.312771,0.356363,-0.00460979,1
6,Gradient Descent,0.3,0.7,6346,0.312779,0.356353,-0.00460981,1
6,Gradient Descent,0.3,0.7,6347,0.312787,0.356343,-0.00460982,1
6,Gradient Descent,0.3,0.7,6348,0.312795,0.356333,-0.00460984,1
6,Gradient Descent,0.3,0.7,6349,0.312803,0.356323,-0.00460986,1
6,Gradient Descent,0.3,0.7,6350,0.312811,0.356313,-0.00460987,1
6,Gradient Descent,0.3,0.7,6351,0.312819,0.356303,-0.00460989,1
6,Gradient Descent,0.3,0.7,6352,0.312828,0.356293,-0.00460991,1
6,Gradient Descent,0.3,0.7,6353,0.312836,0.356283,-0.00460992,1
6,Gradient Descent,0.3,0.7,6354,0.312844,0.356273,-0.00460994,1
6,Gradient Descent,0.3,0.7,6355,0.312852,0.356263,-0.00460996,1
6,Gradient Descent,0.3,0.7,6356,0.31286,0.356253,-0.00460997,1
6,Gradient Descent,0.3,0.7,6357,0.312868,0.356243,-0.00460999,1
6,Gradient Descent,0.3,0.7,6358,0.312876,0.356233,-0.00461,1
6,Gradient Descent,0.3,0.7,6359,0.312884,0.356223,-0.00461002,1
6,Gradient Descent,0.3,0.7,6360,0.312892,0.356213,-0.00461004,1
6,Gradient Descent,0.3,0.7,6361,0.3129,0.356204,-0.00461005,1
6,Gradient Descent,0.3,0.7,6362,0.312908,0.356194,-0.00461007,1
6,Gradient Descent,0.3,0.7,6363,0.312916,0.356184,-0.00461009,1
6,Gradient Descent,0.3,0.7,6364,0.312924,0.356174,-0.0046101,1
6,Gradient Descent,0.3,0.7,6365,0.312932,0.356164,-0.00461012,1
6,Gradient Descent,0.3,0.7,6366,0.31294,0.356154,-0.00461013,1
6,Gradient Descent,0.3,0.7,6367,0.312948,0.356144,-0.00461015,1
6,Gradient Descent,0.3,0.7,6368,0.312956,0.356134,-0.00461017,1
6,Gradient Descent,0.3,0.7,6369,0.312964,0.356124,-0.00461018,1
6,Gradient Descent,0.3,0.7,6370,0.312972,0.356115,-0.0046102,1
6,Gradient Descent,0.3,0.7,6371,0.31298,0.356105,-0.00461021,1
6,Gradient Descent,0.3,0.7,6372,0.312988,0.356095,-0.00461023,1
6,Gradient Descent,0.3,0.7,6373,0.312996,0.356085,-0.00461025,1
6,Gradient Descent,0.3,0.7,6374,0.313004,0.356075,-0.00461026,1
6,Gradient Descent,0.3,0.7,6375,0.313012,0.356065,-0.00461028,1
6,Gradient Descent,0.3,0.7,6376,0.31302,0.356056,-0.00461029,1
6,Gradient Descent,0.3,0.7,6377,0.313028,0.356046,-0.00461031,1
6,Gradient Descent,0.3,0.7,6378,0.313036,0.356036,-0.00461033,1
6,Gradient Descent,0.3,0.7,6379,0.313044,0.356026,-0.00461034,1
6,Gradient Descent,0.3,0.7,6380,0.313052,0.356016,-0.00461036,1
6,Gradient Descent,0.3,0.7,6381,0.313059,0.356006,-0.00461037,1
6,Gradient Descent,0.3,0.7,6382,0.313067,0.355997,-0.00461039,1
6,Gradient Descent,0.3,0.7,6383,0.313075,0.355987,-0.00461041,1
6,Gradient Descent,0.3,0.7,6384,0.313083,0.355977,-0.00461042,1
6,Gradient Descent,0.3,0.7,6385,0.313091,0.355967,-0.00461044,1
6,Gradient Descent,0.3,0.7,6386,0.313099,0.355957,-0.00461045,1
6,Gradient Descent,0.3,0.7,6387,0.313107,0.355948,-0.00461047,1
6,Gradient Descent,0.3,0.7,6388,0.313115,0.355938,-0.00461049,1
6,Gradient Descent,0.3,0.7,6389,0.313123,0.355928,-0.0046105,1
6,Gradient Descent,0.3,0.7,6390,0.313131,0.355918,-0.00461052,1
6,Gradient Descent,0.3,0.7,6391,0.313139,0.355909,-0.00461053,1
6,Gradient Descent,0.3,0.7,6392,0.313147,0.355899,-0.00461055,1
6,Gradient Descent,0.3,0.7,6393,0.313155,0.355889,-0.00461057,1
6,Gradient Descent,0.3,0.7,6394,0.313163,0.355879,-0.00461058,1
6,Gradient Descent,0.3,0.7,6395,0.313171,0.355869,-0.0046106,1
6,Gradient Descent,0.3,0.7,6396,0.313178,0.35586,-0.00461061,1
6,Gradient Descent,0.3,0.7,6397,0.313186,0.35585,-0.00461063,1
6,Gradient Descent,0.3,0.7,6398,0.313194,0.35584,-0.00461064,1
6,Gradient Descent,0.3,0.7,6399,0.313202,0.35583,-0.00461066,1
6,Gradient Descent,0.3,0.7,6400,0.31321,0.355821,-0.00461068,1
6,Gradient Descent,0.3,0.7,6401,0.313218,0.355811,-0.00461069,1
6,Gradient Descent,0.3,0.7,6402,0.313226,0.355801,-0.00461071,1
6,Gradient Descent,0.3,0.7,6403,0.313234,0.355792,-0.00461072,1
6,Gradient Descent,0.3,0.7,6404,0.313242,0.355782,-0.00461074,1
6,Gradient Descent,0.3,0.7,6405,0.31325,0.355772,-0.00461075,1
6,Gradient Descent,0.3,0.7,6406,0.313257,0.355762,-0.00461077,1
6,Gradient Descent,0.3,0.7,6407,0.313265,0.355753,-0.00461079,1
6,Gradient Descent,0.3,0.7,6408,0.313273,0.355743,-0.0046108,1
6,Gradient Descent,0.3,0.7,6409,0.313281,0.355733,-0.00461082,1
6,Gradient Descent,0.3,0.7,6410,0.313289,0.355724,-0.00461083,1
6,Gradient Descent,0.3,0.7,6411,0.313297,0.355714,-0.00461085,1
6,Gradient Descent,0.3,0.7,6412,0.313305,0.355704,-0.00461086,1
6,Gradient Descent,0.3,0.7,6413,0.313313,0.355695,-0.00461088,1
6,Gradient Descent,0.3,0.7,6414,0.31332,0.355685,-0.00461089,1
6,Gradient Descent,0.3,0.7,6415,0.313328,0.355675,-0.00461091,1
6,Gradient Descent,0.3,0.7,6416,0.313336,0.355666,-0.00461093,1
6,Gradient Descent,0.3,0.7,6417,0.313344,0.355656,-0.00461094,1
6,Gradient Descent,0.3,0.7,6418,0.313352,0.355646,-0.00461096,1
6,Gradient Descent,0.3,0.7,6419,0.31336,0.355637,-0.00461097,1
6,Gradient Descent,0.3,0.7,6420,0.313368,0.355627,-0.00461099,1
6,Gradient Descent,0.3,0.7,6421,0.313375,0.355617,-0.004611,1
6,Gradient Descent,0.3,0.7,6422,0.313383,0.355608,-0.00461102,1
6,Gradient Descent,0.3,0.7,6423,0.313391,0.355598,-0.00461103,1
6,Gradient Descent,0.3,0.7,6424,0.313399,0.355588,-0.00461105,1
6,Gradient Descent,0.3,0.7,6425,0.313407,0.355579,-0.00461106,1
6,Gradient Descent,0.3,0.7,6426,0.313415,0.355569,-0.00461108,1
6,Gradient Descent,0.3,0.7,6427,0.313422,0.35556,-0.00461109,1
6,Gradient Descent,0.3,0.7,6428,0.31343,0.35555,-0.00461111,1
6,Gradient Descent,0.3,0.7,6429,0.313438,0.35554,-0.00461113,1
6,Gradient Descent,0.3,0.7,6430,0.313446,0.355531,-0.00461114,1
6,Gradient Descent,0.3,0.7,6431,0.313454,0.355521,-0.00461116,1
6,Gradient Descent,0.3,0.7,6432,0.313461,0.355512,-0.00461117,1
6,Gradient Descent,0.3,0.7,6433,0.313469,0.355502,-0.00461119,1
6,Gradient Descent,0.3,0.7,6434,0.313477,0.355492,-0.0046112,1
6,Gradient Descent,0.3,0.7,6435,0.313485,0.355483,-0.00461122,1
6,Gradient Descent,0.3,0.7,6436,0.313493,0.355473,-0.00461123,1
6,Gradient Descent,0.3,0.7,6437,0.3135,0.355464,-0.00461125,1
6,Gradient Descent,0.3,0.7,6438,0.313508,0.355454,-0.00461126,1
6,Gradient Descent,0.3,0.7,6439,0.313516,0.355444,-0.00461128,1
6,Gradient Descent,0.3,0.7,6440,0.313524,0.355435,-0.00461129,1
6,Gradient Descent,0.3,0.7,6441,0.313532,0.355425,-0.00461131,1
6,Gradient Descent,0.3,0.7,6442,0.313539,0.355416,-0.00461132,1
6,Gradient Descent,0.3,0.7,6443,0.313547,0.355406,-0.00461134,1
6,Gradient Descent,0.3,0.7,6444,0.313555,0.355397,-0.00461135,1
6,Gradient Descent,0.3,0.7,6445,0.313563,0.355387,-0.00461137,1
6,Gradient Descent,0.3,0.7,6446,0.31357,0.355378,-0.00461138,1
6,Gradient Descent,0.3,0.7,6447,0.313578,0.355368,-0.0046114,1
6,Gradient Descent,0.3,0.7,6448,0.313586,0.355359,-0.00461141,1
6,Gradient Descent,0.3,0.7,6449,0.313594,0.355349,-0.00461143,1
6,Gradient Descent,0.3,0.7,6450,0.313601,0.355339,-0.00461144,1
6,Gradient Descent,0.3,0.7,6451,0.313609,0.35533,-0.00461146,1
6,Gradient Descent,0.3,0.7,6452,0.313617,0.35532,-0.00461148,1
6,Gradient Descent,0.3,0.7,6453,0.313625,0.355311,-0.00461149,1
6,Gradient Descent,0.3,0.7,6454,0.313632,0.355301,-0.00461151,1
6,Gradient Descent,0.3,0.7,6455,0.31364,0.355292,-0.00461152,1
6,Gradient Descent,0.3,0.7,6456,0.313648,0.355282,-0.00461154,1
6,Gradient Descent,0.3,0.7,6457,0.313656,0.355273,-0.00461155,1
6,Gradient Descent,0.3,0.7,6458,0.313663,0.355263,-0.00461157,1
6,Gradient Descent,0.3,0.7,6459,0.313671,0.355254,-0.00461158,1
6,Gradient Descent,0.3,0.7,6460,0.313679,0.355244,-0.0046116,1
6,Gradient Descent,0.3,0.7,6461,0.313687,0.355235,-0.00461161,1
6,Gradient Descent,0.3,0.7,6462,0.313694,0.355226,-0.00461163,1
6,Gradient Descent,0.3,0.7,6463,0.313702,0.355216,-0.00461164,1
6,Gradient Descent,0.3,0.7,6464,0.31371,0.355207,-0.00461165,1
6,Gradient Descent,0.3,0.7,6465,0.313718,0.355197,-0.00461167,1
6,Gradient Descent,0.3,0.7,6466,0.313725,0.355188,-0.00461168,1
6,Gradient Descent,0.3,0.7,6467,0.313733,0.355178,-0.0046117,1
6,Gradient Descent,0.3,0.7,6468,0.313741,0.355169,-0.00461171,1
6,Gradient Descent,0.3,0.7,6469,0.313748,0.355159,-0.00461173,1
6,Gradient Descent,0.3,0.7,6470,0.313756,0.35515,-0.00461174,1
6,Gradient Descent,0.3,0.7,6471,0.313764,0.35514,-0.00461176,1
6,Gradient Descent,0.3,0.7,6472,0.313771,0.355131,-0.00461177,1
6,Gradient Descent,0.3,0.7,6473,0.313779,0.355122,-0.00461179,1
6,Gradient Descent,0.3,0.7,6474,0.313787,0.355112,-0.0046118,1
6,Gradient Descent,0.3,0.7,6475,0.313794,0.355103,-0.00461182,1
6,Gradient Descent,0.3,0.7,6476,0.313802,0.355093,-0.00461183,1
6,Gradient Descent,0.3,0.7,6477,0.31381,0.355084,-0.00461185,1
6,Gradient Descent,0.3,0.7,6478,0.313818,0.355075,-0.00461186,1
6,Gradient Descent,0.3,0.7,6479,0.313825,0.355065,-0.00461188,1
6,Gradient Descent,0.3,0.7,6480,0.313833,0.355056,-0.00461189,1
6,Gradient Descent,0.3,0.7,6481,0.313841,0.355046,-0.00461191,1
6,Gradient Descent,0.3,0.7,6482,0.313848,0.355037,-0.00461192,1
6,Gradient Descent,0.3,0.7,6483,0.313856,0.355028,-0.00461194,1
6,Gradient Descent,0.3,0.7,6484,0.313864,0.355018,-0.00461195,1
6,Gradient Descent,0.3,0.7,6485,0.313871,0.355009,-0.00461197,1
6,Gradient Descent,0.3,0.7,6486,0.313879,0.354999,-0.00461198,1
6,Gradient Descent,0.3,0.7,6487,0.313886,0.35499,-0.00461199,1
6,Gradient Descent,0.3,0.7,6488,0.313894,0.354981,-0.00461201,1
6,Gradient Descent,0.3,0.7,6489,0.313902,0.354971,-0.00461202,1
6,Gradient Descent,0.3,0.7,6490,0.313909,0.354962,-0.00461204,1
6,Gradient Descent,0.3,0.7,6491,0.313917,0.354953,-0.00461205,1
6,Gradient Descent,0.3,0.7,6492,0.313925,0.354943,-0.00461207,1
6,Gradient Descent,0.3,0.7,6493,0.313932,0.354934,-0.00461208,1
6,Gradient Descent,0.3,0.7,6494,0.31394,0.354925,-0.0046121,1
6,Gradient Descent,0.3,0.7,6495,0.313948,0.354915,-0.00461211,1
6,Gradient Descent,0.3,0.7,6496,0.313955,0.354906,-0.00461213,1
6,Gradient Descent,0.3,0.7,6497,0.313963,0.354897,-0.00461214,1
6,Gradient Descent,0.3,0.7,6498,0.31397,0.354887,-0.00461215,1
6,Gradient Descent,0.3,0.7,6499,0.313978,0.354878,-0.00461217,1
6,Gradient Descent,0.3,0.7,6500,0.313986,0.354869,-0.00461218,1
6,Gradient Descent,0.3,0.7,6501,0.313993,0.354859,-0.0046122,1
6,Gradient Descent,0.3,0.7,6502,0.314001,0.35485,-0.00461221,1
6,Gradient Descent,0.3,0.7,6503,0.314009,0.354841,-0.00461223,1
6,Gradient Descent,0.3,0.7,6504,0.314016,0.354831,-0.00461224,1
6,Gradient Descent,0.3,0.7,6505,0.314024,0.354822,-0.00461226,1
6,Gradient Descent,0.3,0.7,6506,0.314031,0.354813,-0.00461227,1
6,Gradient Descent,0.3,0.7,6507,0.314039,0.354804,-0.00461228,1
6,Gradient Descent,0.3,0.7,6508,0.314047,0.354794,-0.0046123,1
6,Gradient Descent,0.3,0.7,6509,0.314054,0.354785,-0.00461231,1
6,Gradient Descent,0.3,0.7,6510,0.314062,0.354776,-0.00461233,1
6,Gradient Descent,0.3,0.7,6511,0.314069,0.354766,-0.00461234,1
6,Gradient Descent,0.3,0.7,6512,0.314077,0.354757,-0.00461236,1
6,Gradient Descent,0.3,0.7,6513,0.314084,0.354748,-0.00461237,1
6,Gradient Descent,0.3,0.7,6514,0.314092,0.354739,-0.00461238,1
6,Gradient Descent,0.3,0.7,6515,0.3141,0.354729,-0.0046124,1
6,Gradient Descent,0.3,0.7,6516,0.314107,0.35472,-0.00461241,1
6,Gradient Descent,0.3,0.7,6517,0.314115,0.354711,-0.00461243,1
6,Gradient Descent,0.3,0.7,6518,0.314122,0.354702,-0.00461244,1
6,Gradient Descent,0.3,0.7,6519,0.31413,0.354692,-0.00461246,1
6,Gradient Descent,0.3,0.7,6520,0.314137,0.354683,-0.00461247,1
6,Gradient Descent,0.3,0.7,6521,0.314145,0.354674,-0.00461248,1
6,Gradient Descent,0.3,0.7,6522,0.314153,0.354665,-0.0046125,1
6,Gradient Descent,0.3,0.7,6523,0.31416,0.354656,-0.00461251,1
6,Gradient Descent,0.3,0.7,6524,0.314168,0.354646,-0.00461253,1
6,Gradient Descent,0.3,0.7,6525,0.314175,0.354637,-0.00461254,1
6,Gradient Descent,0.3,0.7,6526,0.314183,0.354628,-0.00461256,1
6,Gradient Descent,0.3,0.7,6527,0.31419,0.354619,-0.00461257,1
6,Gradient Descent,0.3,0.7,6528,0.314198,0.354609,-0.00461258,1
6,Gradient Descent,0.3,0.7,6529,0.314205,0.3546,-0.0046126,1
6,Gradient Descent,0.3,0.7,6530,0.314213,0.354591,-0.00461261,1
6,Gradient Descent,0.3,0.7,6531,0.31422,0.354582,-0.00461263,1
6,Gradient Descent,0.3,0.7,6532,0.314228,0.354573,-0.00461264,1
6,Gradient Descent,0.3,0.7,6533,0.314235,0.354564,-0.00461265,1
6,Gradient Descent,0.3,0.7,6534,0.314243,0.354554,-0.00461267,1
6,Gradient Descent,0.3,0.7,6535,0.31425,0.354545,-0.00461268,1
6,Gradient Descent,0.3,0.7,6536,0.314258,0.354536,-0.0046127,1
6,Gradient Descent,0.3,0.7,6537,0.314265,0.354527,-0.00461271,1
6,Gradient Descent,0.3,0.7,6538,0.314273,0.354518,-0.00461272,1
6,Gradient Descent,0.3,0.7,6539,0.31428,0.354509,-0.00461274,1
6,Gradient Descent,0.3,0.7,6540,0.314288,0.354499,-0.00461275,1
6,Gradient Descent,0.3,0.7,6541,0.314295,0.35449,-0.00461277,1
6,Gradient Descent,0.3,0.7,6542,0.314303,0.354481,-0.00461278,1
6,Gradient Descent,0.3,0.7,6543,0.31431,0.354472,-0.00461279,1
6,Gradient Descent,0.3,0.7,6544,0.314318,0.354463,-0.00461281,1
6,Gradient Descent,0.3,0.7,6545,0.314325,0.354454,-0.00461282,1
6,Gradient Descent,0.3,0.7,6546,0.314333,0.354445,-0.00461284,1
6,Gradient Descent,0.3,0.7,6547,0.31434,0.354435,-0.00461285,1
6,Gradient Descent,0.3,0.7,6548,0.314348,0.354426,-0.00461286,1
6,Gradient Descent,0.3,0.7,6549,0.314355,0.354417,-0.00461288,1
6,Gradient Descent,0.3,0.7,6550,0.314363,0.354408,-0.00461289,1
6,Gradient Descent,0.3,0.7,6551,0.31437,0.354399,-0.00461291,1
6,Gradient Descent,0.3,0.7,6552,0.314378,0.35439,-0.00461292,1
6,Gradient Descent,0.3,0.7,6553,0.314385,0.354381,-0.00461293,1
6,Gradient Descent,0.3,0.7,6554,0.314393,0.354372,-0.00461295,1
6,Gradient Descent,0.3,0.7,6555,0.3144,0.354363,-0.00461296,1
6,Gradient Descent,0.3,0.7,6556,0.314408,0.354354,-0.00461298,1
6,Gradient Descent,0.3,0.7,6557,0.314415,0.354344,-0.00461299,1
6,Gradient Descent,0.3,0.7,6558,0.314423,0.354335,-0.004613,1
6,Gradient Descent,0.3,0.7,6559,0.31443,0.354326,-0.00461302,1
6,Gradient Descent,0.3,0.7,6560,0.314437,0.354317,-0.00461303,1
6,Gradient Descent,0.3,0.7,6561,0.314445,0.354308,-0.00461304,1
6,Gradient Descent,0.3,0.7,6562,0.314452,0.354299,-0.00461306,1
6,Gradient Descent,0.3,0.7,6563,0.31446,0.35429,-0.00461307,1
6,Gradient Descent,0.3,0.7,6564,0.314467,0.354281,-0.00461309,1
6,Gradient Descent,0.3,0.7,6565,0.314475,0.354272,-0.0046131,1
6,Gradient Descent,0.3,0.7,6566,0.314482,0.354263,-0.00461311,1
6,Gradient Descent,0.3,0.7,6567,0.31449,0.354254,-0.00461313,1
6,Gradient Descent,0.3,0.7,6568,0.314497,0.354245,-0.00461314,1
6,Gradient Descent,0.3,0.7,6569,0.314504,0.354236,-0.00461315,1
6,Gradient Descent,0.3,0.7,6570,0.314512,0.354227,-0.00461317,1
6,Gradient Descent,0.3,0.7,6571,0.314519,0.354218,-0.00461318,1
6,Gradient Descent,0.3,0.7,6572,0.314527,0.354209,-0.00461319,1
6,Gradient Descent,0.3,0.7,6573,0.314534,0.3542,-0.00461321,1
6,Gradient Descent,0.3,0.7,6574,0.314541,0.354191,-0.00461322,1
6,Gradient Descent,0.3,0.7,6575,0.314549,0.354182,-0.00461324,1
6,Gradient Descent,0.3,0.7,6576,0.314556,0.354173,-0.00461325,1
6,Gradient Descent,0.3,0.7,6577,0.314564,0.354164,-0.00461326,1
6,Gradient Descent,0.3,0.7,6578,0.314571,0.354155,-0.00461328,1
6,Gradient Descent,0.3,0.7,6579,0.314578,0.354146,-0.00461329,1
6,Gradient Descent,0.3,0.7,6580,0.314586,0.354137,-0.0046133,1
6,Gradient Descent,0.3,0.7,6581,0.314593,0.354128,-0.00461332,1
6,Gradient Descent,0.3,0.7,6582,0.314601,0.354119,-0.00461333,1
6,Gradient Descent,0.3,0.7,6583,0.314608,0.35411,-0.00461334,1
6,Gradient Descent,0.3,0.7,6584,0.314615,0.354101,-0.00461336,1
6,Gradient Descent,0.3,0.7,6585,0.314623,0.354092,-0.00461337,1
6,Gradient Descent,0.3,0.7,6586,0.31463,0.354083,-0.00461338,1
6,Gradient Descent,0.3,0.7,6587,0.314637,0.354074,-0.0046134,1
6,Gradient Descent,0.3,0.7,6588,0.314645,0.354065,-0.00461341,1
6,Gradient Descent,0.3,0.7,6589,0.314652,0.354056,-0.00461342,1
6,Gradient Descent,0.3,0.7,6590,0.31466,0.354047,-0.00461344,1
6,Gradient Descent,0.3,0.7,6591,0.314667,0.354038,-0.00461345,1
6,Gradient Descent,0.3,0.7,6592,0.314674,0.354029,-0.00461347,1
6,Gradient Descent,0.3,0.7,6593,0.314682,0.35402,-0.00461348,1
6,Gradient Descent,0.3,0.7,6594,0.314689,0.354011,-0.00461349,1
6,Gradient Descent,0.3,0.7,6595,0.314696,0.354002,-0.00461351,1
6,Gradient Descent,0.3,0.7,6596,0.314704,0.353993,-0.00461352,1
6,Gradient Descent,0.3,0.7,6597,0.314711,0.353984,-0.00461353,1
6,Gradient Descent,0.3,0.7,6598,0.314718,0.353975,-0.00461355,1
6,Gradient Descent,0.3,0.7,6599,0.314726,0.353966,-0.00461356,1
6,Gradient Descent,0.3,0.7,6600,0.314733,0.353958,-0.00461357,1
6,Gradient Descent,0.3,0.7,6601,0.31474,0.353949,-0.00461359,1
6,Gradient Descent,0.3,0.7,6602,0.314748,0.35394,-0.0046136,1
6,Gradient Descent,0.3,0.7,6603,0.314755,0.353931,-0.00461361,1
6,Gradient Descent,0.3,0.7,6604,0.314762,0.353922,-0.00461363,1
6,Gradient Descent,0.3,0.7,6605,0.31477,0.353913,-0.00461364,1
6,Gradient Descent,0.3,0.7,6606,0.314777,0.353904,-0.00461365,1
6,Gradient Descent,0.3,0.7,6607,0.314784,0.353895,-0.00461366,1
6,Gradient Descent,0.3,0.7,6608,0.314792,0.353886,-0.00461368,1
6,Gradient Descent,0.3,0.7,6609,0.314799,0.353878,-0.00461369,1
6,Gradient Descent,0.3,0.7,6610,0.314806,0.353869,-0.0046137,1
6,Gradient Descent,0.3,0.7,6611,0.314814,0.35386,-0.00461372,1
6,Gradient Descent,0.3,0.7,6612,0.314821,0.353851,-0.00461373,1
6,Gradient Descent,0.3,0.7,6613,0.314828,0.353842,-0.00461374,1
6,Gradient Descent,0.3,0.7,6614,0.314835,0.353833,-0.00461376,1
6,Gradient Descent,0.3,0.7,6615,0.314843,0.353824,-0.00461377,1
6,Gradient Descent,0.3,0.7,6616,0.31485,0.353815,-0.00461378,1
6,Gradient Descent,0.3,0.7,6617,0.314857,0.353807,-0.0046138,1
6,Gradient Descent,0.3,0.7,6618,0.314865,0.353798,-0.00461381,1
6,Gradient Descent,0.3,0.7,6619,0.314872,0.353789,-0.00461382,1
6,Gradient Descent,0.3,0.7,6620,0.314879,0.35378,-0.00461384,1
6,Gradient Descent,0.3,0.7,6621,0.314887,0.353771,-0.00461385,1
6,Gradient Descent,0.3,0.7,6622,0.314894,0.353762,-0.00461386,1
6,Gradient Descent,0.3,0.7,6623,0.314901,0.353754,-0.00461388,1
6,Gradient Descent,0.3,0.7,6624,0.314908,0.353745,-0.00461389,1
6,Gradient Descent,0.3,0.7,6625,0.314916,0.353736,-0.0046139,1
6,Gradient Descent,0.3,0.7,6626,0.314923,0.353727,-0.00461391,1
6,Gradient Descent,0.3,0.7,6627,0.31493,0.353718,-0.00461393,1
6,Gradient Descent,0.3,0.7,6628,0.314937,0.35371,-0.00461394,1
6,Gradient Descent,0.3,0.7,6629,0.314945,0.353701,-0.00461395,1
6,Gradient Descent,0.3,0.7,6630,0.314952,0.353692,-0.00461397,1
6,Gradient Descent,0.3,0.7,6631,0.314959,0.353683,-0.00461398,1
6,Gradient Descent,0.3,0.7,6632,0.314966,0.353674,-0.00461399,1
6,Gradient Descent,0.3,0.7,6633,0.314974,0.353666,-0.00461401,1
6,Gradient Descent,0.3,0.7,6634,0.314981,0.353657,-0.00461402,1
6,Gradient Descent,0.3,0.7,6635,0.314988,0.353648,-0.00461403,1
6,Gradient Descent,0.3,0.7,6636,0.314995,0.353639,-0.00461404,1
6,Gradient Descent,0.3,0.7,6637,0.315003,0.35363,-0.00461406,1
6,Gradient Descent,0.3,0.7,6638,0.31501,0.353622,-0.00461407,1
6,Gradient Descent,0.3,0.7,6639,0.315017,0.353613,-0.00461408,1
6,Gradient Descent,0.3,0.7,6640,0.315024,0.353604,-0.0046141,1
6,Gradient Descent,0.3,0.7,6641,0.315032,0.353595,-0.00461411,1
6,Gradient Descent,0.3,0.7,6642,0.315039,0.353587,-0.00461412,1
6,Gradient Descent,0.3,0.7,6643,0.315046,0.353578,-0.00461413,1
6,Gradient Descent,0.3,0.7,6644,0.315053,0.353569,-0.00461415,1
6,Gradient Descent,0.3,0.7,6645,0.31506,0.35356,-0.00461416,1
6,Gradient Descent,0.3,0.7,6646,0.315068,0.353552,-0.00461417,1
6,Gradient Descent,0.3,0.7,6647,0.315075,0.353543,-0.00461419,1
6,Gradient Descent,0.3,0.7,6648,0.315082,0.353534,-0.0046142,1
6,Gradient Descent,0.3,0.7,6649,0.315089,0.353526,-0.00461421,1
6,Gradient Descent,0.3,0.7,6650,0.315096,0.353517,-0.00461422,1
6,Gradient Descent,0.3,0.7,6651,0.315104,0.353508,-0.00461424,1
6,Gradient Descent,0.3,0.7,6652,0.315111,0.353499,-0.00461425,1
6,Gradient Descent,0.3,0.7,6653,0.315118,0.353491,-0.00461426,1
6,Gradient Descent,0.3,0.7,6654,0.315125,0.353482,-0.00461428,1
6,Gradient Descent,0.3,0.7,6655,0.315132,0.353473,-0.00461429,1
6,Gradient Descent,0.3,0.7,6656,0.31514,0.353465,-0.0046143,1
6,Gradient Descent,0.3,0.7,6657,0.315147,0.353456,-0.00461431,1
6,Gradient Descent,0.3,0.7,6658,0.315154,0.353447,-0.00461433,1
6,Gradient Descent,0.3,0.7,6659,0.315161,0.353439,-0.00461434,1
6,Gradient Descent,0.3,0.7,6660,0.315168,0.35343,-0.00461435,1
6,Gradient Descent,0.3,0.7,6661,0.315175,0.353421,-0.00461436,1
6,Gradient Descent,0.3,0.7,6662,0.315183,0.353412,-0.00461438,1
6,Gradient Descent,0.3,0.7,6663,0.31519,0.353404,-0.00461439,1
6,Gradient Descent,0.3,0.7,6664,0.315197,0.353395,-0.0046144,1
6,Gradient Descent,0.3,0.7,6665,0.315204,0.353386,-0.00461442,1
6,Gradient Descent,0.3,0.7,6666,0.315211,0.353378,-0.00461443,1
6,Gradient Descent,0.3,0.7,6667,0.315218,0.353369,-0.00461444,1
6,Gradient Descent,0.3,0.7,6668,0.315226,0.353361,-0.00461445,1
6,Gradient Descent,0.3,0.7,6669,0.315233,0.353352,-0.00461447,1
6,Gradient Descent,0.3,0.7,6670,0.31524,0.353343,-0.00461448,1
6,Gradient Descent,0.3,0.7,6671,0.315247,0.353335,-0.00461449,1
6,Gradient Descent,0.3,0.7,6672,0.315254,0.353326,-0.0046145,1
6,Gradient Descent,0.3,0.7,6673,0.315261,0.353317,-0.00461452,1
6,Gradient Descent,0.3,0.7,6674,0.315268,0.353309,-0.00461453,1
6,Gradient Descent,0.3,0.7,6675,0.315276,0.3533,-0.00461454,1
6,Gradient Descent,0.3,0.7,6676,0.315283,0.353291,-0.00461455,1
6,Gradient Descent,0.3,0.7,6677,0.31529,0.353283,-0.00461457,1
6,Gradient Descent,0.3,0.7,6678,0.315297,0.353274,-0.00461458,1
6,Gradient Descent,0.3,0.7,6679,0.315304,0.353266,-0.00461459,1
6,Gradient Descent,0.3,0.7,6680,0.315311,0.353257,-0.0046146,1
6,Gradient Descent,0.3,0.7,6681,0.315318,0.353248,-0.00461462,1
6,Gradient Descent,0.3,0.7,6682,0.315325,0.35324,-0.00461463,1
6,Gradient Descent,0.3,0.7,6683,0.315333,0.353231,-0.00461464,1
6,Gradient Descent,0.3,0.7,6684,0.31534,0.353223,-0.00461465,1
6,Gradient Descent,0.3,0.7,6685,0.315347,0.353214,-0.00461467,1
6,Gradient Descent,0.3,0.7,6686,0.315354,0.353205,-0.00461468,1
6,Gradient Descent,0.3,0.7,6687,0.315361,0.353197,-0.00461469,1
6,Gradient Descent,0.3,0.7,6688,0.315368,0.353188,-0.0046147,1
6,Gradient Descent,0.3,0.7,6689,0.315375,0.35318,-0.00461472,1
6,Gradient Descent,0.3,0.7,6690,0.315382,0.353171,-0.00461473,1
6,Gradient Descent,0.3,0.7,6691,0.315389,0.353163,-0.00461474,1
6,Gradient Descent,0.3,0.7,6692,0.315396,0.353154,-0.00461475,1
6,Gradient Descent,0.3,0.7,6693,0.315404,0.353145,-0.00461476,1
6,Gradient Descent,0.3,0.7,6694,0.315411,0.353137,-0.00461478,1
6,Gradient Descent,0.3,0.7,6695,0.315418,0.353128,-0.00461479,1
6,Gradient Descent,0.3,0.7,6696,0.315425,0.35312,-0.0046148,1
6,Gradient Descent,0.3,0.7,6697,0.315432,0.353111,-0.00461481,1
6,Gradient Descent,0.3,0.7,6698,0.315439,0.353103,-0.00461483,1
6,Gradient Descent,0.3,0.7,6699,0.315446,0.353094,-0.00461484,1
6,Gradient Descent,0.3,0.7,6700,0.315453,0.353086,-0.00461485,1
6,Gradient Descent,0.3,0.7,6701,0.31546,0.353077,-0.00461486,1
6,Gradient Descent,0.3,0.7,6702,0.315467,0.353069,-0.00461488,1
6,Gradient Descent,0.3,0.7,6703,0.315474,0.35306,-0.00461489,1
6,Gradient Descent,0.3,0.7,6704,0.315481,0.353052,-0.0046149,1
6,Gradient Descent,0.3,0.7,6705,0.315488,0.353043,-0.00461491,1
6,Gradient Descent,0.3,0.7,6706,0.315495,0.353035,-0.00461492,1
6,Gradient Descent,0.3,0.7,6707,0.315503,0.353026,-0.00461494,1
6,Gradient Descent,0.3,0.7,6708,0.31551,0.353018,-0.00461495,1
6,Gradient Descent,0.3,0.7,6709,0.315517,0.353009,-0.00461496,1
6,Gradient Descent,0.3,0.7,6710,0.315524,0.353001,-0.00461497,1
6,Gradient Descent,0.3,0.7,6711,0.315531,0.352992,-0.00461498,1
6,Gradient Descent,0.3,0.7,6712,0.315538,0.352984,-0.004615,1
6,Gradient Descent,0.3,0.7,6713,0.315545,0.352975,-0.00461501,1
6,Gradient Descent,0.3,0.7,6714,0.315552,0.352967,-0.00461502,1
6,Gradient Descent,0.3,0.7,6715,0.315559,0.352958,-0.00461503,1
6,Gradient Descent,0.3,0.7,6716,0.315566,0.35295,-0.00461505,1
6,Gradient Descent,0.3,0.7,6717,0.315573,0.352941,-0.00461506,1
6,Gradient Descent,0.3,0.7,6718,0.31558,0.352933,-0.00461507,1
6,Gradient Descent,0.3,0.7,6719,0.315587,0.352924,-0.00461508,1
6,Gradient Descent,0.3,0.7,6720,0.315594,0.352916,-0.00461509,1
6,Gradient Descent,0.3,0.7,6721,0.315601,0.352907,-0.00461511,1
6,Gradient Descent,0.3,0.7,6722,0.315608,0.352899,-0.00461512,1
6,Gradient Descent,0.3,0.7,6723,0.315615,0.35289,-0.00461513,1
6,Gradient Descent,0.3,0.7,6724,0.315622,0.352882,-0.00461514,1
6,Gradient Descent,0.3,0.7,6725,0.315629,0.352874,-0.00461515,1
6,Gradient Descent,0.3,0.7,6726,0.315636,0.352865,-0.00461517,1
6,Gradient Descent,0.3,0.7,6727,0.315643,0.352857,-0.00461518,1
6,Gradient Descent,0.3,0.7,6728,0.31565,0.352848,-0.00461519,1
6,Gradient Descent,0.3,0.7,6729,0.315657,0.35284,-0.0046152,1
6,Gradient Descent,0.3,0.7,6730,0.315664,0.352831,-0.00461521,1
6,Gradient Descent,0.3,0.7,6731,0.315671,0.352823,-0.00461523,1
6,Gradient Descent,0.3,0.7,6732,0.315678,0.352815,-0.00461524,1
6,Gradient Descent,0.3,0.7,6733,0.315685,0.352806,-0.00461525,1
6,Gradient Descent,0.3,0.7,6734,0.315692,0.352798,-0.00461526,1
6,Gradient Descent,0.3,0.7,6735,0.315699,0.352789,-0.00461527,1
6,Gradient Descent,0.3,0.7,6736,0.315706,0.352781,-0.00461529,1
6,Gradient Descent,0.3,0.7,6737,0.315713,0.352773,-0.0046153,1
6,Gradient Descent,0.3,0.7,6738,0.31572,0.352764,-0.00461531,1
6,Gradient Descent,0.3,0.7,6739,0.315727,0.352756,-0.00461532,1
6,Gradient Descent,0.3,0.7,6740,0.315734,0.352747,-0.00461533,1
6,Gradient Descent,0.3,0.7,6741,0.315741,0.352739,-0.00461535,1
6,Gradient Descent,0.3,0.7,6742,0.315748,0.352731,-0.00461536,1
6,Gradient Descent,0.3,0.7,6743,0.315755,0.352722,-0.00461537,1
6,Gradient Descent,0.3,0.7,6744,0.315761,0.352714,-0.00461538,1
6,Gradient Descent,0.3,0.7,6745,0.315768,0.352706,-0.00461539,1
6,Gradient Descent,0.3,0.7,6746,0.315775,0.352697,-0.0046154,1
6,Gradient Descent,0.3,0.7,6747,0.315782,0.352689,-0.00461542,1
6,Gradient Descent,0.3,0.7,6748,0.315789,0.352681,-0.00461543,1
6,Gradient Descent,0.3,0.7,6749,0.315796,0.352672,-0.00461544,1
6,Gradient Descent,0.3,0.7,6750,0.315803,0.352664,-0.00461545,1
6,Gradient Descent,0.3,0.7,6751,0.31581,0.352656,-0.00461546,1
6,Gradient Descent,0.3,0.7,6752,0.315817,0.352647,-0.00461547,1
6,Gradient Descent,0.3,0.7,6753,0.315824,0.352639,-0.00461549,1
6,Gradient Descent,0.3,0.7,6754,0.315831,0.352631,-0.0046155,1
6,Gradient Descent,0.3,0.7,6755,0.315838,0.352622,-0.00461551,1
6,Gradient Descent,0.3,0.7,6756,0.315845,0.352614,-0.00461552,1
6,Gradient Descent,0.3,0.7,6757,0.315852,0.352606,-0.00461553,1
6,Gradient Descent,0.3,0.7,6758,0.315859,0.352597,-0.00461555,1
6,Gradient Descent,0.3,0.7,6759,0.315865,0.352589,-0.00461556,1
6,Gradient Descent,0.3,0.7,6760,0.315872,0.352581,-0.00461557,1
6,Gradient Descent,0.3,0.7,6761,0.315879,0.352572,-0.00461558,1
6,Gradient Descent,0.3,0.7,6762,0.315886,0.352564,-0.00461559,1
6,Gradient Descent,0.3,0.7,6763,0.315893,0.352556,-0.0046156,1
6,Gradient Descent,0.3,0.7,6764,0.3159,0.352547,-0.00461562,1
6,Gradient Descent,0.3,0.7,6765,0.315907,0.352539,-0.00461563,1
6,Gradient Descent,0.3,0.7,6766,0.315914,0.352531,-0.00461564,1
6,Gradient Descent,0.3,0.7,6767,0.315921,0.352523,-0.00461565,1
6,Gradient Descent,0.3,0.7,6768,0.315928,0.352514,-0.00461566,1
6,Gradient Descent,0.3,0.7,6769,0.315934,0.352506,-0.00461567,1
6,Gradient Descent,0.3,0.7,6770,0.315941,0.352498,-0.00461568,1
6,Gradient Descent,0.3,0.7,6771,0.315948,0.352489,-0.0046157,1
6,Gradient Descent,0.3,0.7,6772,0.315955,0.352481,-0.00461571,1
6,Gradient Descent,0.3,0.7,6773,0.315962,0.352473,-0.00461572,1
6,Gradient Descent,0.3,0.7,6774,0.315969,0.352465,-0.00461573,1
6,Gradient Descent,0.3,0.7,6775,0.315976,0.352456,-0.00461574,1
6,Gradient Descent,0.3,0.7,6776,0.315983,0.352448,-0.00461575,1
6,Gradient Descent,0.3,0.7,6777,0.315989,0.35244,-0.00461577,1
6,Gradient Descent,0.3,0.7,6778,0.315996,0.352432,-0.00461578,1
6,Gradient Descent,0.3,0.7,6779,0.316003,0.352423,-0.00461579,1
6,Gradient Descent,0.3,0.7,6780,0.31601,0.352415,-0.0046158,1
6,Gradient Descent,0.3,0.7,6781,0.316017,0.352407,-0.00461581,1
6,Gradient Descent,0.3,0.7,6782,0.316024,0.352399,-0.00461582,1
6,Gradient Descent,0.3,0.7,6783,0.316031,0.352391,-0.00461583,1
6,Gradient Descent,0.3,0.7,6784,0.316037,0.352382,-0.00461585,1
6,Gradient Descent,0.3,0.7,6785,0.316044,0.352374,-0.00461586,1
6,Gradient Descent,0.3,0.7,6786,0.316051,0.352366,-0.00461587,1
6,Gradient Descent,0.3,0.7,6787,0.316058,0.352358,-0.00461588,1
6,Gradient Descent,0.3,0.7,6788,0.316065,0.352349,-0.00461589,1
6,Gradient Descent,0.3,0.7,6789,0.316072,0.352341,-0.0046159,1
6,Gradient Descent,0.3,0.7,6790,0.316078,0.352333,-0.00461591,1
6,Gradient Descent,0.3,0.7,6791,0.316085,0.352325,-0.00461593,1
6,Gradient Descent,0.3,0.7,6792,0.316092,0.352317,-0.00461594,1
6,Gradient Descent,0.3,0.7,6793,0.316099,0.352308,-0.00461595,1
6,Gradient Descent,0.3,0.7,6794,0.316106,0.3523,-0.00461596,1
6,Gradient Descent,0.3,0.7,6795,0.316113,0.352292,-0.00461597,1
6,Gradient Descent,0.3,0.7,6796,0.316119,0.352284,-0.00461598,1
6,Gradient Descent,0.3,0.7,6797,0.316126,0.352276,-0.00461599,1
6,Gradient Descent,0.3,0.7,6798,0.316133,0.352268,-0.00461601,1
6,Gradient Descent,0.3,0.7,6799,0.31614,0.352259,-0.00461602,1
6,Gradient Descent,0.3,0.7,6800,0.316147,0.352251,-0.00461603,1
6,Gradient Descent,0.3,0.7,6801,0.316153,0.352243,-0.00461604,1
6,Gradient Descent,0.3,0.7,6802,0.31616,0.352235,-0.00461605,1
6,Gradient Descent,0.3,0.7,6803,0.316167,0.352227,-0.00461606,1
6,Gradient Descent,0.3,0.7,6804,0.316174,0.352219,-0.00461607,1
6,Gradient Descent,0.3,0.7,6805,0.316181,0.35221,-0.00461608,1
6,Gradient Descent,0.3,0.7,6806,0.316187,0.352202,-0.0046161,1
6,Gradient Descent,0.3,0.7,6807,0.316194,0.352194,-0.00461611,1
6,Gradient Descent,0.3,0.7,6808,0.316201,0.352186,-0.00461612,1
6,Gradient Descent,0.3,0.7,6809,0.316208,0.352178,-0.00461613,1
6,Gradient Descent,0.3,0.7,6810,0.316215,0.35217,-0.00461614,1
6,Gradient Descent,0.3,0.7,6811,0.316221,0.352162,-0.00461615,1
6,Gradient Descent,0.3,0.7,6812,0.316228,0.352154,-0.00461616,1
6,Gradient Descent,0.3,0.7,6813,0.316235,0.352145,-0.00461617,1
6,Gradient Descent,0.3,0.7,6814,0.316242,0.352137,-0.00461618,1
6,Gradient Descent,0.3,0.7,6815,0.316248,0.352129,-0.0046162,1
6,Gradient Descent,0.3,0.7,6816,0.316255,0.352121,-0.00461621,1
6,Gradient Descent,0.3,0.7,6817,0.316262,0.352113,-0.00461622,1
6,Gradient Descent,0.3,0.7,6818,0.316269,0.352105,-0.00461623,1
6,Gradient Descent,0.3,0.7,6819,0.316276,0.352097,-0.00461624,1
6,Gradient Descent,0.3,0.7,6820,0.316282,0.352089,-0.00461625,1
6,Gradient Descent,0.3,0.7,6821,0.316289,0.352081,-0.00461626,1
6,Gradient Descent,0.3,0.7,6822,0.316296,0.352073,-0.00461627,1
6,Gradient Descent,0.3,0.7,6823,0.316303,0.352064,-0.00461629,1
6,Gradient Descent,0.3,0.7,6824,0.316309,0.352056,-0.0046163,1
6,Gradient Descent,0.3,0.7,6825,0.316316,0.352048,-0.00461631,1
6,Gradient Descent,0.3,0.7,6826,0.316323,0.35204,-0.00461632,1
6,Gradient Descent,0.3,0.7,6827,0.31633,0.352032,-0.00461633,1
6,Gradient Descent,0.3,0.7,6828,0.316336,0.352024,-0.00461634,1
6,Gradient Descent,0.3,0.7,6829,0.316343,0.352016,-0.00461635,1
6,Gradient Descent,0.3,0.7,6830,0.31635,0.352008,-0.00461636,1
6,Gradient Descent,0.3,0.7,6831,0.316356,0.352,-0.00461637,1
6,Gradient Descent,0.3,0.7,6832,0.316363,0.351992,-0.00461638,1
6,Gradient Descent,0.3,0.7,6833,0.31637,0.351984,-0.0046164,1
6,Gradient Descent,0.3,0.7,6834,0.316377,0.351976,-0.00461641,1
6,Gradient Descent,0.3,0.7,6835,0.316383,0.351968,-0.00461642,1
6,Gradient Descent,0.3,0.7,6836,0.31639,0.35196,-0.00461643,1
6,Gradient Descent,0.3,0.7,6837,0.316397,0.351952,-0.00461644,1
6,Gradient Descent,0.3,0.7,6838,0.316403,0.351944,-0.00461645,1
6,Gradient Descent,0.3,0.7,6839,0.31641,0.351936,-0.00461646,1
6,Gradient Descent,0.3,0.7,6840,0.316417,0.351928,-0.00461647,1
6,Gradient Descent,0.3,0.7,6841,0.316424,0.35192,-0.00461648,1
6,Gradient Descent,0.3,0.7,6842,0.31643,0.351912,-0.00461649,1
6,Gradient Descent,0.3,0.7,6843,0.316437,0.351904,-0.0046165,1
6,Gradient Descent,0.3,0.7,6844,0.316444,0.351896,-0.00461652,1
6,Gradient Descent,0.3,0.7,6845,0.31645,0.351888,-0.00461653,1
6,Gradient Descent,0.3,0.7,6846,0.316457,0.35188,-0.00461654,1
6,Gradient Descent,0.3,0.7,6847,0.316464,0.351872,-0.00461655,1
6,Gradient Descent,0.3,0.7,6848,0.31647,0.351864,-0.00461656,1
6,Gradient Descent,0.3,0.7,6849,0.316477,0.351856,-0.00461657,1
6,Gradient Descent,0.3,0.7,6850,0.316484,0.351848,-0.00461658,1
6,Gradient Descent,0.3,0.7,6851,0.316491,0.35184,-0.00461659,1
6,Gradient Descent,0.3,0.7,6852,0.316497,0.351832,-0.0046166,1
6,Gradient Descent,0.3,0.7,6853,0.316504,0.351824,-0.00461661,1
6,Gradient Descent,0.3,0.7,6854,0.316511,0.351816,-0.00461662,1
6,Gradient Descent,0.3,0.7,6855,0.316517,0.351808,-0.00461663,1
6,Gradient Descent,0.3,0.7,6856,0.316524,0.3518,-0.00461665,1
6,Gradient Descent,0.3,0.7,6857,0.316531,0.351792,-0.00461666,1
6,Gradient Descent,0.3,0.7,6858,0.316537,0.351784,-0.00461667,1
6,Gradient Descent,0.3,0.7,6859,0.316544,0.351776,-0.00461668,1
6,Gradient Descent,0.3,0.7,6860,0.316551,0.351768,-0.00461669,1
6,Gradient Descent,0.3,0.7,6861,0.316557,0.35176,-0.0046167,1
6,Gradient Descent,0.3,0.7,6862,0.316564,0.351752,-0.00461671,1
6,Gradient Descent,0.3,0.7,6863,0.31657,0.351744,-0.00461672,1
6,Gradient Descent,0.3,0.7,6864,0.316577,0.351736,-0.00461673,1
6,Gradient Descent,0.3,0.7,6865,0.316584,0.351728,-0.00461674,1
6,Gradient Descent,0.3,0.7,6866,0.31659,0.35172,-0.00461675,1
6,Gradient Descent,0.3,0.7,6867,0.316597,0.351712,-0.00461676,1
6,Gradient Descent,0.3,0.7,6868,0.316604,0.351704,-0.00461677,1
6,Gradient Descent,0.3,0.7,6869,0.31661,0.351697,-0.00461679,1
6,Gradient Descent,0.3,0.7,6870,0.316617,0.351689,-0.0046168,1
6,Gradient Descent,0.3,0.7,6871,0.316624,0.351681,-0.00461681,1
6,Gradient Descent,0.3,0.7,6872,0.31663,0.351673,-0.00461682,1
6,Gradient Descent,0.3,0.7,6873,0.316637,0.351665,-0.00461683,1
6,Gradient Descent,0.3,0.7,6874,0.316643,0.351657,-0.00461684,1
6,Gradient Descent,0.3,0.7,6875,0.31665,0.351649,-0.00461685,1
6,Gradient Descent,0.3,0.7,6876,0.316657,0.351641,-0.00461686,1
6,Gradient Descent,0.3,0.7,6877,0.316663,0.351633,-0.00461687,1
6,Gradient Descent,0.3,0.7,6878,0.31667,0.351625,-0.00461688,1
6,Gradient Descent,0.3,0.7,6879,0.316676,0.351618,-0.00461689,1
6,Gradient Descent,0.3,0.7,6880,0.316683,0.35161,-0.0046169,1
6,Gradient Descent,0.3,0.7,6881,0.31669,0.351602,-0.00461691,1
6,Gradient Descent,0.3,0.7,6882,0.316696,0.351594,-0.00461692,1
6,Gradient Descent,0.3,0.7,6883,0.316703,0.351586,-0.00461693,1
6,Gradient Descent,0.3,0.7,6884,0.316709,0.351578,-0.00461694,1
6,Gradient Descent,0.3,0.7,6885,0.316716,0.35157,-0.00461695,1
6,Gradient Descent,0.3,0.7,6886,0.316723,0.351562,-0.00461697,1
6,Gradient Descent,0.3,0.7,6887,0.316729,0.351555,-0.00461698,1
6,Gradient Descent,0.3,0.7,6888,0.316736,0.351547,-0.00461699,1
6,Gradient Descent,0.3,0.7,6889,0.316742,0.351539,-0.004617,1
6,Gradient Descent,0.3,0.7,6890,0.316749,0.351531,-0.00461701,1
6,Gradient Descent,0.3,0.7,6891,0.316756,0.351523,-0.00461702,1
6,Gradient Descent,0.3,0.7,6892,0.316762,0.351515,-0.00461703,1
6,Gradient Descent,0.3,0.7,6893,0.316769,0.351507,-0.00461704,1
6,Gradient Descent,0.3,0.7,6894,0.316775,0.3515,-0.00461705,1
6,Gradient Descent,0.3,0.7,6895,0.316782,0.351492,-0.00461706,1
6,Gradient Descent,0.3,0.7,6896,0.316788,0.351484,-0.00461707,1
6,Gradient Descent,0.3,0.7,6897,0.316795,0.351476,-0.00461708,1
6,Gradient Descent,0.3,0.7,6898,0.316802,0.351468,-0.00461709,1
6,Gradient Descent,0.3,0.7,6899,0.316808,0.351461,-0.0046171,1
6,Gradient Descent,0.3,0.7,6900,0.316815,0.351453,-0.00461711,1
6,Gradient Descent,0.3,0.7,6901,0.316821,0.351445,-0.00461712,1
6,Gradient Descent,0.3,0.7,6902,0.316828,0.351437,-0.00461713,1
6,Gradient Descent,0.3,0.7,6903,0.316834,0.351429,-0.00461714,1
6,Gradient Descent,0.3,0.7,6904,0.316841,0.351422,-0.00461715,1
6,Gradient Descent,0.3,0.7,6905,0.316847,0.351414,-0.00461716,1
6,Gradient Descent,0.3,0.7,6906,0.316854,0.351406,-0.00461717,1
6,Gradient Descent,0.3,0.7,6907,0.316861,0.351398,-0.00461718,1
6,Gradient Descent,0.3,0.7,6908,0.316867,0.35139,-0.00461719,1
6,Gradient Descent,0.3,0.7,6909,0.316874,0.351383,-0.0046172,1
6,Gradient Descent,0.3,0.7,6910,0.31688,0.351375,-0.00461722,1
6,Gradient Descent,0.3,0.7,6911,0.316887,0.351367,-0.00461723,1
6,Gradient Descent,0.3,0.7,6912,0.316893,0.351359,-0.00461724,1
6,Gradient Descent,0.3,0.7,6913,0.3169,0.351351,-0.00461725,1
6,Gradient Descent,0.3,0.7,6914,0.316906,0.351344,-0.00461726,1
6,Gradient Descent,0.3,0.7,6915,0.316913,0.351336,-0.00461727,1
6,Gradient Descent,0.3,0.7,6916,0.316919,0.351328,-0.00461728,1
6,Gradient Descent,0.3,0.7,6917,0.316926,0.35132,-0.00461729,1
6,Gradient Descent,0.3,0.7,6918,0.316932,0.351313,-0.0046173,1
6,Gradient Descent,0.3,0.7,6919,0.316939,0.351305,-0.00461731,1
6,Gradient Descent,0.3,0.7,6920,0.316945,0.351297,-0.00461732,1
6,Gradient Descent,0.3,0.7,6921,0.316952,0.351289,-0.00461733,1
6,Gradient Descent,0.3,0.7,6922,0.316958,0.351282,-0.00461734,1
6,Gradient Descent,0.3,0.7,6923,0.316965,0.351274,-0.00461735,1
6,Gradient Descent,0.3,0.7,6924,0.316971,0.351266,-0.00461736,1
6,Gradient Descent,0.3,0.7,6925,0.316978,0.351259,-0.00461737,1
6,Gradient Descent,0.3,0.7,6926,0.316984,0.351251,-0.00461738,1
6,Gradient Descent,0.3,0.7,6927,0.316991,0.351243,-0.00461739,1
6,Gradient Descent,0.3,0.7,6928,0.316997,0.351235,-0.0046174,1
6,Gradient Descent,0.3,0.7,6929,0.317004,0.351228,-0.00461741,1
6,Gradient Descent,0.3,0.7,6930,0.31701,0.35122,-0.00461742,1
6,Gradient Descent,0.3,0.7,6931,0.317017,0.351212,-0.00461743,1
6,Gradient Descent,0.3,0.7,6932,0.317023,0.351205,-0.00461744,1
6,Gradient Descent,0.3,0.7,6933,0.31703,0.351197,-0.00461745,1
6,Gradient Descent,0.3,0.7,6934,0.317036,0.351189,-0.00461746,1
6,Gradient Descent,0.3,0.7,6935,0.317043,0.351181,-0.00461747,1
6,Gradient Descent,0.3,0.7,6936,0.317049,0.351174,-0.00461748,1
6,Gradient Descent,0.3,0.7,6937,0.317056,0.351166,-0.00461749,1
6,Gradient Descent,0.3,0.7,6938,0.317062,0.351158,-0.0046175,1
6,Gradient Descent,0.3,0.7,6939,0.317068,0.351151,-0.00461751,1
6,Gradient Descent,0.3,0.7,6940,0.317075,0.351143,-0.00461752,1
6,Gradient Descent,0.3,0.7,6941,0.317081,0.351135,-0.00461753,1
6,Gradient Descent,0.3,0.7,6942,0.317088,0.351128,-0.00461754,1
6,Gradient Descent,0.3,0.7,6943,0.317094,0.35112,-0.00461755,1
6,Gradient Descent,0.3,0.7,6944,0.317101,0.351112,-0.00461756,1
6,Gradient Descent,0.3,0.7,6945,0.317107,0.351105,-0.00461757,1
6,Gradient Descent,0.3,0.7,6946,0.317114,0.351097,-0.00461758,1
6,Gradient Descent,0.3,0.7,6947,0.31712,0.351089,-0.00461759,1
6,Gradient Descent,0.3,0.7,6948,0.317126,0.351082,-0.0046176,1
6,Gradient Descent,0.3,0.7,6949,0.317133,0.351074,-0.00461761,1
6,Gradient Descent,0.3,0.7,6950,0.317139,0.351066,-0.00461762,1
6,Gradient Descent,0.3,0.7,6951,0.317146,0.351059,-0.00461763,1
6,Gradient Descent,0.3,0.7,6952,0.317152,0.351051,-0.00461764,1
6,Gradient Descent,0.3,0.7,6953,0.317159,0.351044,-0.00461765,1
6,Gradient Descent,0.3,0.7,6954,0.317165,0.351036,-0.00461766,1
6,Gradient Descent,0.3,0.7,6955,0.317171,0.351028,-0.00461767,1
6,Gradient Descent,0.3,0.7,6956,0.317178,0.351021,-0.00461768,1
6,Gradient Descent,0.3,0.7,6957,0.317184,0.351013,-0.00461769,1
6,Gradient Descent,0.3,0.7,6958,0.317191,0.351005,-0.0046177,1
6,Gradient Descent,0.3,0.7,6959,0.317197,0.350998,-0.00461771,1
6,Gradient Descent,0.3,0.7,6960,0.317204,0.35099,-0.00461772,1
6,Gradient Descent,0.3,0.7,6961,0.31721,0.350983,-0.00461773,1
6,Gradient Descent,0.3,0.7,6962,0.317216,0.350975,-0.00461774,1
6,Gradient Descent,0.3,0.7,6963,0.317223,0.350967,-0.00461775,1
6,Gradient Descent,0.3,0.7,6964,0.317229,0.35096,-0.00461776,1
6,Gradient Descent,0.3,0.7,6965,0.317236,0.350952,-0.00461777,1
6,Gradient Descent,0.3,0.7,6966,0.317242,0.350945,-0.00461778,1
6,Gradient Descent,0.3,0.7,6967,0.317248,0.350937,-0.00461779,1
6,Gradient Descent,0.3,0.7,6968,0.317255,0.350929,-0.0046178,1
6,Gradient Descent,0.3,0.7,6969,0.317261,0.350922,-0.00461781,1
6,Gradient Descent,0.3,0.7,6970,0.317268,0.350914,-0.00461782,1
6,Gradient Descent,0.3,0.7,6971,0.317274,0.350907,-0.00461783,1
6,Gradient Descent,0.3,0.7,6972,0.31728,0.350899,-0.00461784,1
6,Gradient Descent,0.3,0.7,6973,0.317287,0.350892,-0.00461785,1
6,Gradient Descent,0.3,0.7,6974,0.317293,0.350884,-0.00461786,1
6,Gradient Descent,0.3,0.7,6975,0.317299,0.350876,-0.00461787,1
6,Gradient Descent,0.3,0.7,6976,0.317306,0.350869,-0.00461788,1
6,Gradient Descent,0.3,0.7,6977,0.317312,0.350861,-0.00461789,1
6,Gradient Descent,0.3,0.7,6978,0.317319,0.350854,-0.0046179,1
6,Gradient Descent,0.3,0.7,6979,0.317325,0.350846,-0.00461791,1
6,Gradient Descent,0.3,0.7,6980,0.317331,0.350839,-0.00461792,1
6,Gradient Descent,0.3,0.7,6981,0.317338,0.350831,-0.00461793,1
6,Gradient Descent,0.3,0.7,6982,0.317344,0.350824,-0.00461794,1
6,Gradient Descent,0.3,0.7,6983,0.31735,0.350816,-0.00461795,1
6,Gradient Descent,0.3,0.7,6984,0.317357,0.350809,-0.00461796,1
6,Gradient Descent,0.3,0.7,6985,0.317363,0.350801,-0.00461796,1
6,Gradient Descent,0.3,0.7,6986,0.317369,0.350793,-0.00461797,1
6,Gradient Descent,0.3,0.7,6987,0.317376,0.350786,-0.00461798,1
6,Gradient Descent,0.3,0.7,6988,0.317382,0.350778,-0.00461799,1
6,Gradient Descent,0.3,0.7,6989,0.317388,0.350771,-0.004618,1
6,Gradient Descent,0.3,0.7,6990,0.317395,0.350763,-0.00461801,1
6,Gradient Descent,0.3,0.7,6991,0.317401,0.350756,-0.00461802,1
6,Gradient Descent,0.3,0.7,6992,0.317407,0.350748,-0.00461803,1
6,Gradient Descent,0.3,0.7,6993,0.317414,0.350741,-0.00461804,1
6,Gradient Descent,0.3,0.7,6994,0.31742,0.350733,-0.00461805,1
6,Gradient Descent,0.3,0.7,6995,0.317426,0.350726,-0.00461806,1
6,Gradient Descent,0.3,0.7,6996,0.317433,0.350718,-0.00461807,1
6,Gradient Descent,0.3,0.7,6997,0.317439,0.350711,-0.00461808,1
6,Gradient Descent,0.3,0.7,6998,0.317445,0.350703,-0.00461809,1
6,Gradient Descent,0.3,0.7,6999,0.317452,0.350696,-0.0046181,1
6,Gradient Descent,0.3,0.7,7000,0.317458,0.350688,-0.00461811,1
6,Gradient Descent,0.3,0.7,7001,0.317464,0.350681,-0.00461812,1
6,Gradient Descent,0.3,0.7,7002,0.317471,0.350674,-0.00461813,1
6,Gradient Descent,0.3,0.7,7003,0.317477,0.350666,-0.00461814,1
6,Gradient Descent,0.3,0.7,7004,0.317483,0.350659,-0.00461815,1
6,Gradient Descent,0.3,0.7,7005,0.317489,0.350651,-0.00461816,1
6,Gradient Descent,0.3,0.7,7006,0.317496,0.350644,-0.00461817,1
6,Gradient Descent,0.3,0.7,7007,0.317502,0.350636,-0.00461818,1
6,Gradient Descent,0.3,0.7,7008,0.317508,0.350629,-0.00461819,1
6,Gradient Descent,0.3,0.7,7009,0.317515,0.350621,-0.0046182,1
6,Gradient Descent,0.3,0.7,7010,0.317521,0.350614,-0.0046182,1
6,Gradient Descent,0.3,0.7,7011,0.317527,0.350606,-0.00461821,1
6,Gradient Descent,0.3,0.7,7012,0.317534,0.350599,-0.00461822,1
6,Gradient Descent,0.3,0.7,7013,0.31754,0.350592,-0.00461823,1
6,Gradient Descent,0.3,0.7,7014,0.317546,0.350584,-0.00461824,1
6,Gradient Descent,0.3,0.7,7015,0.317552,0.350577,-0.00461825,1
6,Gradient Descent,0.3,0.7,7016,0.317559,0.350569,-0.00461826,1
6,Gradient Descent,0.3,0.7,7017,0.317565,0.350562,-0.00461827,1
6,Gradient Descent,0.3,0.7,7018,0.317571,0.350554,-0.00461828,1
6,Gradient Descent,0.3,0.7,7019,0.317577,0.350547,-0.00461829,1
6,Gradient Descent,0.3,0.7,7020,0.317584,0.35054,-0.0046183,1
6,Gradient Descent,0.3,0.7,7021,0.31759,0.350532,-0.00461831,1
6,Gradient Descent,0.3,0.7,7022,0.317596,0.350525,-0.00461832,1
6,Gradient Descent,0.3,0.7,7023,0.317602,0.350517,-0.00461833,1
6,Gradient Descent,0.3,0.7,7024,0.317609,0.35051,-0.00461834,1
6,Gradient Descent,0.3,0.7,7025,0.317615,0.350503,-0.00461835,1
6,Gradient Descent,0.3,0.7,7026,0.317621,0.350495,-0.00461836,1
6,Gradient Descent,0.3,0.7,7027,0.317627,0.350488,-0.00461836,1
6,Gradient Descent,0.3,0.7,7028,0.317634,0.35048,-0.00461837,1
6,Gradient Descent,0.3,0.7,7029,0.31764,0.350473,-0.00461838,1
6,Gradient Descent,0.3,0.7,7030,0.317646,0.350466,-0.00461839,1
6,Gradient Descent,0.3,0.7,7031,0.317652,0.350458,-0.0046184,1
6,Gradient Descent,0.3,0.7,7032,0.317659,0.350451,-0.00461841,1
6,Gradient Descent,0.3,0.7,7033,0.317665,0.350444,-0.00461842,1
6,Gradient Descent,0.3,0.7,7034,0.317671,0.350436,-0.00461843,1
6,Gradient Descent,0.3,0.7,7035,0.317677,0.350429,-0.00461844,1
6,Gradient Descent,0.3,0.7,7036,0.317684,0.350421,-0.00461845,1
6,Gradient Descent,0.3,0.7,7037,0.31769,0.350414,-0.00461846,1
6,Gradient Descent,0.3,0.7,7038,0.317696,0.350407,-0.00461847,1
6,Gradient Descent,0.3,0.7,7039,0.317702,0.350399,-0.00461848,1
6,Gradient Descent,0.3,0.7,7040,0.317709,0.350392,-0.00461849,1
6,Gradient Descent,0.3,0.7,7041,0.317715,0.350385,-0.0046185,1
6,Gradient Descent,0.3,0.7,7042,0.317721,0.350377,-0.0046185,1
6,Gradient Descent,0.3,0.7,7043,0.317727,0.35037,-0.00461851,1
6,Gradient Descent,0.3,0.7,7044,0.317733,0.350363,-0.00461852,1
6,Gradient Descent,0.3,0.7,7045,0.31774,0.350355,-0.00461853,1
6,Gradient Descent,0.3,0.7,7046,0.317746,0.350348,-0.00461854,1
6,Gradient Descent,0.3,0.7,7047,0.317752,0.350341,-0.00461855,1
6,Gradient Descent,0.3,0.7,7048,0.317758,0.350333,-0.00461856,1
6,Gradient Descent,0.3,0.7,7049,0.317764,0.350326,-0.00461857,1
6,Gradient Descent,0.3,0.7,7050,0.317771,0.350319,-0.00461858,1
6,Gradient Descent,0.3,0.7,7051,0.317777,0.350311,-0.00461859,1
6,Gradient Descent,0.3,0.7,7052,0.317783,0.350304,-0.0046186,1
6,Gradient Descent,0.3,0.7,7053,0.317789,0.350297,-0.00461861,1
6,Gradient Descent,0.3,0.7,7054,0.317795,0.35029,-0.00461861,1
6,Gradient Descent,0.3,0.7,7055,0.317801,0.350282,-0.00461862,1
6,Gradient Descent,0.3,0.7,7056,0.317808,0.350275,-0.00461863,1
6,Gradient Descent,0.3,0.7,7057,0.317814,0.350268,-0.00461864,1
6,Gradient Descent,0.3,0.7,7058,0.31782,0.35026,-0.00461865,1
6,Gradient Descent,0.3,0.7,7059,0.317826,0.350253,-0.00461866,1
6,Gradient Descent,0.3,0.7,7060,0.317832,0.350246,-0.00461867,1
6,Gradient Descent,0.3,0.7,7061,0.317839,0.350239,-0.00461868,1
6,Gradient Descent,0.3,0.7,7062,0.317845,0.350231,-0.00461869,1
6,Gradient Descent,0.3,0.7,7063,0.317851,0.350224,-0.0046187,1
6,Gradient Descent,0.3,0.7,7064,0.317857,0.350217,-0.00461871,1
6,Gradient Descent,0.3,0.7,7065,0.317863,0.350209,-0.00461871,1
6,Gradient Descent,0.3,0.7,7066,0.317869,0.350202,-0.00461872,1
6,Gradient Descent,0.3,0.7,7067,0.317876,0.350195,-0.00461873,1
6,Gradient Descent,0.3,0.7,7068,0.317882,0.350188,-0.00461874,1
6,Gradient Descent,0.3,0.7,7069,0.317888,0.35018,-0.00461875,1
6,Gradient Descent,0.3,0.7,7070,0.317894,0.350173,-0.00461876,1
6,Gradient Descent,0.3,0.7,7071,0.3179,0.350166,-0.00461877,1
6,Gradient Descent,0.3,0.7,7072,0.317906,0.350159,-0.00461878,1
6,Gradient Descent,0.3,0.7,7073,0.317912,0.350151,-0.00461879,1
6,Gradient Descent,0.3,0.7,7074,0.317919,0.350144,-0.0046188,1
6,Gradient Descent,0.3,0.7,7075,0.317925,0.350137,-0.00461881,1
6,Gradient Descent,0.3,0.7,7076,0.317931,0.35013,-0.00461881,1
6,Gradient Descent,0.3,0.7,7077,0.317937,0.350122,-0.00461882,1
6,Gradient Descent,0.3,0.7,7078,0.317943,0.350115,-0.00461883,1
6,Gradient Descent,0.3,0.7,7079,0.317949,0.350108,-0.00461884,1
6,Gradient Descent,0.3,0.7,7080,0.317955,0.350101,-0.00461885,1
6,Gradient Descent,0.3,0.7,7081,0.317961,0.350094,-0.00461886,1
6,Gradient Descent,0.3,0.7,7082,0.317968,0.350086,-0.00461887,1
6,Gradient Descent,0.3,0.7,7083,0.317974,0.350079,-0.00461888,1
6,Gradient Descent,0.3,0.7,7084,0.31798,0.350072,-0.00461889,1
6,Gradient Descent,0.3,0.7,7085,0.317986,0.350065,-0.00461889,1
6,Gradient Descent,0.3,0.7,7086,0.317992,0.350058,-0.0046189,1
6,Gradient Descent,0.3,0.7,7087,0.317998,0.35005,-0.00461891,1
6,Gradient Descent,0.3,0.7,7088,0.318004,0.350043,-0.00461892,1
6,Gradient Descent,0.3,0.7,7089,0.31801,0.350036,-0.00461893,1
6,Gradient Descent,0.3,0.7,7090,0.318016,0.350029,-0.00461894,1
6,Gradient Descent,0.3,0.7,7091,0.318023,0.350022,-0.00461895,1
6,Gradient Descent,0.3,0.7,7092,0.318029,0.350014,-0.00461896,1
6,Gradient Descent,0.3,0.7,7093,0.318035,0.350007,-0.00461897,1
6,Gradient Descent,0.3,0.7,7094,0.318041,0.35,-0.00461897,1
6,Gradient Descent,0.3,0.7,7095,0.318047,0.349993,-0.00461898,1
6,Gradient Descent,0.3,0.7,7096,0.318053,0.349986,-0.00461899,1
6,Gradient Descent,0.3,0.7,7097,0.318059,0.349979,-0.004619,1
6,Gradient Descent,0.3,0.7,7098,0.318065,0.349971,-0.00461901,1
6,Gradient Descent,0.3,0.7,7099,0.318071,0.349964,-0.00461902,1
6,Gradient Descent,0.3,0.7,7100,0.318077,0.349957,-0.00461903,1
6,Gradient Descent,0.3,0.7,7101,0.318083,0.34995,-0.00461904,1
6,Gradient Descent,0.3,0.7,7102,0.318089,0.349943,-0.00461905,1
6,Gradient Descent,0.3,0.7,7103,0.318096,0.349936,-0.00461905,1
6,Gradient Descent,0.3,0.7,7104,0.318102,0.349928,-0.00461906,1
6,Gradient Descent,0.3,0.7,7105,0.318108,0.349921,-0.00461907,1
6,Gradient Descent,0.3,0.7,7106,0.318114,0.349914,-0.00461908,1
6,Gradient Descent,0.3,0.7,7107,0.31812,0.349907,-0.00461909,1
6,Gradient Descent,0.3,0.7,7108,0.318126,0.3499,-0.0046191,1
6,Gradient Descent,0.3,0.7,7109,0.318132,0.349893,-0.00461911,1
6,Gradient Descent,0.3,0.7,7110,0.318138,0.349886,-0.00461912,1
6,Gradient Descent,0.3,0.7,7111,0.318144,0.349879,-0.00461912,1
6,Gradient Descent,0.3,0.7,7112,0.31815,0.349871,-0.00461913,1
6,Gradient Descent,0.3,0.7,7113,0.318156,0.349864,-0.00461914,1
6,Gradient Descent,0.3,0.7,7114,0.318162,0.349857,-0.00461915,1
6,Gradient Descent,0.3,0.7,7115,0.318168,0.34985,-0.00461916,1
6,Gradient Descent,0.3,0.7,7116,0.318174,0.349843,-0.00461917,1
6,Gradient Descent,0.3,0.7,7117,0.31818,0.349836,-0.00461918,1
6,Gradient Descent,0.3,0.7,7118,0.318186,0.349829,-0.00461919,1
6,Gradient Descent,0.3,0.7,7119,0.318192,0.349822,-0.00461919,1
6,Gradient Descent,0.3,0.7,7120,0.318198,0.349815,-0.0046192,1
6,Gradient Descent,0.3,0.7,7121,0.318204,0.349808,-0.00461921,1
6,Gradient Descent,0.3,0.7,7122,0.31821,0.3498,-0.00461922,1
6,Gradient Descent,0.3,0.7,7123,0.318216,0.349793,-0.00461923,1
6,Gradient Descent,0.3,0.7,7124,0.318222,0.349786,-0.00461924,1
6,Gradient Descent,0.3,0.7,7125,0.318228,0.349779,-0.00461925,1
6,Gradient Descent,0.3,0.7,7126,0.318235,0.349772,-0.00461925,1
6,Gradient Descent,0.3,0.7,7127,0.318241,0.349765,-0.00461926,1
6,Gradient Descent,0.3,0.7,7128,0.318247,0.349758,-0.00461927,1
6,Gradient Descent,0.3,0.7,7129,0.318253,0.349751,-0.00461928,1
6,Gradient Descent,0.3,0.7,7130,0.318259,0.349744,-0.00461929,1
6,Gradient Descent,0.3,0.7,7131,0.318265,0.349737,-0.0046193,1
6,Gradient Descent,0.3,0.7,7132,0.318271,0.34973,-0.00461931,1
6,Gradient Descent,0.3,0.7,7133,0.318277,0.349723,-0.00461931,1
6,Gradient Descent,0.3,0.7,7134,0.318283,0.349716,-0.00461932,1
6,Gradient Descent,0.3,0.7,7135,0.318289,0.349709,-0.00461933,1
6,Gradient Descent,0.3,0.7,7136,0.318295,0.349702,-0.00461934,1
6,Gradient Descent,0.3,0.7,7137,0.318301,0.349694,-0.00461935,1
6,Gradient Descent,0.3,0.7,7138,0.318307,0.349687,-0.00461936,1
6,Gradient Descent,0.3,0.7,7139,0.318313,0.34968,-0.00461937,1
6,Gradient Descent,0.3,0.7,7140,0.318319,0.349673,-0.00461937,1
6,Gradient Descent,0.3,0.7,7141,0.318324,0.349666,-0.00461938,1
6,Gradient Descent,0.3,0.7,7142,0.31833,0.349659,-0.00461939,1
6,Gradient Descent,0.3,0.7,7143,0.318336,0.349652,-0.0046194,1
6,Gradient Descent,0.3,0.7,7144,0.318342,0.349645,-0.00461941,1
6,Gradient Descent,0.3,0.7,7145,0.318348,0.349638,-0.00461942,1
6,Gradient Descent,0.3,0.7,7146,0.318354,0.349631,-0.00461943,1
6,Gradient Descent,0.3,0.7,7147,0.31836,0.349624,-0.00461943,1
6,Gradient Descent,0.3,0.7,7148,0.318366,0.349617,-0.00461944,1
6,Gradient Descent,0.3,0.7,7149,0.318372,0.34961,-0.00461945,1
6,Gradient Descent,0.3,0.7,7150,0.318378,0.349603,-0.00461946,1
6,Gradient Descent,0.3,0.7,7151,0.318384,0.349596,-0.00461947,1
6,Gradient Descent,0.3,0.7,7152,0.31839,0.349589,-0.00461948,1
6,Gradient Descent,0.3,0.7,7153,0.318396,0.349582,-0.00461948,1
6,Gradient Descent,0.3,0.7,7154,0.318402,0.349575,-0.00461949,1
6,Gradient Descent,0.3,0.7,7155,0.318408,0.349568,-0.0046195,1
6,Gradient Descent,0.3,0.7,7156,0.318414,0.349561,-0.00461951,1
6,Gradient Descent,0.3,0.7,7157,0.31842,0.349554,-0.00461952,1
6,Gradient Descent,0.3,0.7,7158,0.318426,0.349547,-0.00461953,1
6,Gradient Descent,0.3,0.7,7159,0.318432,0.34954,-0.00461954,1
6,Gradient Descent,0.3,0.7,7160,0.318438,0.349533,-0.00461954,1
6,Gradient Descent,0.3,0.7,7161,0.318444,0.349526,-0.00461955,1
6,Gradient Descent,0.3,0.7,7162,0.31845,0.349519,-0.00461956,1
6,Gradient Descent,0.3,0.7,7163,0.318456,0.349512,-0.00461957,1
6,Gradient Descent,0.3,0.7,7164,0.318461,0.349506,-0.00461958,1
6,Gradient Descent,0.3,0.7,7165,0.318467,0.349499,-0.00461959,1
6,Gradient Descent,0.3,0.7,7166,0.318473,0.349492,-0.00461959,1
6,Gradient Descent,0.3,0.7,7167,0.318479,0.349485,-0.0046196,1
6,Gradient Descent,0.3,0.7,7168,0.318485,0.349478,-0.00461961,1
6,Gradient Descent,0.3,0.7,7169,0.318491,0.349471,-0.00461962,1
6,Gradient Descent,0.3,0.7,7170,0.318497,0.349464,-0.00461963,1
6,Gradient Descent,0.3,0.7,7171,0.318503,0.349457,-0.00461964,1
6,Gradient Descent,0.3,0.7,7172,0.318509,0.34945,-0.00461964,1
6,Gradient Descent,0.3,0.7,7173,0.318515,0.349443,-0.00461965,1
6,Gradient Descent,0.3,0.7,7174,0.318521,0.349436,-0.00461966,1
6,Gradient Descent,0.3,0.7,7175,0.318527,0.349429,-0.00461967,1
6,Gradient Descent,0.3,0.7,7176,0.318532,0.349422,-0.00461968,1
6,Gradient Descent,0.3,0.7,7177,0.318538,0.349415,-0.00461969,1
6,Gradient Descent,0.3,0.7,7178,0.318544,0.349408,-0.00461969,1
6,Gradient Descent,0.3,0.7,7179,0.31855,0.349402,-0.0046197,1
6,Gradient Descent,0.3,0.7,7180,0.318556,0.349395,-0.00461971,1
6,Gradient Descent,0.3,0.7,7181,0.318562,0.349388,-0.00461972,1
6,Gradient Descent,0.3,0.7,7182,0.318568,0.349381,-0.00461973,1
6,Gradient Descent,0.3,0.7,7183,0.318574,0.349374,-0.00461973,1
6,Gradient Descent,0.3,0.7,7184,0.31858,0.349367,-0.00461974,1
6,Gradient Descent,0.3,0.7,7185,0.318586,0.34936,-0.00461975,1
6,Gradient Descent,0.3,0.7,7186,0.318591,0.349353,-0.00461976,1
6,Gradient Descent,0.3,0.7,7187,0.318597,0.349346,-0.00461977,1
6,Gradient Descent,0.3,0.7,7188,0.318603,0.349339,-0.00461978,1
6,Gradient Descent,0.3,0.7,7189,0.318609,0.349333,-0.00461978,1
6,Gradient Descent,0.3,0.7,7190,0.318615,0.349326,-0.00461979,1
6,Gradient Descent,0.3,0.7,7191,0.318621,0.349319,-0.0046198,1
6,Gradient Descent,0.3,0.7,7192,0.318627,0.349312,-0.00461981,1
6,Gradient Descent,0.3,0.7,7193,0.318633,0.349305,-0.00461982,1
6,Gradient Descent,0.3,0.7,7194,0.318638,0.349298,-0.00461982,1
6,Gradient Descent,0.3,0.7,7195,0.318644,0.349291,-0.00461983,1
6,Gradient Descent,0.3,0.7,7196,0.31865,0.349284,-0.00461984,1
6,Gradient Descent,0.3,0.7,7197,0.318656,0.349278,-0.00461985,1
6,Gradient Descent,0.3,0.7,7198,0.318662,0.349271,-0.00461986,1
6,Gradient Descent,0.3,0.7,7199,0.318668,0.349264,-0.00461987,1
6,Gradient Descent,0.3,0.7,7200,0.318674,0.349257,-0.00461987,1
6,Gradient Descent,0.3,0.7,7201,0.318679,0.34925,-0.00461988,1
6,Gradient Descent,0.3,0.7,7202,0.318685,0.349243,-0.00461989,1
6,Gradient Descent,0.3,0.7,7203,0.318691,0.349237,-0.0046199,1
6,Gradient Descent,0.3,0.7,7204,0.318697,0.34923,-0.00461991,1
6,Gradient Descent,0.3,0.7,7205,0.318703,0.349223,-0.00461991,1
6,Gradient Descent,0.3,0.7,7206,0.318709,0.349216,-0.00461992,1
6,Gradient Descent,0.3,0.7,7207,0.318714,0.349209,-0.00461993,1
6,Gradient Descent,0.3,0.7,7208,0.31872,0.349202,-0.00461994,1
6,Gradient Descent,0.3,0.7,7209,0.318726,0.349196,-0.00461995,1
6,Gradient Descent,0.3,0.7,7210,0.318732,0.349189,-0.00461995,1
6,Gradient Descent,0.3,0.7,7211,0.318738,0.349182,-0.00461996,1
6,Gradient Descent,0.3,0.7,7212,0.318744,0.349175,-0.00461997,1
6,Gradient Descent,0.3,0.7,7213,0.318749,0.349168,-0.00461998,1
6,Gradient Descent,0.3,0.7,7214,0.318755,0.349161,-0.00461999,1
6,Gradient Descent,0.3,0.7,7215,0.318761,0.349155,-0.00461999,1
6,Gradient Descent,0.3,0.7,7216,0.318767,0.349148,-0.00462,1
6,Gradient Descent,0.3,0.7,7217,0.318773,0.349141,-0.00462001,1
6,Gradient Descent,0.3,0.7,7218,0.318778,0.349134,-0.00462002,1
6,Gradient Descent,0.3,0.7,7219,0.318784,0.349127,-0.00462003,1
6,Gradient Descent,0.3,0.7,7220,0.31879,0.349121,-0.00462003,1
6,Gradient Descent,0.3,0.7,7221,0.318796,0.349114,-0.00462004,1
6,Gradient Descent,0.3,0.7,7222,0.318802,0.349107,-0.00462005,1
6,Gradient Descent,0.3,0.7,7223,0.318807,0.3491,-0.00462006,1
6,Gradient Descent,0.3,0.7,7224,0.318813,0.349094,-0.00462007,1
6,Gradient Descent,0.3,0.7,7225,0.318819,0.349087,-0.00462007,1
6,Gradient Descent,0.3,0.7,7226,0.318825,0.34908,-0.00462008,1
6,Gradient Descent,0.3,0.7,7227,0.318831,0.349073,-0.00462009,1
6,Gradient Descent,0.3,0.7,7228,0.318836,0.349066,-0.0046201,1
6,Gradient Descent,0.3,0.7,7229,0.318842,0.34906,-0.00462011,1
6,Gradient Descent,0.3,0.7,7230,0.318848,0.349053,-0.00462011,1
6,Gradient Descent,0.3,0.7,7231,0.318854,0.349046,-0.00462012,1
6,Gradient Descent,0.3,0.7,7232,0.31886,0.349039,-0.00462013,1
6,Gradient Descent,0.3,0.7,7233,0.318865,0.349033,-0.00462014,1
6,Gradient Descent,0.3,0.7,7234,0.318871,0.349026,-0.00462015,1
6,Gradient Descent,0.3,0.7,7235,0.318877,0.349019,-0.00462015,1
6,Gradient Descent,0.3,0.7,7236,0.318883,0.349012,-0.00462016,1
6,Gradient Descent,0.3,0.7,7237,0.318888,0.349006,-0.00462017,1
6,Gradient Descent,0.3,0.7,7238,0.318894,0.348999,-0.00462018,1
6,Gradient Descent,0.3,0.7,7239,0.3189,0.348992,-0.00462018,1
6,Gradient Descent,0.3,0.7,7240,0.318906,0.348986,-0.00462019,1
6,Gradient Descent,0.3,0.7,7241,0.318911,0.348979,-0.0046202,1
6,Gradient Descent,0.3,0.7,7242,0.318917,0.348972,-0.00462021,1
6,Gradient Descent,0.3,0.7,7243,0.318923,0.348965,-0.00462022,1
6,Gradient Descent,0.3,0.7,7244,0.318929,0.348959,-0.00462022,1
6,Gradient Descent,0.3,0.7,7245,0.318934,0.348952,-0.00462023,1
6,Gradient Descent,0.3,0.7,7246,0.31894,0.348945,-0.00462024,1
6,Gradient Descent,0.3,0.7,7247,0.318946,0.348938,-0.00462025,1
6,Gradient Descent,0.3,0.7,7248,0.318952,0.348932,-0.00462025,1
6,Gradient Descent,0.3,0.7,7249,0.318957,0.348925,-0.00462026,1
6,Gradient Descent,0.3,0.7,7250,0.318963,0.348918,-0.00462027,1
6,Gradient Descent,0.3,0.7,7251,0.318969,0.348912,-0.00462028,1
6,Gradient Descent,0.3,0.7,7252,0.318975,0.348905,-0.00462029,1
6,Gradient Descent,0.3,0.7,7253,0.31898,0.348898,-0.00462029,1
6,Gradient Descent,0.3,0.7,7254,0.318986,0.348892,-0.0046203,1
6,Gradient Descent,0.3,0.7,7255,0.318992,0.348885,-0.00462031,1
6,Gradient Descent,0.3,0.7,7256,0.318998,0.348878,-0.00462032,1
6,Gradient Descent,0.3,0.7,7257,0.319003,0.348872,-0.00462032,1
6,Gradient Descent,0.3,0.7,7258,0.319009,0.348865,-0.00462033,1
6,Gradient Descent,0.3,0.7,7259,0.319015,0.348858,-0.00462034,1
6,Gradient Descent,0.3,0.7,7260,0.31902,0.348852,-0.00462035,1
6,Gradient Descent,0.3,0.7,7261,0.319026,0.348845,-0.00462036,1
6,Gradient Descent,0.3,0.7,7262,0.319032,0.348838,-0.00462036,1
6,Gradient Descent,0.3,0.7,7263,0.319038,0.348832,-0.00462037,1
6,Gradient Descent,0.3,0.7,7264,0.319043,0.348825,-0.00462038,1
6,Gradient Descent,0.3,0.7,7265,0.319049,0.348818,-0.00462039,1
6,Gradient Descent,0.3,0.7,7266,0.319055,0.348812,-0.00462039,1
6,Gradient Descent,0.3,0.7,7267,0.31906,0.348805,-0.0046204,1
6,Gradient Descent,0.3,0.7,7268,0.319066,0.348798,-0.00462041,1
6,Gradient Descent,0.3,0.7,7269,0.319072,0.348792,-0.00462042,1
6,Gradient Descent,0.3,0.7,7270,0.319078,0.348785,-0.00462042,1
6,Gradient Descent,0.3,0.7,7271,0.319083,0.348778,-0.00462043,1
6,Gradient Descent,0.3,0.7,7272,0.319089,0.348772,-0.00462044,1
6,Gradient Descent,0.3,0.7,7273,0.319095,0.348765,-0.00462045,1
6,Gradient Descent,0.3,0.7,7274,0.3191,0.348758,-0.00462046,1
6,Gradient Descent,0.3,0.7,7275,0.319106,0.348752,-0.00462046,1
6,Gradient Descent,0.3,0.7,7276,0.319112,0.348745,-0.00462047,1
6,Gradient Descent,0.3,0.7,7277,0.319117,0.348739,-0.00462048,1
6,Gradient Descent,0.3,0.7,7278,0.319123,0.348732,-0.00462049,1
6,Gradient Descent,0.3,0.7,7279,0.319129,0.348725,-0.00462049,1
6,Gradient Descent,0.3,0.7,7280,0.319134,0.348719,-0.0046205,1
6,Gradient Descent,0.3,0.7,7281,0.31914,0.348712,-0.00462051,1
6,Gradient Descent,0.3,0.7,7282,0.319146,0.348705,-0.00462052,1
6,Gradient Descent,0.3,0.7,7283,0.319151,0.348699,-0.00462052,1
6,Gradient Descent,0.3,0.7,7284,0.319157,0.348692,-0.00462053,1
6,Gradient Descent,0.3,0.7,7285,0.319163,0.348686,-0.00462054,1
6,Gradient Descent,0.3,0.7,7286,0.319168,0.348679,-0.00462055,1
6,Gradient Descent,0.3,0.7,7287,0.319174,0.348672,-0.00462055,1
6,Gradient Descent,0.3,0.7,7288,0.31918,0.348666,-0.00462056,1
6,Gradient Descent,0.3,0.7,7289,0.319185,0.348659,-0.00462057,1
6,Gradient Descent,0.3,0.7,7290,0.319191,0.348653,-0.00462058,1
6,Gradient Descent,0.3,0.7,7291,0.319197,0.348646,-0.00462058,1
6,Gradient Descent,0.3,0.7,7292,0.319202,0.34864,-0.00462059,1
6,Gradient Descent,0.3,0.7,7293,0.319208,0.348633,-0.0046206,1
6,Gradient Descent,0.3,0.7,7294,0.319214,0.348626,-0.00462061,1
6,Gradient Descent,0.3,0.7,7295,0.319219,0.34862,-0.00462061,1
6,Gradient Descent,0.3,0.7,7296,0.319225,0.348613,-0.00462062,1
6,Gradient Descent,0.3,0.7,7297,0.319231,0.348607,-0.00462063,1
6,Gradient Descent,0.3,0.7,7298,0.319236,0.3486,-0.00462064,1
6,Gradient Descent,0.3,0.7,7299,0.319242,0.348594,-0.00462064,1
6,Gradient Descent,0.3,0.7,7300,0.319247,0.348587,-0.00462065,1
6,Gradient Descent,0.3,0.7,7301,0.319253,0.34858,-0.00462066,1
6,Gradient Descent,0.3,0.7,7302,0.319259,0.348574,-0.00462067,1
6,Gradient Descent,0.3,0.7,7303,0.319264,0.348567,-0.00462067,1
6,Gradient Descent,0.3,0.7,7304,0.31927,0.348561,-0.00462068,1
6,Gradient Descent,0.3,0.7,7305,0.319276,0.348554,-0.00462069,1
6,Gradient Descent,0.3,0.7,7306,0.319281,0.348548,-0.0046207,1
6,Gradient Descent,0.3,0.7,7307,0.319287,0.348541,-0.0046207,1
6,Gradient Descent,0.3,0.7,7308,0.319292,0.348535,-0.00462071,1
6,Gradient Descent,0.3,0.7,7309,0.319298,0.348528,-0.00462072,1
6,Gradient Descent,0.3,0.7,7310,0.319304,0.348522,-0.00462073,1
6,Gradient Descent,0.3,0.7,7311,0.319309,0.348515,-0.00462073,1
6,Gradient Descent,0.3,0.7,7312,0.319315,0.348509,-0.00462074,1
6,Gradient Descent,0.3,0.7,7313,0.31932,0.348502,-0.00462075,1
6,Gradient Descent,0.3,0.7,7314,0.319326,0.348496,-0.00462076,1
6,Gradient Descent,0.3,0.7,7315,0.319332,0.348489,-0.00462076,1
6,Gradient Descent,0.3,0.7,7316,0.319337,0.348483,-0.00462077,1
6,Gradient Descent,0.3,0.7,7317,0.319343,0.348476,-0.00462078,1
6,Gradient Descent,0.3,0.7,7318,0.319348,0.34847,-0.00462078,1
6,Gradient Descent,0.3,0.7,7319,0.319354,0.348463,-0.00462079,1
6,Gradient Descent,0.3,0.7,7320,0.31936,0.348457,-0.0046208,1
6,Gradient Descent,0.3,0.7,7321,0.319365,0.34845,-0.00462081,1
6,Gradient Descent,0.3,0.7,7322,0.319371,0.348444,-0.00462081,1
6,Gradient Descent,0.3,0.7,7323,0.319376,0.348437,-0.00462082,1
6,Gradient Descent,0.3,0.7,7324,0.319382,0.348431,-0.00462083,1
6,Gradient Descent,0.3,0.7,7325,0.319388,0.348424,-0.00462084,1
6,Gradient Descent,0.3,0.7,7326,0.319393,0.348418,-0.00462084,1
6,Gradient Descent,0.3,0.7,7327,0.319399,0.348411,-0.00462085,1
6,Gradient Descent,0.3,0.7,7328,0.319404,0.348405,-0.00462086,1
6,Gradient Descent,0.3,0.7,7329,0.31941,0.348398,-0.00462087,1
6,Gradient Descent,0.3,0.7,7330,0.319415,0.348392,-0.00462087,1
6,Gradient Descent,0.3,0.7,7331,0.319421,0.348385,-0.00462088,1
6,Gradient Descent,0.3,0.7,7332,0.319426,0.348379,-0.00462089,1
6,Gradient Descent,0.3,0.7,7333,0.319432,0.348372,-0.00462089,1
6,Gradient Descent,0.3,0.7,7334,0.319438,0.348366,-0.0046209,1
6,Gradient Descent,0.3,0.7,7335,0.319443,0.348359,-0.00462091,1
6,Gradient Descent,0.3,0.7,7336,0.319449,0.348353,-0.00462092,1
6,Gradient Descent,0.3,0.7,7337,0.319454,0.348346,-0.00462092,1
6,Gradient Descent,0.3,0.7,7338,0.31946,0.34834,-0.00462093,1
6,Gradient Descent,0.3,0.7,7339,0.319465,0.348334,-0.00462094,1
6,Gradient Descent,0.3,0.7,7340,0.319471,0.348327,-0.00462095,1
6,Gradient Descent,0.3,0.7,7341,0.319476,0.348321,-0.00462095,1
6,Gradient Descent,0.3,0.7,7342,0.319482,0.348314,-0.00462096,1
6,Gradient Descent,0.3,0.7,7343,0.319488,0.348308,-0.00462097,1
6,Gradient Descent,0.3,0.7,7344,0.319493,0.348301,-0.00462097,1
6,Gradient Descent,0.3,0.7,7345,0.319499,0.348295,-0.00462098,1
6,Gradient Descent,0.3,0.7,7346,0.319504,0.348289,-0.00462099,1
6,Gradient Descent,0.3,0.7,7347,0.31951,0.348282,-0.004621,1
6,Gradient Descent,0.3,0.7,7348,0.319515,0.348276,-0.004621,1
6,Gradient Descent,0.3,0.7,7349,0.319521,0.348269,-0.00462101,1
6,Gradient Descent,0.3,0.7,7350,0.319526,0.348263,-0.00462102,1
6,Gradient Descent,0.3,0.7,7351,0.319532,0.348256,-0.00462102,1
6,Gradient Descent,0.3,0.7,7352,0.319537,0.34825,-0.00462103,1
6,Gradient Descent,0.3,0.7,7353,0.319543,0.348244,-0.00462104,1
6,Gradient Descent,0.3,0.7,7354,0.319548,0.348237,-0.00462105,1
6,Gradient Descent,0.3,0.7,7355,0.319554,0.348231,-0.00462105,1
6,Gradient Descent,0.3,0.7,7356,0.319559,0.348224,-0.00462106,1
6,Gradient Descent,0.3,0.7,7357,0.319565,0.348218,-0.00462107,1
6,Gradient Descent,0.3,0.7,7358,0.31957,0.348212,-0.00462107,1
6,Gradient Descent,0.3,0.7,7359,0.319576,0.348205,-0.00462108,1
6,Gradient Descent,0.3,0.7,7360,0.319581,0.348199,-0.00462109,1
6,Gradient Descent,0.3,0.7,7361,0.319587,0.348192,-0.0046211,1
6,Gradient Descent,0.3,0.7,7362,0.319592,0.348186,-0.0046211,1
6,Gradient Descent,0.3,0.7,7363,0.319598,0.34818,-0.00462111,1
6,Gradient Descent,0.3,0.7,7364,0.319603,0.348173,-0.00462112,1
6,Gradient Descent,0.3,0.7,7365,0.319609,0.348167,-0.00462112,1
6,Gradient Descent,0.3,0.7,7366,0.319614,0.348161,-0.00462113,1
6,Gradient Descent,0.3,0.7,7367,0.31962,0.348154,-0.00462114,1
6,Gradient Descent,0.3,0.7,7368,0.319625,0.348148,-0.00462115,1
6,Gradient Descent,0.3,0.7,7369,0.319631,0.348142,-0.00462115,1
6,Gradient Descent,0.3,0.7,7370,0.319636,0.348135,-0.00462116,1
6,Gradient Descent,0.3,0.7,7371,0.319642,0.348129,-0.00462117,1
6,Gradient Descent,0.3,0.7,7372,0.319647,0.348122,-0.00462117,1
6,Gradient Descent,0.3,0.7,7373,0.319653,0.348116,-0.00462118,1
6,Gradient Descent,0.3,0.7,7374,0.319658,0.34811,-0.00462119,1
6,Gradient Descent,0.3,0.7,7375,0.319664,0.348103,-0.00462119,1
6,Gradient Descent,0.3,0.7,7376,0.319669,0.348097,-0.0046212,1
6,Gradient Descent,0.3,0.7,7377,0.319675,0.348091,-0.00462121,1
6,Gradient Descent,0.3,0.7,7378,0.31968,0.348084,-0.00462122,1
6,Gradient Descent,0.3,0.7,7379,0.319686,0.348078,-0.00462122,1
6,Gradient Descent,0.3,0.7,7380,0.319691,0.348072,-0.00462123,1
6,Gradient Descent,0.3,0.7,7381,0.319696,0.348065,-0.00462124,1
6,Gradient Descent,0.3,0.7,7382,0.319702,0.348059,-0.00462124,1
6,Gradient Descent,0.3,0.7,7383,0.319707,0.348053,-0.00462125,1
6,Gradient Descent,0.3,0.7,7384,0.319713,0.348046,-0.00462126,1
6,Gradient Descent,0.3,0.7,7385,0.319718,0.34804,-0.00462126,1
6,Gradient Descent,0.3,0.7,7386,0.319724,0.348034,-0.00462127,1
6,Gradient Descent,0.3,0.7,7387,0.319729,0.348027,-0.00462128,1
6,Gradient Descent,0.3,0.7,7388,0.319735,0.348021,-0.00462129,1
6,Gradient Descent,0.3,0.7,7389,0.31974,0.348015,-0.00462129,1
6,Gradient Descent,0.3,0.7,7390,0.319745,0.348009,-0.0046213,1
6,Gradient Descent,0.3,0.7,7391,0.319751,0.348002,-0.00462131,1
6,Gradient Descent,0.3,0.7,7392,0.319756,0.347996,-0.00462131,1
6,Gradient Descent,0.3,0.7,7393,0.319762,0.34799,-0.00462132,1
6,Gradient Descent,0.3,0.7,7394,0.319767,0.347983,-0.00462133,1
6,Gradient Descent,0.3,0.7,7395,0.319773,0.347977,-0.00462133,1
6,Gradient Descent,0.3,0.7,7396,0.319778,0.347971,-0.00462134,1
6,Gradient Descent,0.3,0.7,7397,0.319783,0.347965,-0.00462135,1
6,Gradient Descent,0.3,0.7,7398,0.319789,0.347958,-0.00462135,1
6,Gradient Descent,0.3,0.7,7399,0.319794,0.347952,-0.00462136,1
6,Gradient Descent,0.3,0.7,7400,0.3198,0.347946,-0.00462137,1
6,Gradient Descent,0.3,0.7,7401,0.319805,0.347939,-0.00462137,1
6,Gradient Descent,0.3,0.7,7402,0.319811,0.347933,-0.00462138,1
6,Gradient Descent,0.3,0.7,7403,0.319816,0.347927,-0.00462139,1
6,Gradient Descent,0.3,0.7,7404,0.319821,0.347921,-0.0046214,1
6,Gradient Descent,0.3,0.7,7405,0.319827,0.347914,-0.0046214,1
6,Gradient Descent,0.3,0.7,7406,0.319832,0.347908,-0.00462141,1
6,Gradient Descent,0.3,0.7,7407,0.319838,0.347902,-0.00462142,1
6,Gradient Descent,0.3,0.7,7408,0.319843,0.347896,-0.00462142,1
6,Gradient Descent,0.3,0.7,7409,0.319848,0.347889,-0.00462143,1
6,Gradient Descent,0.3,0.7,7410,0.319854,0.347883,-0.00462144,1
6,Gradient Descent,0.3,0.7,7411,0.319859,0.347877,-0.00462144,1
6,Gradient Descent,0.3,0.7,7412,0.319865,0.347871,-0.00462145,1
6,Gradient Descent,0.3,0.7,7413,0.31987,0.347864,-0.00462146,1
6,Gradient Descent,0.3,0.7,7414,0.319875,0.347858,-0.00462146,1
6,Gradient Descent,0.3,0.7,7415,0.319881,0.347852,-0.00462147,1
6,Gradient Descent,0.3,0.7,7416,0.319886,0.347846,-0.00462148,1
6,Gradient Descent,0.3,0.7,7417,0.319892,0.347839,-0.00462148,1
6,Gradient Descent,0.3,0.7,7418,0.319897,0.347833,-0.00462149,1
6,Gradient Descent,0.3,0.7,7419,0.319902,0.347827,-0.0046215,1
6,Gradient Descent,0.3,0.7,7420,0.319908,0.347821,-0.0046215,1
6,Gradient Descent,0.3,0.7,7421,0.319913,0.347815,-0.00462151,1
6,Gradient Descent,0.3,0.7,7422,0.319918,0.347808,-0.00462152,1
6,Gradient Descent,0.3,0.7,7423,0.319924,0.347802,-0.00462152,1
6,Gradient Descent,0.3,0.7,7424,0.319929,0.347796,-0.00462153,1
6,Gradient Descent,0.3,0.7,7425,0.319935,0.34779,-0.00462154,1
6,Gradient Descent,0.3,0.7,7426,0.31994,0.347784,-0.00462154,1
6,Gradient Descent,0.3,0.7,7427,0.319945,0.347777,-0.00462155,1
6,Gradient Descent,0.3,0.7,7428,0.319951,0.347771,-0.00462156,1
6,Gradient Descent,0.3,0.7,7429,0.319956,0.347765,-0.00462156,1
6,Gradient Descent,0.3,0.7,7430,0.319961,0.347759,-0.00462157,1
6,Gradient Descent,0.3,0.7,7431,0.319967,0.347753,-0.00462158,1
6,Gradient Descent,0.3,0.7,7432,0.319972,0.347746,-0.00462158,1
6,Gradient Descent,0.3,0.7,7433,0.319977,0.34774,-0.00462159,1
6,Gradient Descent,0.3,0.7,7434,0.319983,0.347734,-0.0046216,1
6,Gradient Descent,0.3,0.7,7435,0.319988,0.347728,-0.0046216,1
6,Gradient Descent,0.3,0.7,7436,0.319993,0.347722,-0.00462161,1
6,Gradient Descent,0.3,0.7,7437,0.319999,0.347715,-0.00462162,1
6,Gradient Descent,0.3,0.7,7438,0.320004,0.347709,-0.00462162,1
6,Gradient Descent,0.3,0.7,7439,0.320009,0.347703,-0.00462163,1
6,Gradient Descent,0.3,0.7,7440,0.320015,0.347697,-0.00462164,1
6,Gradient Descent,0.3,0.7,7441,0.32002,0.347691,-0.00462164,1
6,Gradient Descent,0.3,0.7,7442,0.320025,0.347685,-0.00462165,1
6,Gradient Descent,0.3,0.7,7443,0.320031,0.347678,-0.00462166,1
6,Gradient Descent,0.3,0.7,7444,0.320036,0.347672,-0.00462166,1
6,Gradient Descent,0.3,0.7,7445,0.320041,0.347666,-0.00462167,1
6,Gradient Descent,0.3,0.7,7446,0.320047,0.34766,-0.00462168,1
6,Gradient Descent,0.3,0.7,7447,0.320052,0.347654,-0.00462168,1
6,Gradient Descent,0.3,0.7,7448,0.320057,0.347648,-0.00462169,1
6,Gradient Descent,0.3,0.7,7449,0.320063,0.347642,-0.0046217,1
6,Gradient Descent,0.3,0.7,7450,0.320068,0.347635,-0.0046217,1
6,Gradient Descent,0.3,0.7,7451,0.320073,0.347629,-0.00462171,1
6,Gradient Descent,0.3,0.7,7452,0.320079,0.347623,-0.00462172,1
6,Gradient Descent,0.3,0.7,7453,0.320084,0.347617,-0.00462172,1
6,Gradient Descent,0.3,0.7,7454,0.320089,0.347611,-0.00462173,1
6,Gradient Descent,0.3,0.7,7455,0.320095,0.347605,-0.00462174,1
6,Gradient Descent,0.3,0.7,7456,0.3201,0.347599,-0.00462174,1
6,Gradient Descent,0.3,0.7,7457,0.320105,0.347593,-0.00462175,1
6,Gradient Descent,0.3,0.7,7458,0.320111,0.347586,-0.00462176,1
6,Gradient Descent,0.3,0.7,7459,0.320116,0.34758,-0.00462176,1
6,Gradient Descent,0.3,0.7,7460,0.320121,0.347574,-0.00462177,1
6,Gradient Descent,0.3,0.7,7461,0.320126,0.347568,-0.00462178,1
6,Gradient Descent,0.3,0.7,7462,0.320132,0.347562,-0.00462178,1
6,Gradient Descent,0.3,0.7,7463,0.320137,0.347556,-0.00462179,1
6,Gradient Descent,0.3,0.7,7464,0.320142,0.34755,-0.0046218,1
6,Gradient Descent,0.3,0.7,7465,0.320148,0.347544,-0.0046218,1
6,Gradient Descent,0.3,0.7,7466,0.320153,0.347538,-0.00462181,1
6,Gradient Descent,0.3,0.7,7467,0.320158,0.347531,-0.00462182,1
6,Gradient Descent,0.3,0.7,7468,0.320163,0.347525,-0.00462182,1
6,Gradient Descent,0.3,0.7,7469,0.320169,0.347519,-0.00462183,1
6,Gradient Descent,0.3,0.7,7470,0.320174,0.347513,-0.00462184,1
6,Gradient Descent,0.3,0.7,7471,0.320179,0.347507,-0.00462184,1
6,Gradient Descent,0.3,0.7,7472,0.320185,0.347501,-0.00462185,1
6,Gradient Descent,0.3,0.7,7473,0.32019,0.347495,-0.00462185,1
6,Gradient Descent,0.3,0.7,7474,0.320195,0.347489,-0.00462186,1
6,Gradient Descent,0.3,0.7,7475,0.3202,0.347483,-0.00462187,1
6,Gradient Descent,0.3,0.7,7476,0.320206,0.347477,-0.00462187,1
6,Gradient Descent,0.3,0.7,7477,0.320211,0.347471,-0.00462188,1
6,Gradient Descent,0.3,0.7,7478,0.320216,0.347465,-0.00462189,1
6,Gradient Descent,0.3,0.7,7479,0.320221,0.347459,-0.00462189,1
6,Gradient Descent,0.3,0.7,7480,0.320227,0.347452,-0.0046219,1
6,Gradient Descent,0.3,0.7,7481,0.320232,0.347446,-0.00462191,1
6,Gradient Descent,0.3,0.7,7482,0.320237,0.34744,-0.00462191,1
6,Gradient Descent,0.3,0.7,7483,0.320242,0.347434,-0.00462192,1
6,Gradient Descent,0.3,0.7,7484,0.320248,0.347428,-0.00462193,1
6,Gradient Descent,0.3,0.7,7485,0.320253,0.347422,-0.00462193,1
6,Gradient Descent,0.3,0.7,7486,0.320258,0.347416,-0.00462194,1
6,Gradient Descent,0.3,0.7,7487,0.320263,0.34741,-0.00462194,1
6,Gradient Descent,0.3,0.7,7488,0.320269,0.347404,-0.00462195,1
6,Gradient Descent,0.3,0.7,7489,0.320274,0.347398,-0.00462196,1
6,Gradient Descent,0.3,0.7,7490,0.320279,0.347392,-0.00462196,1
6,Gradient Descent,0.3,0.7,7491,0.320284,0.347386,-0.00462197,1
6,Gradient Descent,0.3,0.7,7492,0.32029,0.34738,-0.00462198,1
6,Gradient Descent,0.3,0.7,7493,0.320295,0.347374,-0.00462198,1
6,Gradient Descent,0.3,0.7,7494,0.3203,0.347368,-0.00462199,1
6,Gradient Descent,0.3,0.7,7495,0.320305,0.347362,-0.004622,1
6,Gradient Descent,0.3,0.7,7496,0.32031,0.347356,-0.004622,1
6,Gradient Descent,0.3,0.7,7497,0.320316,0.34735,-0.00462201,1
6,Gradient Descent,0.3,0.7,7498,0.320321,0.347344,-0.00462201,1
6,Gradient Descent,0.3,0.7,7499,0.320326,0.347338,-0.00462202,1
6,Gradient Descent,0.3,0.7,7500,0.320331,0.347332,-0.00462203,1
6,Gradient Descent,0.3,0.7,7501,0.320336,0.347326,-0.00462203,1
6,Gradient Descent,0.3,0.7,7502,0.320342,0.34732,-0.00462204,1
6,Gradient Descent,0.3,0.7,7503,0.320347,0.347314,-0.00462205,1
6,Gradient Descent,0.3,0.7,7504,0.320352,0.347308,-0.00462205,1
6,Gradient Descent,0.3,0.7,7505,0.320357,0.347302,-0.00462206,1
6,Gradient Descent,0.3,0.7,7506,0.320363,0.347296,-0.00462207,1
6,Gradient Descent,0.3,0.7,7507,0.320368,0.34729,-0.00462207,1
6,Gradient Descent,0.3,0.7,7508,0.320373,0.347284,-0.00462208,1
6,Gradient Descent,0.3,0.7,7509,0.320378,0.347278,-0.00462208,1
6,Gradient Descent,0.3,0.7,7510,0.320383,0.347272,-0.00462209,1
6,Gradient Descent,0.3,0.7,7511,0.320389,0.347266,-0.0046221,1
6,Gradient Descent,0.3,0.7,7512,0.320394,0.34726,-0.0046221,1
6,Gradient Descent,0.3,0.7,7513,0.320399,0.347254,-0.00462211,1
6,Gradient Descent,0.3,0.7,7514,0.320404,0.347248,-0.00462212,1
6,Gradient Descent,0.3,0.7,7515,0.320409,0.347242,-0.00462212,1
6,Gradient Descent,0.3,0.7,7516,0.320414,0.347236,-0.00462213,1
6,Gradient Descent,0.3,0.7,7517,0.32042,0.34723,-0.00462213,1
6,Gradient Descent,0.3,0.7,7518,0.320425,0.347224,-0.00462214,1
6,Gradient Descent,0.3,0.7,7519,0.32043,0.347218,-0.00462215,1
6,Gradient Descent,0.3,0.7,7520,0.320435,0.347212,-0.00462215,1
6,Gradient Descent,0.3,0.7,7521,0.32044,0.347206,-0.00462216,1
6,Gradient Descent,0.3,0.7,7522,0.320445,0.3472,-0.00462217,1
6,Gradient Descent,0.3,0.7,7523,0.320451,0.347194,-0.00462217,1
6,Gradient Descent,0.3,0.7,7524,0.320456,0.347188,-0.00462218,1
6,Gradient Descent,0.3,0.7,7525,0.320461,0.347183,-0.00462218,1
6,Gradient Descent,0.3,0.7,7526,0.320466,0.347177,-0.00462219,1
6,Gradient Descent,0.3,0.7,7527,0.320471,0.347171,-0.0046222,1
6,Gradient Descent,0.3,0.7,7528,0.320476,0.347165,-0.0046222,1
6,Gradient Descent,0.3,0.7,7529,0.320482,0.347159,-0.00462221,1
6,Gradient Descent,0.3,0.7,7530,0.320487,0.347153,-0.00462221,1
6,Gradient Descent,0.3,0.7,7531,0.320492,0.347147,-0.00462222,1
6,Gradient Descent,0.3,0.7,7532,0.320497,0.347141,-0.00462223,1
6,Gradient Descent,0.3,0.7,7533,0.320502,0.347135,-0.00462223,1
6,Gradient Descent,0.3,0.7,7534,0.320507,0.347129,-0.00462224,1
6,Gradient Descent,0.3,0.7,7535,0.320513,0.347123,-0.00462225,1
6,Gradient Descent,0.3,0.7,7536,0.320518,0.347117,-0.00462225,1
6,Gradient Descent,0.3,0.7,7537,0.320523,0.347111,-0.00462226,1
6,Gradient Descent,0.3,0.7,7538,0.320528,0.347106,-0.00462226,1
6,Gradient Descent,0.3,0.7,7539,0.320533,0.3471,-0.00462227,1
6,Gradient Descent,0.3,0.7,7540,0.320538,0.347094,-0.00462228,1
6,Gradient Descent,0.3,0.7,7541,0.320543,0.347088,-0.00462228,1
6,Gradient Descent,0.3,0.7,7542,0.320548,0.347082,-0.00462229,1
6,Gradient Descent,0.3,0.7,7543,0.320554,0.347076,-0.00462229,1
6,Gradient Descent,0.3,0.7,7544,0.320559,0.34707,-0.0046223,1
6,Gradient Descent,0.3,0.7,7545,0.320564,0.347064,-0.00462231,1
6,Gradient Descent,0.3,0.7,7546,0.320569,0.347058,-0.00462231,1
6,Gradient Descent,0.3,0.7,7547,0.320574,0.347052,-0.00462232,1
6,Gradient Descent,0.3,0.7,7548,0.320579,0.347047,-0.00462232,1
6,Gradient Descent,0.3,0.7,7549,0.320584,0.347041,-0.00462233,1
6,Gradient Descent,0.3,0.7,7550,0.320589,0.347035,-0.00462234,1
6,Gradient Descent,0.3,0.7,7551,0.320595,0.347029,-0.00462234,1
6,Gradient Descent,0.3,0.7,7552,0.3206,0.347023,-0.00462235,1
6,Gradient Descent,0.3,0.7,7553,0.320605,0.347017,-0.00462236,1
6,Gradient Descent,0.3,0.7,7554,0.32061,0.347011,-0.00462236,1
6,Gradient Descent,0.3,0.7,7555,0.320615,0.347005,-0.00462237,1
6,Gradient Descent,0.3,0.7,7556,0.32062,0.347,-0.00462237,1
6,Gradient Descent,0.3,0.7,7557,0.320625,0.346994,-0.00462238,1
6,Gradient Descent,0.3,0.7,7558,0.32063,0.346988,-0.00462239,1
6,Gradient Descent,0.3,0.7,7559,0.320635,0.346982,-0.00462239,1
6,Gradient Descent,0.3,0.7,7560,0.32064,0.346976,-0.0046224,1
6,Gradient Descent,0.3,0.7,7561,0.320646,0.34697,-0.0046224,1
6,Gradient Descent,0.3,0.7,7562,0.320651,0.346964,-0.00462241,1
6,Gradient Descent,0.3,0.7,7563,0.320656,0.346959,-0.00462242,1
6,Gradient Descent,0.3,0.7,7564,0.320661,0.346953,-0.00462242,1
6,Gradient Descent,0.3,0.7,7565,0.320666,0.346947,-0.00462243,1
6,Gradient Descent,0.3,0.7,7566,0.320671,0.346941,-0.00462243,1
6,Gradient Descent,0.3,0.7,7567,0.320676,0.346935,-0.00462244,1
6,Gradient Descent,0.3,0.7,7568,0.320681,0.346929,-0.00462245,1
6,Gradient Descent,0.3,0.7,7569,0.320686,0.346924,-0.00462245,1
6,Gradient Descent,0.3,0.7,7570,0.320691,0.346918,-0.00462246,1
6,Gradient Descent,0.3,0.7,7571,0.320696,0.346912,-0.00462246,1
6,Gradient Descent,0.3,0.7,7572,0.320701,0.346906,-0.00462247,1
6,Gradient Descent,0.3,0.7,7573,0.320707,0.3469,-0.00462248,1
6,Gradient Descent,0.3,0.7,7574,0.320712,0.346895,-0.00462248,1
6,Gradient Descent,0.3,0.7,7575,0.320717,0.346889,-0.00462249,1
6,Gradient Descent,0.3,0.7,7576,0.320722,0.346883,-0.00462249,1
6,Gradient Descent,0.3,0.7,7577,0.320727,0.346877,-0.0046225,1
6,Gradient Descent,0.3,0.7,7578,0.320732,0.346871,-0.0046225,1
6,Gradient Descent,0.3,0.7,7579,0.320737,0.346865,-0.00462251,1
6,Gradient Descent,0.3,0.7,7580,0.320742,0.34686,-0.00462252,1
6,Gradient Descent,0.3,0.7,7581,0.320747,0.346854,-0.00462252,1
6,Gradient Descent,0.3,0.7,7582,0.320752,0.346848,-0.00462253,1
6,Gradient Descent,0.3,0.7,7583,0.320757,0.346842,-0.00462253,1
6,Gradient Descent,0.3,0.7,7584,0.320762,0.346837,-0.00462254,1
6,Gradient Descent,0.3,0.7,7585,0.320767,0.346831,-0.00462255,1
6,Gradient Descent,0.3,0.7,7586,0.320772,0.346825,-0.00462255,1
6,Gradient Descent,0.3,0.7,7587,0.320777,0.346819,-0.00462256,1
6,Gradient Descent,0.3,0.7,7588,0.320782,0.346813,-0.00462256,1
6,Gradient Descent,0.3,0.7,7589,0.320787,0.346808,-0.00462257,1
6,Gradient Descent,0.3,0.7,7590,0.320792,0.346802,-0.00462258,1
6,Gradient Descent,0.3,0.7,7591,0.320797,0.346796,-0.00462258,1
6,Gradient Descent,0.3,0.7,7592,0.320802,0.34679,-0.00462259,1
6,Gradient Descent,0.3,0.7,7593,0.320808,0.346785,-0.00462259,1
6,Gradient Descent,0.3,0.7,7594,0.320813,0.346779,-0.0046226,1
6,Gradient Descent,0.3,0.7,7595,0.320818,0.346773,-0.0046226,1
6,Gradient Descent,0.3,0.7,7596,0.320823,0.346767,-0.00462261,1
6,Gradient Descent,0.3,0.7,7597,0.320828,0.346761,-0.00462262,1
6,Gradient Descent,0.3,0.7,7598,0.320833,0.346756,-0.00462262,1
6,Gradient Descent,0.3,0.7,7599,0.320838,0.34675,-0.00462263,1
6,Gradient Descent,0.3,0.7,7600,0.320843,0.346744,-0.00462263,1
6,Gradient Descent,0.3,0.7,7601,0.320848,0.346738,-0.00462264,1
6,Gradient Descent,0.3,0.7,7602,0.320853,0.346733,-0.00462265,1
6,Gradient Descent,0.3,0.7,7603,0.320858,0.346727,-0.00462265,1
6,Gradient Descent,0.3,0.7,7604,0.320863,0.346721,-0.00462266,1
6,Gradient Descent,0.3,0.7,7605,0.320868,0.346716,-0.00462266,1
6,Gradient Descent,0.3,0.7,7606,0.320873,0.34671,-0.00462267,1
6,Gradient Descent,0.3,0.7,7607,0.320878,0.346704,-0.00462267,1
6,Gradient Descent,0.3,0.7,7608,0.320883,0.346698,-0.00462268,1
6,Gradient Descent,0.3,0.7,7609,0.320888,0.346693,-0.00462269,1
6,Gradient Descent,0.3,0.7,7610,0.320893,0.346687,-0.00462269,1
6,Gradient Descent,0.3,0.7,7611,0.320898,0.346681,-0.0046227,1
6,Gradient Descent,0.3,0.7,7612,0.320903,0.346675,-0.0046227,1
6,Gradient Descent,0.3,0.7,7613,0.320908,0.34667,-0.00462271,1
6,Gradient Descent,0.3,0.7,7614,0.320913,0.346664,-0.00462272,1
6,Gradient Descent,0.3,0.7,7615,0.320918,0.346658,-0.00462272,1
6,Gradient Descent,0.3,0.7,7616,0.320923,0.346653,-0.00462273,1
6,Gradient Descent,0.3,0.7,7617,0.320928,0.346647,-0.00462273,1
6,Gradient Descent,0.3,0.7,7618,0.320933,0.346641,-0.00462274,1
6,Gradient Descent,0.3,0.7,7619,0.320938,0.346635,-0.00462274,1
6,Gradient Descent,0.3,0.7,7620,0.320943,0.34663,-0.00462275,1
6,Gradient Descent,0.3,0.7,7621,0.320948,0.346624,-0.00462276,1
6,Gradient Descent,0.3,0.7,7622,0.320953,0.346618,-0.00462276,1
6,Gradient Descent,0.3,0.7,7623,0.320958,0.346613,-0.00462277,1
6,Gradient Descent,0.3,0.7,7624,0.320963,0.346607,-0.00462277,1
6,Gradient Descent,0.3,0.7,7625,0.320967,0.346601,-0.00462278,1
6,Gradient Descent,0.3,0.7,7626,0.320972,0.346596,-0.00462278,1
6,Gradient Descent,0.3,0.7,7627,0.320977,0.34659,-0.00462279,1
6,Gradient Descent,0.3,0.7,7628,0.320982,0.346584,-0.0046228,1
6,Gradient Descent,0.3,0.7,7629,0.320987,0.346579,-0.0046228,1
6,Gradient Descent,0.3,0.7,7630,0.320992,0.346573,-0.00462281,1
6,Gradient Descent,0.3,0.7,7631,0.320997,0.346567,-0.00462281,1
6,Gradient Descent,0.3,0.7,7632,0.321002,0.346562,-0.00462282,1
6,Gradient Descent,0.3,0.7,7633,0.321007,0.346556,-0.00462282,1
6,Gradient Descent,0.3,0.7,7634,0.321012,0.34655,-0.00462283,1
6,Gradient Descent,0.3,0.7,7635,0.321017,0.346545,-0.00462283,1
6,Gradient Descent,0.3,0.7,7636,0.321022,0.346539,-0.00462284,1
6,Gradient Descent,0.3,0.7,7637,0.321027,0.346533,-0.00462285,1
6,Gradient Descent,0.3,0.7,7638,0.321032,0.346528,-0.00462285,1
6,Gradient Descent,0.3,0.7,7639,0.321037,0.346522,-0.00462286,1
6,Gradient Descent,0.3,0.7,7640,0.321042,0.346516,-0.00462286,1
6,Gradient Descent,0.3,0.7,7641,0.321047,0.346511,-0.00462287,1
6,Gradient Descent,0.3,0.7,7642,0.321052,0.346505,-0.00462287,1
6,Gradient Descent,0.3,0.7,7643,0.321057,0.346499,-0.00462288,1
6,Gradient Descent,0.3,0.7,7644,0.321062,0.346494,-0.00462289,1
6,Gradient Descent,0.3,0.7,7645,0.321066,0.346488,-0.00462289,1
6,Gradient Descent,0.3,0.7,7646,0.321071,0.346482,-0.0046229,1
6,Gradient Descent,0.3,0.7,7647,0.321076,0.346477,-0.0046229,1
6,Gradient Descent,0.3,0.7,7648,0.321081,0.346471,-0.00462291,1
6,Gradient Descent,0.3,0.7,7649,0.321086,0.346466,-0.00462291,1
6,Gradient Descent,0.3,0.7,7650,0.321091,0.34646,-0.00462292,1
6,Gradient Descent,0.3,0.7,7651,0.321096,0.346454,-0.00462292,1
6,Gradient Descent,0.3,0.7,7652,0.321101,0.346449,-0.00462293,1
6,Gradient Descent,0.3,0.7,7653,0.321106,0.346443,-0.00462294,1
6,Gradient Descent,0.3,0.7,7654,0.321111,0.346437,-0.00462294,1
6,Gradient Descent,0.3,0.7,7655,0.321116,0.346432,-0.00462295,1
6,Gradient Descent,0.3,0.7,7656,0.321121,0.346426,-0.00462295,1
6,Gradient Descent,0.3,0.7,7657,0.321125,0.346421,-0.00462296,1
6,Gradient Descent,0.3,0.7,7658,0.32113,0.346415,-0.00462296,1
6,Gradient Descent,0.3,0.7,7659,0.321135,0.346409,-0.00462297,1
6,Gradient Descent,0.3,0.7,7660,0.32114,0.346404,-0.00462297,1
6,Gradient Descent,0.3,0.7,7661,0.321145,0.346398,-0.00462298,1
6,Gradient Descent,0.3,0.7,7662,0.32115,0.346393,-0.00462299,1
6,Gradient Descent,0.3,0.7,7663,0.321155,0.346387,-0.00462299,1
6,Gradient Descent,0.3,0.7,7664,0.32116,0.346381,-0.004623,1
6,Gradient Descent,0.3,0.7,7665,0.321165,0.346376,-0.004623,1
6,Gradient Descent,0.3,0.7,7666,0.32117,0.34637,-0.00462301,1
6,Gradient Descent,0.3,0.7,7667,0.321174,0.346365,-0.00462301,1
6,Gradient Descent,0.3,0.7,7668,0.321179,0.346359,-0.00462302,1
6,Gradient Descent,0.3,0.7,7669,0.321184,0.346353,-0.00462302,1
6,Gradient Descent,0.3,0.7,7670,0.321189,0.346348,-0.00462303,1
6,Gradient Descent,0.3,0.7,7671,0.321194,0.346342,-0.00462304,1
6,Gradient Descent,0.3,0.7,7672,0.321199,0.346337,-0.00462304,1
6,Gradient Descent,0.3,0.7,7673,0.321204,0.346331,-0.00462305,1
6,Gradient Descent,0.3,0.7,7674,0.321209,0.346326,-0.00462305,1
6,Gradient Descent,0.3,0.7,7675,0.321213,0.34632,-0.00462306,1
6,Gradient Descent,0.3,0.7,7676,0.321218,0.346314,-0.00462306,1
6,Gradient Descent,0.3,0.7,7677,0.321223,0.346309,-0.00462307,1
6,Gradient Descent,0.3,0.7,7678,0.321228,0.346303,-0.00462307,1
6,Gradient Descent,0.3,0.7,7679,0.321233,0.346298,-0.00462308,1
6,Gradient Descent,0.3,0.7,7680,0.321238,0.346292,-0.00462308,1
6,Gradient Descent,0.3,0.7,7681,0.321243,0.346287,-0.00462309,1
6,Gradient Descent,0.3,0.7,7682,0.321248,0.346281,-0.0046231,1
6,Gradient Descent,0.3,0.7,7683,0.321252,0.346276,-0.0046231,1
6,Gradient Descent,0.3,0.7,7684,0.321257,0.34627,-0.00462311,1
6,Gradient Descent,0.3,0.7,7685,0.321262,0.346265,-0.00462311,1
6,Gradient Descent,0.3,0.7,7686,0.321267,0.346259,-0.00462312,1
6,Gradient Descent,0.3,0.7,7687,0.321272,0.346253,-0.00462312,1
6,Gradient Descent,0.3,0.7,7688,0.321277,0.346248,-0.00462313,1
6,Gradient Descent,0.3,0.7,7689,0.321281,0.346242,-0.00462313,1
6,Gradient Descent,0.3,0.7,7690,0.321286,0.346237,-0.00462314,1
6,Gradient Descent,0.3,0.7,7691,0.321291,0.346231,-0.00462314,1
6,Gradient Descent,0.3,0.7,7692,0.321296,0.346226,-0.00462315,1
6,Gradient Descent,0.3,0.7,7693,0.321301,0.34622,-0.00462315,1
6,Gradient Descent,0.3,0.7,7694,0.321306,0.346215,-0.00462316,1
6,Gradient Descent,0.3,0.7,7695,0.321311,0.346209,-0.00462317,1
6,Gradient Descent,0.3,0.7,7696,0.321315,0.346204,-0.00462317,1
6,Gradient Descent,0.3,0.7,7697,0.32132,0.346198,-0.00462318,1
6,Gradient Descent,0.3,0.7,7698,0.321325,0.346193,-0.00462318,1
6,Gradient Descent,0.3,0.7,7699,0.32133,0.346187,-0.00462319,1
6,Gradient Descent,0.3,0.7,7700,0.321335,0.346182,-0.00462319,1
6,Gradient Descent,0.3,0.7,7701,0.32134,0.346176,-0.0046232,1
6,Gradient Descent,0.3,0.7,7702,0.321344,0.346171,-0.0046232,1
6,Gradient Descent,0.3,0.7,7703,0.321349,0.346165,-0.00462321,1
6,Gradient Descent,0.3,0.7,7704,0.321354,0.34616,-0.00462321,1
6,Gradient Descent,0.3,0.7,7705,0.321359,0.346154,-0.00462322,1
6,Gradient Descent,0.3,0.7,7706,0.321364,0.346149,-0.00462322,1
6,Gradient Descent,0.3,0.7,7707,0.321368,0.346143,-0.00462323,1
6,Gradient Descent,0.3,0.7,7708,0.321373,0.346138,-0.00462324,1
6,Gradient Descent,0.3,0.7,7709,0.321378,0.346132,-0.00462324,1
6,Gradient Descent,0.3,0.7,7710,0.321383,0.346127,-0.00462325,1
6,Gradient Descent,0.3,0.7,7711,0.321388,0.346121,-0.00462325,1
6,Gradient Descent,0.3,0.7,7712,0.321392,0.346116,-0.00462326,1
6,Gradient Descent,0.3,0.7,7713,0.321397,0.34611,-0.00462326,1
6,Gradient Descent,0.3,0.7,7714,0.321402,0.346105,-0.00462327,1
6,Gradient Descent,0.3,0.7,7715,0.321407,0.346099,-0.00462327,1
6,Gradient Descent,0.3,0.7,7716,0.321412,0.346094,-0.00462328,1
6,Gradient Descent,0.3,0.7,7717,0.321416,0.346088,-0.00462328,1
6,Gradient Descent,0.3,0.7,7718,0.321421,0.346083,-0.00462329,1
6,Gradient Descent,0.3,0.7,7719,0.321426,0.346078,-0.00462329,1
6,Gradient Descent,0.3,0.7,7720,0.321431,0.346072,-0.0046233,1
6,Gradient Descent,0.3,0.7,7721,0.321436,0.346067,-0.0046233,1
6,Gradient Descent,0.3,0.7,7722,0.32144,0.346061,-0.00462331,1
6,Gradient Descent,0.3,0.7,7723,0.321445,0.346056,-0.00462331,1
6,Gradient Descent,0.3,0.7,7724,0.32145,0.34605,-0.00462332,1
6,Gradient Descent,0.3,0.7,7725,0.321455,0.346045,-0.00462332,1
6,Gradient Descent,0.3,0.7,7726,0.32146,0.346039,-0.00462333,1
6,Gradient Descent,0.3,0.7,7727,0.321464,0.346034,-0.00462334,1
6,Gradient Descent,0.3,0.7,7728,0.321469,0.346029,-0.00462334,1
6,Gradient Descent,0.3,0.7,7729,0.321474,0.346023,-0.00462335,1
6,Gradient Descent,0.3,0.7,7730,0.321479,0.346018,-0.00462335,1
6,Gradient Descent,0.3,0.7,7731,0.321483,0.346012,-0.00462336,1
6,Gradient Descent,0.3,0.7,7732,0.321488,0.346007,-0.00462336,1
6,Gradient Descent,0.3,0.7,7733,0.321493,0.346001,-0.00462337,1
6,Gradient Descent,0.3,0.7,7734,0.321498,0.345996,-0.00462337,1
6,Gradient Descent,0.3,0.7,7735,0.321502,0.345991,-0.00462338,1
6,Gradient Descent,0.3,0.7,7736,0.321507,0.345985,-0.00462338,1
6,Gradient Descent,0.3,0.7,7737,0.321512,0.34598,-0.00462339,1
6,Gradient Descent,0.3,0.7,7738,0.321517,0.345974,-0.00462339,1
6,Gradient Descent,0.3,0.7,7739,0.321521,0.345969,-0.0046234,1
6,Gradient Descent,0.3,0.7,7740,0.321526,0.345963,-0.0046234,1
6,Gradient Descent,0.3,0.7,7741,0.321531,0.345958,-0.00462341,1
6,Gradient Descent,0.3,0.7,7742,0.321536,0.345953,-0.00462341,1
6,Gradient Descent,0.3,0.7,7743,0.32154,0.345947,-0.00462342,1
6,Gradient Descent,0.3,0.7,7744,0.321545,0.345942,-0.00462342,1
6,Gradient Descent,0.3,0.7,7745,0.32155,0.345936,-0.00462343,1
6,Gradient Descent,0.3,0.7,7746,0.321555,0.345931,-0.00462343,1
6,Gradient Descent,0.3,0.7,7747,0.321559,0.345926,-0.00462344,1
6,Gradient Descent,0.3,0.7,7748,0.321564,0.34592,-0.00462344,1
6,Gradient Descent,0.3,0.7,7749,0.321569,0.345915,-0.00462345,1
6,Gradient Descent,0.3,0.7,7750,0.321574,0.34591,-0.00462345,1
6,Gradient Descent,0.3,0.7,7751,0.321578,0.345904,-0.00462346,1
6,Gradient Descent,0.3,0.7,7752,0.321583,0.345899,-0.00462347,1
6,Gradient Descent,0.3,0.7,7753,0.321588,0.345893,-0.00462347,1
6,Gradient Descent,0.3,0.7,7754,0.321593,0.345888,-0.00462348,1
6,Gradient Descent,0.3,0.7,7755,0.321597,0.345883,-0.00462348,1
6,Gradient Descent,0.3,0.7,7756,0.321602,0.345877,-0.00462349,1
6,Gradient Descent,0.3,0.7,7757,0.321607,0.345872,-0.00462349,1
6,Gradient Descent,0.3,0.7,7758,0.321611,0.345867,-0.0046235,1
6,Gradient Descent,0.3,0.7,7759,0.321616,0.345861,-0.0046235,1
6,Gradient Descent,0.3,0.7,7760,0.321621,0.345856,-0.00462351,1
6,Gradient Descent,0.3,0.7,7761,0.321626,0.34585,-0.00462351,1
6,Gradient Descent,0.3,0.7,7762,0.32163,0.345845,-0.00462352,1
6,Gradient Descent,0.3,0.7,7763,0.321635,0.34584,-0.00462352,1
6,Gradient Descent,0.3,0.7,7764,0.32164,0.345834,-0.00462353,1
6,Gradient Descent,0.3,0.7,7765,0.321644,0.345829,-0.00462353,1
6,Gradient Descent,0.3,0.7,7766,0.321649,0.345824,-0.00462354,1
6,Gradient Descent,0.3,0.7,7767,0.321654,0.345818,-0.00462354,1
6,Gradient Descent,0.3,0.7,7768,0.321659,0.345813,-0.00462355,1
6,Gradient Descent,0.3,0.7,7769,0.321663,0.345808,-0.00462355,1
6,Gradient Descent,0.3,0.7,7770,0.321668,0.345802,-0.00462356,1
6,Gradient Descent,0.3,0.7,7771,0.321673,0.345797,-0.00462356,1
6,Gradient Descent,0.3,0.7,7772,0.321677,0.345792,-0.00462357,1
6,Gradient Descent,0.3,0.7,7773,0.321682,0.345786,-0.00462357,1
6,Gradient Descent,0.3,0.7,7774,0.321687,0.345781,-0.00462358,1
6,Gradient Descent,0.3,0.7,7775,0.321691,0.345776,-0.00462358,1
6,Gradient Descent,0.3,0.7,7776,0.321696,0.34577,-0.00462359,1
6,Gradient Descent,0.3,0.7,7777,0.321701,0.345765,-0.00462359,1
6,Gradient Descent,0.3,0.7,7778,0.321705,0.34576,-0.0046236,1
6,Gradient Descent,0.3,0.7,7779,0.32171,0.345754,-0.0046236,1
6,Gradient Descent,0.3,0.7,7780,0.321715,0.345749,-0.00462361,1
6,Gradient Descent,0.3,0.7,7781,0.321719,0.345744,-0.00462361,1
6,Gradient Descent,0.3,0.7,7782,0.321724,0.345738,-0.00462362,1
6,Gradient Descent,0.3,0.7,7783,0.321729,0.345733,-0.00462362,1
6,Gradient Descent,0.3,0.7,7784,0.321733,0.345728,-0.00462363,1
6,Gradient Descent,0.3,0.7,7785,0.321738,0.345722,-0.00462363,1
6,Gradient Descent,0.3,0.7,7786,0.321743,0.345717,-0.00462364,1
6,Gradient Descent,0.3,0.7,7787,0.321747,0.345712,-0.00462364,1
6,Gradient Descent,0.3,0.7,7788,0.321752,0.345707,-0.00462365,1
6,Gradient Descent,0.3,0.7,7789,0.321757,0.345701,-0.00462365,1
6,Gradient Descent,0.3,0.7,7790,0.321761,0.345696,-0.00462366,1
6,Gradient Descent,0.3,0.7,7791,0.321766,0.345691,-0.00462366,1
6,Gradient Descent,0.3,0.7,7792,0.321771,0.345685,-0.00462367,1
6,Gradient Descent,0.3,0.7,7793,0.321775,0.34568,-0.00462367,1
6,Gradient Descent,0.3,0.7,7794,0.32178,0.345675,-0.00462368,1
6,Gradient Descent,0.3,0.7,7795,0.321785,0.34567,-0.00462368,1
6,Gradient Descent,0.3,0.7,7796,0.321789,0.345664,-0.00462369,1
6,Gradient Descent,0.3,0.7,7797,0.321794,0.345659,-0.00462369,1
6,Gradient Descent,0.3,0.7,7798,0.321799,0.345654,-0.0046237,1
6,Gradient Descent,0.3,0.7,7799,0.321803,0.345648,-0.0046237,1
6,Gradient Descent,0.3,0.7,7800,0.321808,0.345643,-0.00462371,1
6,Gradient Descent,0.3,0.7,7801,0.321813,0.345638,-0.00462371,1
6,Gradient Descent,0.3,0.7,7802,0.321817,0.345633,-0.00462372,1
6,Gradient Descent,0.3,0.7,7803,0.321822,0.345627,-0.00462372,1
6,Gradient Descent,0.3,0.7,7804,0.321827,0.345622,-0.00462373,1
6,Gradient Descent,0.3,0.7,7805,0.321831,0.345617,-0.00462373,1
6,Gradient Descent,0.3,0.7,7806,0.321836,0.345612,-0.00462374,1
6,Gradient Descent,0.3,0.7,7807,0.32184,0.345606,-0.00462374,1
6,Gradient Descent,0.3,0.7,7808,0.321845,0.345601,-0.00462375,1
6,Gradient Descent,0.3,0.7,7809,0.32185,0.345596,-0.00462375,1
6,Gradient Descent,0.3,0.7,7810,0.321854,0.345591,-0.00462376,1
6,Gradient Descent,0.3,0.7,7811,0.321859,0.345585,-0.00462376,1
6,Gradient Descent,0.3,0.7,7812,0.321864,0.34558,-0.00462377,1
6,Gradient Descent,0.3,0.7,7813,0.321868,0.345575,-0.00462377,1
6,Gradient Descent,0.3,0.7,7814,0.321873,0.34557,-0.00462378,1
6,Gradient Descent,0.3,0.7,7815,0.321877,0.345564,-0.00462378,1
6,Gradient Descent,0.3,0.7,7816,0.321882,0.345559,-0.00462378,1
6,Gradient Descent,0.3,0.7,7817,0.321887,0.345554,-0.00462379,1
6,Gradient Descent,0.3,0.7,7818,0.321891,0.345549,-0.00462379,1
6,Gradient Descent,0.3,0.7,7819,0.321896,0.345544,-0.0046238,1
6,Gradient Descent,0.3,0.7,7820,0.3219,0.345538,-0.0046238,1
6,Gradient Descent,0.3,0.7,7821,0.321905,0.345533,-0.00462381,1
6,Gradient Descent,0.3,0.7,7822,0.32191,0.345528,-0.00462381,1
6,Gradient Descent,0.3,0.7,7823,0.321914,0.345523,-0.00462382,1
6,Gradient Descent,0.3,0.7,7824,0.321919,0.345517,-0.00462382,1
6,Gradient Descent,0.3,0.7,7825,0.321923,0.345512,-0.00462383,1
6,Gradient Descent,0.3,0.7,7826,0.321928,0.345507,-0.00462383,1
6,Gradient Descent,0.3,0.7,7827,0.321933,0.345502,-0.00462384,1
6,Gradient Descent,0.3,0.7,7828,0.321937,0.345497,-0.00462384,1
6,Gradient Descent,0.3,0.7,7829,0.321942,0.345491,-0.00462385,1
6,Gradient Descent,0.3,0.7,7830,0.321946,0.345486,-0.00462385,1
6,Gradient Descent,0.3,0.7,7831,0.321951,0.345481,-0.00462386,1
6,Gradient Descent,0.3,0.7,7832,0.321956,0.345476,-0.00462386,1
6,Gradient Descent,0.3,0.7,7833,0.32196,0.345471,-0.00462387,1
6,Gradient Descent,0.3,0.7,7834,0.321965,0.345465,-0.00462387,1
6,Gradient Descent,0.3,0.7,7835,0.321969,0.34546,-0.00462388,1
6,Gradient Descent,0.3,0.7,7836,0.321974,0.345455,-0.00462388,1
6,Gradient Descent,0.3,0.7,7837,0.321978,0.34545,-0.00462389,1
6,Gradient Descent,0.3,0.7,7838,0.321983,0.345445,-0.00462389,1
6,Gradient Descent,0.3,0.7,7839,0.321988,0.345439,-0.0046239,1
6,Gradient Descent,0.3,0.7,7840,0.321992,0.345434,-0.0046239,1
6,Gradient Descent,0.3,0.7,7841,0.321997,0.345429,-0.00462391,1
6,Gradient Descent,0.3,0.7,7842,0.322001,0.345424,-0.00462391,1
6,Gradient Descent,0.3,0.7,7843,0.322006,0.345419,-0.00462391,1
6,Gradient Descent,0.3,0.7,7844,0.32201,0.345414,-0.00462392,1
6,Gradient Descent,0.3,0.7,7845,0.322015,0.345408,-0.00462392,1
6,Gradient Descent,0.3,0.7,7846,0.32202,0.345403,-0.00462393,1
6,Gradient Descent,0.3,0.7,7847,0.322024,0.345398,-0.00462393,1
6,Gradient Descent,0.3,0.7,7848,0.322029,0.345393,-0.00462394,1
6,Gradient Descent,0.3,0.7,7849,0.322033,0.345388,-0.00462394,1
6,Gradient Descent,0.3,0.7,7850,0.322038,0.345383,-0.00462395,1
6,Gradient Descent,0.3,0.7,7851,0.322042,0.345377,-0.00462395,1
6,Gradient Descent,0.3,0.7,7852,0.322047,0.345372,-0.00462396,1
6,Gradient Descent,0.3,0.7,7853,0.322051,0.345367,-0.00462396,1
6,Gradient Descent,0.3,0.7,7854,0.322056,0.345362,-0.00462397,1
6,Gradient Descent,0.3,0.7,7855,0.322061,0.345357,-0.00462397,1
6,Gradient Descent,0.3,0.7,7856,0.322065,0.345352,-0.00462398,1
6,Gradient Descent,0.3,0.7,7857,0.32207,0.345347,-0.00462398,1
6,Gradient Descent,0.3,0.7,7858,0.322074,0.345341,-0.00462399,1
6,Gradient Descent,0.3,0.7,7859,0.322079,0.345336,-0.00462399,1
6,Gradient Descent,0.3,0.7,7860,0.322083,0.345331,-0.00462399,1
6,Gradient Descent,0.3,0.7,7861,0.322088,0.345326,-0.004624,1
6,Gradient Descent,0.3,0.7,7862,0.322092,0.345321,-0.004624,1
6,Gradient Descent,0.3,0.7,7863,0.322097,0.345316,-0.00462401,1
6,Gradient Descent,0.3,0.7,7864,0.322101,0.345311,-0.00462401,1
6,Gradient Descent,0.3,0.7,7865,0.322106,0.345306,-0.00462402,1
6,Gradient Descent,0.3,0.7,7866,0.32211,0.3453,-0.00462402,1
6,Gradient Descent,0.3,0.7,7867,0.322115,0.345295,-0.00462403,1
6,Gradient Descent,0.3,0.7,7868,0.322119,0.34529,-0.00462403,1
6,Gradient Descent,0.3,0.7,7869,0.322124,0.345285,-0.00462404,1
6,Gradient Descent,0.3,0.7,7870,0.322129,0.34528,-0.00462404,1
6,Gradient Descent,0.3,0.7,7871,0.322133,0.345275,-0.00462405,1
6,Gradient Descent,0.3,0.7,7872,0.322138,0.34527,-0.00462405,1
6,Gradient Descent,0.3,0.7,7873,0.322142,0.345265,-0.00462406,1
6,Gradient Descent,0.3,0.7,7874,0.322147,0.34526,-0.00462406,1
6,Gradient Descent,0.3,0.7,7875,0.322151,0.345254,-0.00462406,1
6,Gradient Descent,0.3,0.7,7876,0.322156,0.345249,-0.00462407,1
6,Gradient Descent,0.3,0.7,7877,0.32216,0.345244,-0.00462407,1
6,Gradient Descent,0.3,0.7,7878,0.322165,0.345239,-0.00462408,1
6,Gradient Descent,0.3,0.7,7879,0.322169,0.345234,-0.00462408,1
6,Gradient Descent,0.3,0.7,7880,0.322174,0.345229,-0.00462409,1
6,Gradient Descent,0.3,0.7,7881,0.322178,0.345224,-0.00462409,1
6,Gradient Descent,0.3,0.7,7882,0.322183,0.345219,-0.0046241,1
6,Gradient Descent,0.3,0.7,7883,0.322187,0.345214,-0.0046241,1
6,Gradient Descent,0.3,0.7,7884,0.322192,0.345209,-0.00462411,1
6,Gradient Descent,0.3,0.7,7885,0.322196,0.345204,-0.00462411,1
6,Gradient Descent,0.3,0.7,7886,0.322201,0.345198,-0.00462412,1
6,Gradient Descent,0.3,0.7,7887,0.322205,0.345193,-0.00462412,1
6,Gradient Descent,0.3,0.7,7888,0.32221,0.345188,-0.00462412,1
6,Gradient Descent,0.3,0.7,7889,0.322214,0.345183,-0.00462413,1
6,Gradient Descent,0.3,0.7,7890,0.322218,0.345178,-0.00462413,1
6,Gradient Descent,0.3,0.7,7891,0.322223,0.345173,-0.00462414,1
6,Gradient Descent,0.3,0.7,7892,0.322227,0.345168,-0.00462414,1
6,Gradient Descent,0.3,0.7,7893,0.322232,0.345163,-0.00462415,1
6,Gradient Descent,0.3,0.7,7894,0.322236,0.345158,-0.00462415,1
6,Gradient Descent,0.3,0.7,7895,0.322241,0.345153,-0.00462416,1
6,Gradient Descent,0.3,0.7,7896,0.322245,0.345148,-0.00462416,1
6,Gradient Descent,0.3,0.7,7897,0.32225,0.345143,-0.00462417,1
6,Gradient Descent,0.3,0.7,7898,0.322254,0.345138,-0.00462417,1
6,Gradient Descent,0.3,0.7,7899,0.322259,0.345133,-0.00462417,1
6,Gradient Descent,0.3,0.7,7900,0.322263,0.345128,-0.00462418,1
6,Gradient Descent,0.3,0.7,7901,0.322268,0.345123,-0.00462418,1
6,Gradient Descent,0.3,0.7,7902,0.322272,0.345118,-0.00462419,1
6,Gradient Descent,0.3,0.7,7903,0.322277,0.345113,-0.00462419,1
6,Gradient Descent,0.3,0.7,7904,0.322281,0.345108,-0.0046242,1
6,Gradient Descent,0.3,0.7,7905,0.322286,0.345102,-0.0046242,1
6,Gradient Descent,0.3,0.7,7906,0.32229,0.345097,-0.00462421,1
6,Gradient Descent,0.3,0.7,7907,0.322294,0.345092,-0.00462421,1
6,Gradient Descent,0.3,0.7,7908,0.322299,0.345087,-0.00462422,1
6,Gradient Descent,0.3,0.7,7909,0.322303,0.345082,-0.00462422,1
6,Gradient Descent,0.3,0.7,7910,0.322308,0.345077,-0.00462422,1
6,Gradient Descent,0.3,0.7,7911,0.322312,0.345072,-0.00462423,1
6,Gradient Descent,0.3,0.7,7912,0.322317,0.345067,-0.00462423,1
6,Gradient Descent,0.3,0.7,7913,0.322321,0.345062,-0.00462424,1
6,Gradient Descent,0.3,0.7,7914,0.322326,0.345057,-0.00462424,1
6,Gradient Descent,0.3,0.7,7915,0.32233,0.345052,-0.00462425,1
6,Gradient Descent,0.3,0.7,7916,0.322334,0.345047,-0.00462425,1
6,Gradient Descent,0.3,0.7,7917,0.322339,0.345042,-0.00462426,1
6,Gradient Descent,0.3,0.7,7918,0.322343,0.345037,-0.00462426,1
6,Gradient Descent,0.3,0.7,7919,0.322348,0.345032,-0.00462426,1
6,Gradient Descent,0.3,0.7,7920,0.322352,0.345027,-0.00462427,1
6,Gradient Descent,0.3,0.7,7921,0.322357,0.345022,-0.00462427,1
6,Gradient Descent,0.3,0.7,7922,0.322361,0.345017,-0.00462428,1
6,Gradient Descent,0.3,0.7,7923,0.322365,0.345012,-0.00462428,1
6,Gradient Descent,0.3,0.7,7924,0.32237,0.345007,-0.00462429,1
6,Gradient Descent,0.3,0.7,7925,0.322374,0.345002,-0.00462429,1
6,Gradient Descent,0.3,0.7,7926,0.322379,0.344997,-0.0046243,1
6,Gradient Descent,0.3,0.7,7927,0.322383,0.344992,-0.0046243,1
6,Gradient Descent,0.3,0.7,7928,0.322388,0.344987,-0.0046243,1
6,Gradient Descent,0.3,0.7,7929,0.322392,0.344982,-0.00462431,1
6,Gradient Descent,0.3,0.7,7930,0.322396,0.344977,-0.00462431,1
6,Gradient Descent,0.3,0.7,7931,0.322401,0.344972,-0.00462432,1
6,Gradient Descent,0.3,0.7,7932,0.322405,0.344967,-0.00462432,1
6,Gradient Descent,0.3,0.7,7933,0.32241,0.344962,-0.00462433,1
6,Gradient Descent,0.3,0.7,7934,0.322414,0.344957,-0.00462433,1
6,Gradient Descent,0.3,0.7,7935,0.322418,0.344952,-0.00462434,1
6,Gradient Descent,0.3,0.7,7936,0.322423,0.344947,-0.00462434,1
6,Gradient Descent,0.3,0.7,7937,0.322427,0.344943,-0.00462434,1
6,Gradient Descent,0.3,0.7,7938,0.322432,0.344938,-0.00462435,1
6,Gradient Descent,0.3,0.7,7939,0.322436,0.344933,-0.00462435,1
6,Gradient Descent,0.3,0.7,7940,0.32244,0.344928,-0.00462436,1
6,Gradient Descent,0.3,0.7,7941,0.322445,0.344923,-0.00462436,1
6,Gradient Descent,0.3,0.7,7942,0.322449,0.344918,-0.00462437,1
6,Gradient Descent,0.3,0.7,7943,0.322454,0.344913,-0.00462437,1
6,Gradient Descent,0.3,0.7,7944,0.322458,0.344908,-0.00462438,1
6,Gradient Descent,0.3,0.7,7945,0.322462,0.344903,-0.00462438,1
6,Gradient Descent,0.3,0.7,7946,0.322467,0.344898,-0.00462438,1
6,Gradient Descent,0.3,0.7,7947,0.322471,0.344893,-0.00462439,1
6,Gradient Descent,0.3,0.7,7948,0.322476,0.344888,-0.00462439,1
6,Gradient Descent,0.3,0.7,7949,0.32248,0.344883,-0.0046244,1
6,Gradient Descent,0.3,0.7,7950,0.322484,0.344878,-0.0046244,1
6,Gradient Descent,0.3,0.7,7951,0.322489,0.344873,-0.00462441,1
6,Gradient Descent,0.3,0.7,7952,0.322493,0.344868,-0.00462441,1
6,Gradient Descent,0.3,0.7,7953,0.322497,0.344863,-0.00462441,1
6,Gradient Descent,0.3,0.7,7954,0.322502,0.344858,-0.00462442,1
6,Gradient Descent,0.3,0.7,7955,0.322506,0.344854,-0.00462442,1
6,Gradient Descent,0.3,0.7,7956,0.32251,0.344849,-0.00462443,1
6,Gradient Descent,0.3,0.7,7957,0.322515,0.344844,-0.00462443,1
6,Gradient Descent,0.3,0.7,7958,0.322519,0.344839,-0.00462444,1
6,Gradient Descent,0.3,0.7,7959,0.322524,0.344834,-0.00462444,1
6,Gradient Descent,0.3,0.7,7960,0.322528,0.344829,-0.00462444,1
6,Gradient Descent,0.3,0.7,7961,0.322532,0.344824,-0.00462445,1
6,Gradient Descent,0.3,0.7,7962,0.322537,0.344819,-0.00462445,1
6,Gradient Descent,0.3,0.7,7963,0.322541,0.344814,-0.00462446,1
6,Gradient Descent,0.3,0.7,7964,0.322545,0.344809,-0.00462446,1
6,Gradient Descent,0.3,0.7,7965,0.32255,0.344804,-0.00462447,1
6,Gradient Descent,0.3,0.7,7966,0.322554,0.344799,-0.00462447,1
6,Gradient Descent,0.3,0.7,7967,0.322558,0.344795,-0.00462448,1
6,Gradient Descent,0.3,0.7,7968,0.322563,0.34479,-0.00462448,1
6,Gradient Descent,0.3,0.7,7969,0.322567,0.344785,-0.00462448,1
6,Gradient Descent,0.3,0.7,7970,0.322571,0.34478,-0.00462449,1
6,Gradient Descent,0.3,0.7,7971,0.322576,0.344775,-0.00462449,1
6,Gradient Descent,0.3,0.7,7972,0.32258,0.34477,-0.0046245,1
6,Gradient Descent,0.3,0.7,7973,0.322585,0.344765,-0.0046245,1
6,Gradient Descent,0.3,0.7,7974,0.322589,0.34476,-0.0046245,1
6,Gradient Descent,0.3,0.7,7975,0.322593,0.344755,-0.00462451,1
6,Gradient Descent,0.3,0.7,7976,0.322598,0.344751,-0.00462451,1
6,Gradient Descent,0.3,0.7,7977,0.322602,0.344746,-0.00462452,1
6,Gradient Descent,0.3,0.7,7978,0.322606,0.344741,-0.00462452,1
6,Gradient Descent,0.3,0.7,7979,0.322611,0.344736,-0.00462453,1
6,Gradient Descent,0.3,0.7,7980,0.322615,0.344731,-0.00462453,1
6,Gradient Descent,0.3,0.7,7981,0.322619,0.344726,-0.00462453,1
6,Gradient Descent,0.3,0.7,7982,0.322623,0.344721,-0.00462454,1
6,Gradient Descent,0.3,0.7,7983,0.322628,0.344716,-0.00462454,1
6,Gradient Descent,0.3,0.7,7984,0.322632,0.344712,-0.00462455,1
6,Gradient Descent,0.3,0.7,7985,0.322636,0.344707,-0.00462455,1
6,Gradient Descent,0.3,0.7,7986,0.322641,0.344702,-0.00462456,1
6,Gradient Descent,0.3,0.7,7987,0.322645,0.344697,-0.00462456,1
6,Gradient Descent,0.3,0.7,7988,0.322649,0.344692,-0.00462456,1
6,Gradient Descent,0.3,0.7,7989,0.322654,0.344687,-0.00462457,1
6,Gradient Descent,0.3,0.7,7990,0.322658,0.344682,-0.00462457,1
6,Gradient Descent,0.3,0.7,7991,0.322662,0.344678,-0.00462458,1
6,Gradient Descent,0.3,0.7,7992,0.322667,0.344673,-0.00462458,1
6,Gradient Descent,0.3,0.7,7993,0.322671,0.344668,-0.00462459,1
6,Gradient Descent,0.3,0.7,7994,0.322675,0.344663,-0.00462459,1
6,Gradient Descent,0.3,0.7,7995,0.32268,0.344658,-0.00462459,1
6,Gradient Descent,0.3,0.7,7996,0.322684,0.344653,-0.0046246,1
6,Gradient Descent,0.3,0.7,7997,0.322688,0.344649,-0.0046246,1
6,Gradient Descent,0.3,0.7,7998,0.322692,0.344644,-0.00462461,1
6,Gradient Descent,0.3,0.7,7999,0.322697,0.344639,-0.00462461,1
6,Gradient Descent,0.3,0.7,8000,0.322701,0.344634,-0.00462461,1
6,Gradient Descent,0.3,0.7,8001,0.322705,0.344629,-0.00462462,1
6,Gradient Descent,0.3,0.7,8002,0.32271,0.344624,-0.00462462,1
6,Gradient Descent,0.3,0.7,8003,0.322714,0.34462,-0.00462463,1
6,Gradient Descent,0.3,0.7,8004,0.322718,0.344615,-0.00462463,1
6,Gradient Descent,0.3,0.7,8005,0.322722,0.34461,-0.00462464,1
6,Gradient Descent,0.3,0.7,8006,0.322727,0.344605,-0.00462464,1
6,Gradient Descent,0.3,0.7,8007,0.322731,0.3446,-0.00462464,1
6,Gradient Descent,0.3,0.7,8008,0.322735,0.344596,-0.00462465,1
6,Gradient Descent,0.3,0.7,8009,0.32274,0.344591,-0.00462465,1
6,Gradient Descent,0.3,0.7,8010,0.322744,0.344586,-0.00462466,1
6,Gradient Descent,0.3,0.7,8011,0.322748,0.344581,-0.00462466,1
6,Gradient Descent,0.3,0.7,8012,0.322752,0.344576,-0.00462466,1
6,Gradient Descent,0.3,0.7,8013,0.322757,0.344571,-0.00462467,1
6,Gradient Descent,0.3,0.7,8014,0.322761,0.344567,-0.00462467,1
6,Gradient Descent,0.3,0.7,8015,0.322765,0.344562,-0.00462468,1
6,Gradient Descent,0.3,0.7,8016,0.32277,0.344557,-0.00462468,1
6,Gradient Descent,0.3,0.7,8017,0.322774,0.344552,-0.00462469,1
6,Gradient Descent,0.3,0.7,8018,0.322778,0.344548,-0.00462469,1
6,Gradient Descent,0.3,0.7,8019,0.322782,0.344543,-0.00462469,1
6,Gradient Descent,0.3,0.7,8020,0.322787,0.344538,-0.0046247,1
6,Gradient Descent,0.3,0.7,8021,0.322791,0.344533,-0.0046247,1
6,Gradient Descent,0.3,0.7,8022,0.322795,0.344528,-0.00462471,1
6,Gradient Descent,0.3,0.7,8023,0.322799,0.344524,-0.00462471,1
6,Gradient Descent,0.3,0.7,8024,0.322804,0.344519,-0.00462471,1
6,Gradient Descent,0.3,0.7,8025,0.322808,0.344514,-0.00462472,1
6,Gradient Descent,0.3,0.7,8026,0.322812,0.344509,-0.00462472,1
6,Gradient Descent,0.3,0.7,8027,0.322816,0.344504,-0.00462473,1
6,Gradient Descent,0.3,0.7,8028,0.322821,0.3445,-0.00462473,1
6,Gradient Descent,0.3,0.7,8029,0.322825,0.344495,-0.00462473,1
6,Gradient Descent,0.3,0.7,8030,0.322829,0.34449,-0.00462474,1
6,Gradient Descent,0.3,0.7,8031,0.322833,0.344485,-0.00462474,1
6,Gradient Descent,0.3,0.7,8032,0.322838,0.344481,-0.00462475,1
6,Gradient Descent,0.3,0.7,8033,0.322842,0.344476,-0.00462475,1
6,Gradient Descent,0.3,0.7,8034,0.322846,0.344471,-0.00462475,1
6,Gradient Descent,0.3,0.7,8035,0.32285,0.344466,-0.00462476,1
6,Gradient Descent,0.3,0.7,8036,0.322855,0.344462,-0.00462476,1
6,Gradient Descent,0.3,0.7,8037,0.322859,0.344457,-0.00462477,1
6,Gradient Descent,0.3,0.7,8038,0.322863,0.344452,-0.00462477,1
6,Gradient Descent,0.3,0.7,8039,0.322867,0.344447,-0.00462477,1
6,Gradient Descent,0.3,0.7,8040,0.322871,0.344443,-0.00462478,1
6,Gradient Descent,0.3,0.7,8041,0.322876,0.344438,-0.00462478,1
6,Gradient Descent,0.3,0.7,8042,0.32288,0.344433,-0.00462479,1
6,Gradient Descent,0.3,0.7,8043,0.322884,0.344428,-0.00462479,1
6,Gradient Descent,0.3,0.7,8044,0.322888,0.344424,-0.0046248,1
6,Gradient Descent,0.3,0.7,8045,0.322893,0.344419,-0.0046248,1
6,Gradient Descent,0.3,0.7,8046,0.322897,0.344414,-0.0046248,1
6,Gradient Descent,0.3,0.7,8047,0.322901,0.344409,-0.00462481,1
6,Gradient Descent,0.3,0.7,8048,0.322905,0.344405,-0.00462481,1
6,Gradient Descent,0.3,0.7,8049,0.322909,0.3444,-0.00462482,1
6,Gradient Descent,0.3,0.7,8050,0.322914,0.344395,-0.00462482,1
6,Gradient Descent,0.3,0.7,8051,0.322918,0.344391,-0.00462482,1
6,Gradient Descent,0.3,0.7,8052,0.322922,0.344386,-0.00462483,1
6,Gradient Descent,0.3,0.7,8053,0.322926,0.344381,-0.00462483,1
6,Gradient Descent,0.3,0.7,8054,0.32293,0.344376,-0.00462484,1
6,Gradient Descent,0.3,0.7,8055,0.322935,0.344372,-0.00462484,1
6,Gradient Descent,0.3,0.7,8056,0.322939,0.344367,-0.00462484,1
6,Gradient Descent,0.3,0.7,8057,0.322943,0.344362,-0.00462485,1
6,Gradient Descent,0.3,0.7,8058,0.322947,0.344357,-0.00462485,1
6,Gradient Descent,0.3,0.7,8059,0.322951,0.344353,-0.00462486,1
6,Gradient Descent,0.3,0.7,8060,0.322956,0.344348,-0.00462486,1
6,Gradient Descent,0.3,0.7,8061,0.32296,0.344343,-0.00462486,1
6,Gradient Descent,0.3,0.7,8062,0.322964,0.344339,-0.00462487,1
6,Gradient Descent,0.3,0.7,8063,0.322968,0.344334,-0.00462487,1
6,Gradient Descent,0.3,0.7,8064,0.322972,0.344329,-0.00462487,1
6,Gradient Descent,0.3,0.7,8065,0.322977,0.344325,-0.00462488,1
6,Gradient Descent,0.3,0.7,8066,0.322981,0.34432,-0.00462488,1
6,Gradient Descent,0.3,0.7,8067,0.322985,0.344315,-0.00462489,1
6,Gradient Descent,0.3,0.7,8068,0.322989,0.344311,-0.00462489,1
6,Gradient Descent,0.3,0.7,8069,0.322993,0.344306,-0.00462489,1
6,Gradient Descent,0.3,0.7,8070,0.322997,0.344301,-0.0046249,1
6,Gradient Descent,0.3,0.7,8071,0.323002,0.344296,-0.0046249,1
6,Gradient Descent,0.3,0.7,8072,0.323006,0.344292,-0.00462491,1
6,Gradient Descent,0.3,0.7,8073,0.32301,0.344287,-0.00462491,1
6,Gradient Descent,0.3,0.7,8074,0.323014,0.344282,-0.00462491,1
6,Gradient Descent,0.3,0.7,8075,0.323018,0.344278,-0.00462492,1
6,Gradient Descent,0.3,0.7,8076,0.323023,0.344273,-0.00462492,1
6,Gradient Descent,0.3,0.7,8077,0.323027,0.344268,-0.00462493,1
6,Gradient Descent,0.3,0.7,8078,0.323031,0.344264,-0.00462493,1
6,Gradient Descent,0.3,0.7,8079,0.323035,0.344259,-0.00462493,1
6,Gradient Descent,0.3,0.7,8080,0.323039,0.344254,-0.00462494,1
6,Gradient Descent,0.3,0.7,8081,0.323043,0.34425,-0.00462494,1
6,Gradient Descent,0.3,0.7,8082,0.323047,0.344245,-0.00462495,1
6,Gradient Descent,0.3,0.7,8083,0.323052,0.34424,-0.00462495,1
6,Gradient Descent,0.3,0.7,8084,0.323056,0.344236,-0.00462495,1
6,Gradient Descent,0.3,0.7,8085,0.32306,0.344231,-0.00462496,1
6,Gradient Descent,0.3,0.7,8086,0.323064,0.344226,-0.00462496,1
6,Gradient Descent,0.3,0.7,8087,0.323068,0.344222,-0.00462497,1
6,Gradient Descent,0.3,0.7,8088,0.323072,0.344217,-0.00462497,1
6,Gradient Descent,0.3,0.7,8089,0.323077,0.344213,-0.00462497,1
6,Gradient Descent,0.3,0.7,8090,0.323081,0.344208,-0.00462498,1
6,Gradient Descent,0.3,0.7,8091,0.323085,0.344203,-0.00462498,1
6,Gradient Descent,0.3,0.7,8092,0.323089,0.344199,-0.00462498,1
6,Gradient Descent,0.3,0.7,8093,0.323093,0.344194,-0.00462499,1
6,Gradient Descent,0.3,0.7,8094,0.323097,0.344189,-0.00462499,1
6,Gradient Descent,0.3,0.7,8095,0.323101,0.344185,-0.004625,1
6,Gradient Descent,0.3,0.7,8096,0.323106,0.34418,-0.004625,1
6,Gradient Descent,0.3,0.7,8097,0.32311,0.344175,-0.004625,1
6,Gradient Descent,0.3,0.7,8098,0.323114,0.344171,-0.00462501,1
6,Gradient Descent,0.3,0.7,8099,0.323118,0.344166,-0.00462501,1
6,Gradient Descent,0.3,0.7,8100,0.323122,0.344162,-0.00462502,1
6,Gradient Descent,0.3,0.7,8101,0.323126,0.344157,-0.00462502,1
6,Gradient Descent,0.3,0.7,8102,0.32313,0.344152,-0.00462502,1
6,Gradient Descent,0.3,0.7,8103,0.323134,0.344148,-0.00462503,1
6,Gradient Descent,0.3,0.7,8104,0.323139,0.344143,-0.00462503,1
6,Gradient Descent,0.3,0.7,8105,0.323143,0.344138,-0.00462503,1
6,Gradient Descent,0.3,0.7,8106,0.323147,0.344134,-0.00462504,1
6,Gradient Descent,0.3,0.7,8107,0.323151,0.344129,-0.00462504,1
6,Gradient Descent,0.3,0.7,8108,0.323155,0.344125,-0.00462505,1
6,Gradient Descent,0.3,0.7,8109,0.323159,0.34412,-0.00462505,1
6,Gradient Descent,0.3,0.7,8110,0.323163,0.344115,-0.00462505,1
6,Gradient Descent,0.3,0.7,8111,0.323167,0.344111,-0.00462506,1
6,Gradient Descent,0.3,0.7,8112,0.323171,0.344106,-0.00462506,1
6,Gradient Descent,0.3,0.7,8113,0.323176,0.344102,-0.00462506,1
6,Gradient Descent,0.3,0.7,8114,0.32318,0.344097,-0.00462507,1
6,Gradient Descent,0.3,0.7,8115,0.323184,0.344092,-0.00462507,1
6,Gradient Descent,0.3,0.7,8116,0.323188,0.344088,-0.00462508,1
6,Gradient Descent,0.3,0.7,8117,0.323192,0.344083,-0.00462508,1
6,Gradient Descent,0.3,0.7,8118,0.323196,0.344079,-0.00462508,1
6,Gradient Descent,0.3,0.7,8119,0.3232,0.344074,-0.00462509,1
6,Gradient Descent,0.3,0.7,8120,0.323204,0.344069,-0.00462509,1
6,Gradient Descent,0.3,0.7,8121,0.323208,0.344065,-0.0046251,1
6,Gradient Descent,0.3,0.7,8122,0.323212,0.34406,-0.0046251,1
6,Gradient Descent,0.3,0.7,8123,0.323217,0.344056,-0.0046251,1
6,Gradient Descent,0.3,0.7,8124,0.323221,0.344051,-0.00462511,1
6,Gradient Descent,0.3,0.7,8125,0.323225,0.344047,-0.00462511,1
6,Gradient Descent,0.3,0.7,8126,0.323229,0.344042,-0.00462511,1
6,Gradient Descent,0.3,0.7,8127,0.323233,0.344037,-0.00462512,1
6,Gradient Descent,0.3,0.7,8128,0.323237,0.344033,-0.00462512,1
6,Gradient Descent,0.3,0.7,8129,0.323241,0.344028,-0.00462513,1
6,Gradient Descent,0.3,0.7,8130,0.323245,0.344024,-0.00462513,1
6,Gradient Descent,0.3,0.7,8131,0.323249,0.344019,-0.00462513,1
6,Gradient Descent,0.3,0.7,8132,0.323253,0.344015,-0.00462514,1
6,Gradient Descent,0.3,0.7,8133,0.323257,0.34401,-0.00462514,1
6,Gradient Descent,0.3,0.7,8134,0.323261,0.344005,-0.00462514,1
6,Gradient Descent,0.3,0.7,8135,0.323266,0.344001,-0.00462515,1
6,Gradient Descent,0.3,0.7,8136,0.32327,0.343996,-0.00462515,1
6,Gradient Descent,0.3,0.7,8137,0.323274,0.343992,-0.00462516,1
6,Gradient Descent,0.3,0.7,8138,0.323278,0.343987,-0.00462516,1
6,Gradient Descent,0.3,0.7,8139,0.323282,0.343983,-0.00462516,1
6,Gradient Descent,0.3,0.7,8140,0.323286,0.343978,-0.00462517,1
6,Gradient Descent,0.3,0.7,8141,0.32329,0.343974,-0.00462517,1
6,Gradient Descent,0.3,0.7,8142,0.323294,0.343969,-0.00462517,1
6,Gradient Descent,0.3,0.7,8143,0.323298,0.343965,-0.00462518,1
6,Gradient Descent,0.3,0.7,8144,0.323302,0.34396,-0.00462518,1
6,Gradient Descent,0.3,0.7,8145,0.323306,0.343955,-0.00462518,1
6,Gradient Descent,0.3,0.7,8146,0.32331,0.343951,-0.00462519,1
6,Gradient Descent,0.3,0.7,8147,0.323314,0.343946,-0.00462519,1
6,Gradient Descent,0.3,0.7,8148,0.323318,0.343942,-0.0046252,1
6,Gradient Descent,0.3,0.7,8149,0.323322,0.343937,-0.0046252,1
6,Gradient Descent,0.3,0.7,8150,0.323326,0.343933,-0.0046252,1
6,Gradient Descent,0.3,0.7,8151,0.323331,0.343928,-0.00462521,1
6,Gradient Descent,0.3,0.7,8152,0.323335,0.343924,-0.00462521,1
6,Gradient Descent,0.3,0.7,8153,0.323339,0.343919,-0.00462521,1
6,Gradient Descent,0.3,0.7,8154,0.323343,0.343915,-0.00462522,1
6,Gradient Descent,0.3,0.7,8155,0.323347,0.34391,-0.00462522,1
6,Gradient Descent,0.3,0.7,8156,0.323351,0.343906,-0.00462523,1
6,Gradient Descent,0.3,0.7,8157,0.323355,0.343901,-0.00462523,1
6,Gradient Descent,0.3,0.7,8158,0.323359,0.343897,-0.00462523,1
6,Gradient Descent,0.3,0.7,8159,0.323363,0.343892,-0.00462524,1
6,Gradient Descent,0.3,0.7,8160,0.323367,0.343888,-0.00462524,1
6,Gradient Descent,0.3,0.7,8161,0.323371,0.343883,-0.00462524,1
6,Gradient Descent,0.3,0.7,8162,0.323375,0.343879,-0.00462525,1
6,Gradient Descent,0.3,0.7,8163,0.323379,0.343874,-0.00462525,1
6,Gradient Descent,0.3,0.7,8164,0.323383,0.34387,-0.00462525,1
6,Gradient Descent,0.3,0.7,8165,0.323387,0.343865,-0.00462526,1
6,Gradient Descent,0.3,0.7,8166,0.323391,0.343861,-0.00462526,1
6,Gradient Descent,0.3,0.7,8167,0.323395,0.343856,-0.00462527,1
6,Gradient Descent,0.3,0.7,8168,0.323399,0.343852,-0.00462527,1
6,Gradient Descent,0.3,0.7,8169,0.323403,0.343847,-0.00462527,1
6,Gradient Descent,0.3,0.7,8170,0.323407,0.343843,-0.00462528,1
6,Gradient Descent,0.3,0.7,8171,0.323411,0.343838,-0.00462528,1
6,Gradient Descent,0.3,0.7,8172,0.323415,0.343834,-0.00462528,1
6,Gradient Descent,0.3,0.7,8173,0.323419,0.343829,-0.00462529,1
6,Gradient Descent,0.3,0.7,8174,0.323423,0.343825,-0.00462529,1
6,Gradient Descent,0.3,0.7,8175,0.323427,0.34382,-0.00462529,1
6,Gradient Descent,0.3,0.7,8176,0.323431,0.343816,-0.0046253,1
6,Gradient Descent,0.3,0.7,8177,0.323435,0.343811,-0.0046253,1
6,Gradient Descent,0.3,0.7,8178,0.323439,0.343807,-0.00462531,1
6,Gradient Descent,0.3,0.7,8179,0.323443,0.343802,-0.00462531,1
6,Gradient Descent,0.3,0.7,8180,0.323447,0.343798,-0.00462531,1
6,Gradient Descent,0.3,0.7,8181,0.323451,0.343794,-0.00462532,1
6,Gradient Descent,0.3,0.7,8182,0.323455,0.343789,-0.00462532,1
6,Gradient Descent,0.3,0.7,8183,0.323459,0.343785,-0.00462532,1
6,Gradient Descent,0.3,0.7,8184,0.323463,0.34378,-0.00462533,1
6,Gradient Descent,0.3,0.7,8185,0.323467,0.343776,-0.00462533,1
6,Gradient Descent,0.3,0.7,8186,0.323471,0.343771,-0.00462533,1
6,Gradient Descent,0.3,0.7,8187,0.323475,0.343767,-0.00462534,1
6,Gradient Descent,0.3,0.7,8188,0.323479,0.343762,-0.00462534,1
6,Gradient Descent,0.3,0.7,8189,0.323483,0.343758,-0.00462534,1
6,Gradient Descent,0.3,0.7,8190,0.323487,0.343753,-0.00462535,1
6,Gradient Descent,0.3,0.7,8191,0.323491,0.343749,-0.00462535,1
6,Gradient Descent,0.3,0.7,8192,0.323495,0.343745,-0.00462536,1
6,Gradient Descent,0.3,0.7,8193,0.323499,0.34374,-0.00462536,1
6,Gradient Descent,0.3,0.7,8194,0.323503,0.343736,-0.00462536,1
6,Gradient Descent,0.3,0.7,8195,0.323507,0.343731,-0.00462537,1
6,Gradient Descent,0.3,0.7,8196,0.323511,0.343727,-0.00462537,1
6,Gradient Descent,0.3,0.7,8197,0.323515,0.343722,-0.00462537,1
6,Gradient Descent,0.3,0.7,8198,0.323519,0.343718,-0.00462538,1
6,Gradient Descent,0.3,0.7,8199,0.323523,0.343713,-0.00462538,1
6,Gradient Descent,0.3,0.7,8200,0.323527,0.343709,-0.00462538,1
6,Gradient Descent,0.3,0.7,8201,0.323531,0.343705,-0.00462539,1
6,Gradient Descent,0.3,0.7,8202,0.323535,0.3437,-0.00462539,1
6,Gradient Descent,0.3,0.7,8203,0.323539,0.343696,-0.00462539,1
6,Gradient Descent,0.3,0.7,8204,0.323543,0.343691,-0.0046254,1
6,Gradient Descent,0.3,0.7,8205,0.323547,0.343687,-0.0046254,1
6,Gradient Descent,0.3,0.7,8206,0.323551,0.343683,-0.0046254,1
6,Gradient Descent,0.3,0.7,8207,0.323555,0.343678,-0.00462541,1
6,Gradient Descent,0.3,0.7,8208,0.323559,0.343674,-0.00462541,1
6,Gradient Descent,0.3,0.7,8209,0.323563,0.343669,-0.00462542,1
6,Gradient Descent,0.3,0.7,8210,0.323567,0.343665,-0.00462542,1
6,Gradient Descent,0.3,0.7,8211,0.32357,0.34366,-0.00462542,1
6,Gradient Descent,0.3,0.7,8212,0.323574,0.343656,-0.00462543,1
6,Gradient Descent,0.3,0.7,8213,0.323578,0.343652,-0.00462543,1
6,Gradient Descent,0.3,0.7,8214,0.323582,0.343647,-0.00462543,1
6,Gradient Descent,0.3,0.7,8215,0.323586,0.343643,-0.00462544,1
6,Gradient Descent,0.3,0.7,8216,0.32359,0.343638,-0.00462544,1
6,Gradient Descent,0.3,0.7,8217,0.323594,0.343634,-0.00462544,1
6,Gradient Descent,0.3,0.7,8218,0.323598,0.34363,-0.00462545,1
6,Gradient Descent,0.3,0.7,8219,0.323602,0.343625,-0.00462545,1
6,Gradient Descent,0.3,0.7,8220,0.323606,0.343621,-0.00462545,1
6,Gradient Descent,0.3,0.7,8221,0.32361,0.343616,-0.00462546,1
6,Gradient Descent,0.3,0.7,8222,0.323614,0.343612,-0.00462546,1
6,Gradient Descent,0.3,0.7,8223,0.323618,0.343608,-0.00462546,1
6,Gradient Descent,0.3,0.7,8224,0.323622,0.343603,-0.00462547,1
6,Gradient Descent,0.3,0.7,8225,0.323626,0.343599,-0.00462547,1
6,Gradient Descent,0.3,0.7,8226,0.32363,0.343595,-0.00462547,1
6,Gradient Descent,0.3,0.7,8227,0.323634,0.34359,-0.00462548,1
6,Gradient Descent,0.3,0.7,8228,0.323637,0.343586,-0.00462548,1
6,Gradient Descent,0.3,0.7,8229,0.323641,0.343581,-0.00462549,1
6,Gradient Descent,0.3,0.7,8230,0.323645,0.343577,-0.00462549,1
6,Gradient Descent,0.3,0.7,8231,0.323649,0.343573,-0.00462549,1
6,Gradient Descent,0.3,0.7,8232,0.323653,0.343568,-0.0046255,1
6,Gradient Descent,0.3,0.7,8233,0.323657,0.343564,-0.0046255,1
6,Gradient Descent,0.3,0.7,8234,0.323661,0.34356,-0.0046255,1
6,Gradient Descent,0.3,0.7,8235,0.323665,0.343555,-0.00462551,1
6,Gradient Descent,0.3,0.7,8236,0.323669,0.343551,-0.00462551,1
6,Gradient Descent,0.3,0.7,8237,0.323673,0.343547,-0.00462551,1
6,Gradient Descent,0.3,0.7,8238,0.323677,0.343542,-0.00462552,1
6,Gradient Descent,0.3,0.7,8239,0.323681,0.343538,-0.00462552,1
6,Gradient Descent,0.3,0.7,8240,0.323684,0.343533,-0.00462552,1
6,Gradient Descent,0.3,0.7,8241,0.323688,0.343529,-0.00462553,1
6,Gradient Descent,0.3,0.7,8242,0.323692,0.343525,-0.00462553,1
6,Gradient Descent,0.3,0.7,8243,0.323696,0.34352,-0.00462553,1
6,Gradient Descent,0.3,0.7,8244,0.3237,0.343516,-0.00462554,1
6,Gradient Descent,0.3,0.7,8245,0.323704,0.343512,-0.00462554,1
6,Gradient Descent,0.3,0.7,8246,0.323708,0.343507,-0.00462554,1
6,Gradient Descent,0.3,0.7,8247,0.323712,0.343503,-0.00462555,1
6,Gradient Descent,0.3,0.7,8248,0.323716,0.343499,-0.00462555,1
6,Gradient Descent,0.3,0.7,8249,0.32372,0.343494,-0.00462555,1
6,Gradient Descent,0.3,0.7,8250,0.323723,0.34349,-0.00462556,1
6,Gradient Descent,0.3,0.7,8251,0.323727,0.343486,-0.00462556,1
6,Gradient Descent,0.3,0.7,8252,0.323731,0.343481,-0.00462556,1
6,Gradient Descent,0.3,0.7,8253,0.323735,0.343477,-0.00462557,1
6,Gradient Descent,0.3,0.7,8254,0.323739,0.343473,-0.00462557,1
6,Gradient Descent,0.3,0.7,8255,0.323743,0.343468,-0.00462557,1
6,Gradient Descent,0.3,0.7,8256,0.323747,0.343464,-0.00462558,1
6,Gradient Descent,0.3,0.7,8257,0.323751,0.34346,-0.00462558,1
6,Gradient Descent,0.3,0.7,8258,0.323755,0.343455,-0.00462558,1
6,Gradient Descent,0.3,0.7,8259,0.323758,0.343451,-0.00462559,1
6,Gradient Descent,0.3,0.7,8260,0.323762,0.343447,-0.00462559,1
6,Gradient Descent,0.3,0.7,8261,0.323766,0.343443,-0.00462559,1
6,Gradient Descent,0.3,0.7,8262,0.32377,0.343438,-0.0046256,1
6,Gradient Descent,0.3,0.7,8263,0.323774,0.343434,-0.0046256,1
6,Gradient Descent,0.3,0.7,8264,0.323778,0.34343,-0.0046256,1
6,Gradient Descent,0.3,0.7,8265,0.323782,0.343425,-0.00462561,1
6,Gradient Descent,0.3,0.7,8266,0.323786,0.343421,-0.00462561,1
6,Gradient Descent,0.3,0.7,8267,0.323789,0.343417,-0.00462561,1
6,Gradient Descent,0.3,0.7,8268,0.323793,0.343412,-0.00462562,1
6,Gradient Descent,0.3,0.7,8269,0.323797,0.343408,-0.00462562,1
6,Gradient Descent,0.3,0.7,8270,0.323801,0.343404,-0.00462562,1
6,Gradient Descent,0.3,0.7,8271,0.323805,0.3434,-0.00462563,1
6,Gradient Descent,0.3,0.7,8272,0.323809,0.343395,-0.00462563,1
6,Gradient Descent,0.3,0.7,8273,0.323813,0.343391,-0.00462563,1
6,Gradient Descent,0.3,0.7,8274,0.323816,0.343387,-0.00462564,1
6,Gradient Descent,0.3,0.7,8275,0.32382,0.343382,-0.00462564,1
6,Gradient Descent,0.3,0.7,8276,0.323824,0.343378,-0.00462564,1
6,Gradient Descent,0.3,0.7,8277,0.323828,0.343374,-0.00462565,1
6,Gradient Descent,0.3,0.7,8278,0.323832,0.34337,-0.00462565,1
6,Gradient Descent,0.3,0.7,8279,0.323836,0.343365,-0.00462565,1
6,Gradient Descent,0.3,0.7,8280,0.32384,0.343361,-0.00462566,1
6,Gradient Descent,0.3,0.7,8281,0.323843,0.343357,-0.00462566,1
6,Gradient Descent,0.3,0.7,8282,0.323847,0.343352,-0.00462566,1
6,Gradient Descent,0.3,0.7,8283,0.323851,0.343348,-0.00462567,1
6,Gradient Descent,0.3,0.7,8284,0.323855,0.343344,-0.00462567,1
6,Gradient Descent,0.3,0.7,8285,0.323859,0.34334,-0.00462567,1
6,Gradient Descent,0.3,0.7,8286,0.323863,0.343335,-0.00462568,1
6,Gradient Descent,0.3,0.7,8287,0.323866,0.343331,-0.00462568,1
6,Gradient Descent,0.3,0.7,8288,0.32387,0.343327,-0.00462568,1
6,Gradient Descent,0.3,0.7,8289,0.323874,0.343323,-0.00462569,1
6,Gradient Descent,0.3,0.7,8290,0.323878,0.343318,-0.00462569,1
6,Gradient Descent,0.3,0.7,8291,0.323882,0.343314,-0.00462569,1
6,Gradient Descent,0.3,0.7,8292,0.323886,0.34331,-0.0046257,1
6,Gradient Descent,0.3,0.7,8293,0.323889,0.343306,-0.0046257,1
6,Gradient Descent,0.3,0.7,8294,0.323893,0.343301,-0.0046257,1
6,Gradient Descent,0.3,0.7,8295,0.323897,0.343297,-0.00462571,1
6,Gradient Descent,0.3,0.7,8296,0.323901,0.343293,-0.00462571,1
6,Gradient Descent,0.3,0.7,8297,0.323905,0.343289,-0.00462571,1
6,Gradient Descent,0.3,0.7,8298,0.323908,0.343284,-0.00462572,1
6,Gradient Descent,0.3,0.7,8299,0.323912,0.34328,-0.00462572,1
6,Gradient Descent,0.3,0.7,8300,0.323916,0.343276,-0.00462572,1
6,Gradient Descent,0.3,0.7,8301,0.32392,0.343272,-0.00462573,1
6,Gradient Descent,0.3,0.7,8302,0.323924,0.343267,-0.00462573,1
6,Gradient Descent,0.3,0.7,8303,0.323928,0.343263,-0.00462573,1
6,Gradient Descent,0.3,0.7,8304,0.323931,0.343259,-0.00462574,1
6,Gradient Descent,0.3,0.7,8305,0.323935,0.343255,-0.00462574,1
6,Gradient Descent,0.3,0.7,8306,0.323939,0.34325,-0.00462574,1
6,Gradient Descent,0.3,0.7,8307,0.323943,0.343246,-0.00462575,1
6,Gradient Descent,0.3,0.7,8308,0.323947,0.343242,-0.00462575,1
6,Gradient Descent,0.3,0.7,8309,0.32395,0.343238,-0.00462575,1
6,Gradient Descent,0.3,0.7,8310,0.323954,0.343233,-0.00462576,1
6,Gradient Descent,0.3,0.7,8311,0.323958,0.343229,-0.00462576,1
6,Gradient Descent,0.3,0.7,8312,0.323962,0.343225,-0.00462576,1
6,Gradient Descent,0.3,0.7,8313,0.323966,0.343221,-0.00462577,1
6,Gradient Descent,0.3,0.7,8314,0.323969,0.343217,-0.00462577,1
6,Gradient Descent,0.3,0.7,8315,0.323973,0.343212,-0.00462577,1
6,Gradient Descent,0.3,0.7,8316,0.323977,0.343208,-0.00462577,1
6,Gradient Descent,0.3,0.7,8317,0.323981,0.343204,-0.00462578,1
6,Gradient Descent,0.3,0.7,8318,0.323985,0.3432,-0.00462578,1
6,Gradient Descent,0.3,0.7,8319,0.323988,0.343196,-0.00462578,1
6,Gradient Descent,0.3,0.7,8320,0.323992,0.343191,-0.00462579,1
6,Gradient Descent,0.3,0.7,8321,0.323996,0.343187,-0.00462579,1
6,Gradient Descent,0.3,0.7,8322,0.324,0.343183,-0.00462579,1
6,Gradient Descent,0.3,0.7,8323,0.324004,0.343179,-0.0046258,1
6,Gradient Descent,0.3,0.7,8324,0.324007,0.343175,-0.0046258,1
6,Gradient Descent,0.3,0.7,8325,0.324011,0.34317,-0.0046258,1
6,Gradient Descent,0.3,0.7,8326,0.324015,0.343166,-0.00462581,1
6,Gradient Descent,0.3,0.7,8327,0.324019,0.343162,-0.00462581,1
6,Gradient Descent,0.3,0.7,8328,0.324022,0.343158,-0.00462581,1
6,Gradient Descent,0.3,0.7,8329,0.324026,0.343154,-0.00462582,1
6,Gradient Descent,0.3,0.7,8330,0.32403,0.343149,-0.00462582,1
6,Gradient Descent,0.3,0.7,8331,0.324034,0.343145,-0.00462582,1
6,Gradient Descent,0.3,0.7,8332,0.324037,0.343141,-0.00462583,1
6,Gradient Descent,0.3,0.7,8333,0.324041,0.343137,-0.00462583,1
6,Gradient Descent,0.3,0.7,8334,0.324045,0.343133,-0.00462583,1
6,Gradient Descent,0.3,0.7,8335,0.324049,0.343129,-0.00462584,1
6,Gradient Descent,0.3,0.7,8336,0.324053,0.343124,-0.00462584,1
6,Gradient Descent,0.3,0.7,8337,0.324056,0.34312,-0.00462584,1
6,Gradient Descent,0.3,0.7,8338,0.32406,0.343116,-0.00462584,1
6,Gradient Descent,0.3,0.7,8339,0.324064,0.343112,-0.00462585,1
6,Gradient Descent,0.3,0.7,8340,0.324068,0.343108,-0.00462585,1
6,Gradient Descent,0.3,0.7,8341,0.324071,0.343104,-0.00462585,1
6,Gradient Descent,0.3,0.7,8342,0.324075,0.343099,-0.00462586,1
6,Gradient Descent,0.3,0.7,8343,0.324079,0.343095,-0.00462586,1
6,Gradient Descent,0.3,0.7,8344,0.324083,0.343091,-0.00462586,1
6,Gradient Descent,0.3,0.7,8345,0.324086,0.343087,-0.00462587,1
6,Gradient Descent,0.3,0.7,8346,0.32409,0.343083,-0.00462587,1
6,Gradient Descent,0.3,0.7,8347,0.324094,0.343079,-0.00462587,1
6,Gradient Descent,0.3,0.7,8348,0.324098,0.343074,-0.00462588,1
6,Gradient Descent,0.3,0.7,8349,0.324101,0.34307,-0.00462588,1
6,Gradient Descent,0.3,0.7,8350,0.324105,0.343066,-0.00462588,1
6,Gradient Descent,0.3,0.7,8351,0.324109,0.343062,-0.00462589,1
6,Gradient Descent,0.3,0.7,8352,0.324113,0.343058,-0.00462589,1
6,Gradient Descent,0.3,0.7,8353,0.324116,0.343054,-0.00462589,1
6,Gradient Descent,0.3,0.7,8354,0.32412,0.34305,-0.00462589,1
6,Gradient Descent,0.3,0.7,8355,0.324124,0.343045,-0.0046259,1
6,Gradient Descent,0.3,0.7,8356,0.324127,0.343041,-0.0046259,1
6,Gradient Descent,0.3,0.7,8357,0.324131,0.343037,-0.0046259,1
6,Gradient Descent,0.3,0.7,8358,0.324135,0.343033,-0.00462591,1
6,Gradient Descent,0.3,0.7,8359,0.324139,0.343029,-0.00462591,1
6,Gradient Descent,0.3,0.7,8360,0.324142,0.343025,-0.00462591,1
6,Gradient Descent,0.3,0.7,8361,0.324146,0.343021,-0.00462592,1
6,Gradient Descent,0.3,0.7,8362,0.32415,0.343016,-0.00462592,1
6,Gradient Descent,0.3,0.7,8363,0.324154,0.343012,-0.00462592,1
6,Gradient Descent,0.3,0.7,8364,0.324157,0.343008,-0.00462593,1
6,Gradient Descent,0.3,0.7,8365,0.324161,0.343004,-0.00462593,1
6,Gradient Descent,0.3,0.7,8366,0.324165,0.343,-0.00462593,1
6,Gradient Descent,0.3,0.7,8367,0.324168,0.342996,-0.00462594,1
6,Gradient Descent,0.3,0.7,8368,0.324172,0.342992,-0.00462594,1
6,Gradient Descent,0.3,0.7,8369,0.324176,0.342988,-0.00462594,1
6,Gradient Descent,0.3,0.7,8370,0.32418,0.342984,-0.00462594,1
6,Gradient Descent,0.3,0.7,8371,0.324183,0.342979,-0.00462595,1
6,Gradient Descent,0.3,0.7,8372,0.324187,0.342975,-0.00462595,1
6,Gradient Descent,0.3,0.7,8373,0.324191,0.342971,-0.00462595,1
6,Gradient Descent,0.3,0.7,8374,0.324194,0.342967,-0.00462596,1
6,Gradient Descent,0.3,0.7,8375,0.324198,0.342963,-0.00462596,1
6,Gradient Descent,0.3,0.7,8376,0.324202,0.342959,-0.00462596,1
6,Gradient Descent,0.3,0.7,8377,0.324206,0.342955,-0.00462597,1
6,Gradient Descent,0.3,0.7,8378,0.324209,0.342951,-0.00462597,1
6,Gradient Descent,0.3,0.7,8379,0.324213,0.342947,-0.00462597,1
6,Gradient Descent,0.3,0.7,8380,0.324217,0.342942,-0.00462597,1
6,Gradient Descent,0.3,0.7,8381,0.32422,0.342938,-0.00462598,1
6,Gradient Descent,0.3,0.7,8382,0.324224,0.342934,-0.00462598,1
6,Gradient Descent,0.3,0.7,8383,0.324228,0.34293,-0.00462598,1
6,Gradient Descent,0.3,0.7,8384,0.324231,0.342926,-0.00462599,1
6,Gradient Descent,0.3,0.7,8385,0.324235,0.342922,-0.00462599,1
6,Gradient Descent,0.3,0.7,8386,0.324239,0.342918,-0.00462599,1
6,Gradient Descent,0.3,0.7,8387,0.324243,0.342914,-0.004626,1
6,Gradient Descent,0.3,0.7,8388,0.324246,0.34291,-0.004626,1
6,Gradient Descent,0.3,0.7,8389,0.32425,0.342906,-0.004626,1
6,Gradient Descent,0.3,0.7,8390,0.324254,0.342902,-0.00462601,1
6,Gradient Descent,0.3,0.7,8391,0.324257,0.342898,-0.00462601,1
6,Gradient Descent,0.3,0.7,8392,0.324261,0.342893,-0.00462601,1
6,Gradient Descent,0.3,0.7,8393,0.324265,0.342889,-0.00462601,1
6,Gradient Descent,0.3,0.7,8394,0.324268,0.342885,-0.00462602,1
6,Gradient Descent,0.3,0.7,8395,0.324272,0.342881,-0.00462602,1
6,Gradient Descent,0.3,0.7,8396,0.324276,0.342877,-0.00462602,1
6,Gradient Descent,0.3,0.7,8397,0.324279,0.342873,-0.00462603,1
6,Gradient Descent,0.3,0.7,8398,0.324283,0.342869,-0.00462603,1
6,Gradient Descent,0.3,0.7,8399,0.324287,0.342865,-0.00462603,1
6,Gradient Descent,0.3,0.7,8400,0.32429,0.342861,-0.00462604,1
6,Gradient Descent,0.3,0.7,8401,0.324294,0.342857,-0.00462604,1
6,Gradient Descent,0.3,0.7,8402,0.324298,0.342853,-0.00462604,1
6,Gradient Descent,0.3,0.7,8403,0.324301,0.342849,-0.00462604,1
6,Gradient Descent,0.3,0.7,8404,0.324305,0.342845,-0.00462605,1
6,Gradient Descent,0.3,0.7,8405,0.324309,0.342841,-0.00462605,1
6,Gradient Descent,0.3,0.7,8406,0.324312,0.342837,-0.00462605,1
6,Gradient Descent,0.3,0.7,8407,0.324316,0.342833,-0.00462606,1
6,Gradient Descent,0.3,0.7,8408,0.32432,0.342829,-0.00462606,1
6,Gradient Descent,0.3,0.7,8409,0.324323,0.342824,-0.00462606,1
6,Gradient Descent,0.3,0.7,8410,0.324327,0.34282,-0.00462606,1
6,Gradient Descent,0.3,0.7,8411,0.324331,0.342816,-0.00462607,1
6,Gradient Descent,0.3,0.7,8412,0.324334,0.342812,-0.00462607,1
6,Gradient Descent,0.3,0.7,8413,0.324338,0.342808,-0.00462607,1
6,Gradient Descent,0.3,0.7,8414,0.324342,0.342804,-0.00462608,1
6,Gradient Descent,0.3,0.7,8415,0.324345,0.3428,-0.00462608,1
6,Gradient Descent,0.3,0.7,8416,0.324349,0.342796,-0.00462608,1
6,Gradient Descent,0.3,0.7,8417,0.324352,0.342792,-0.00462609,1
6,Gradient Descent,0.3,0.7,8418,0.324356,0.342788,-0.00462609,1
6,Gradient Descent,0.3,0.7,8419,0.32436,0.342784,-0.00462609,1
6,Gradient Descent,0.3,0.7,8420,0.324363,0.34278,-0.00462609,1
6,Gradient Descent,0.3,0.7,8421,0.324367,0.342776,-0.0046261,1
6,Gradient Descent,0.3,0.7,8422,0.324371,0.342772,-0.0046261,1
6,Gradient Descent,0.3,0.7,8423,0.324374,0.342768,-0.0046261,1
6,Gradient Descent,0.3,0.7,8424,0.324378,0.342764,-0.00462611,1
6,Gradient Descent,0.3,0.7,8425,0.324382,0.34276,-0.00462611,1
6,Gradient Descent,0.3,0.7,8426,0.324385,0.342756,-0.00462611,1
6,Gradient Descent,0.3,0.7,8427,0.324389,0.342752,-0.00462612,1
6,Gradient Descent,0.3,0.7,8428,0.324392,0.342748,-0.00462612,1
6,Gradient Descent,0.3,0.7,8429,0.324396,0.342744,-0.00462612,1
6,Gradient Descent,0.3,0.7,8430,0.3244,0.34274,-0.00462612,1
6,Gradient Descent,0.3,0.7,8431,0.324403,0.342736,-0.00462613,1
6,Gradient Descent,0.3,0.7,8432,0.324407,0.342732,-0.00462613,1
6,Gradient Descent,0.3,0.7,8433,0.324411,0.342728,-0.00462613,1
6,Gradient Descent,0.3,0.7,8434,0.324414,0.342724,-0.00462614,1
6,Gradient Descent,0.3,0.7,8435,0.324418,0.34272,-0.00462614,1
6,Gradient Descent,0.3,0.7,8436,0.324421,0.342716,-0.00462614,1
6,Gradient Descent,0.3,0.7,8437,0.324425,0.342712,-0.00462614,1
6,Gradient Descent,0.3,0.7,8438,0.324429,0.342708,-0.00462615,1
6,Gradient Descent,0.3,0.7,8439,0.324432,0.342704,-0.00462615,1
6,Gradient Descent,0.3,0.7,8440,0.324436,0.3427,-0.00462615,1
6,Gradient Descent,0.3,0.7,8441,0.32444,0.342696,-0.00462616,1
6,Gradient Descent,0.3,0.7,8442,0.324443,0.342692,-0.00462616,1
6,Gradient Descent,0.3,0.7,8443,0.324447,0.342688,-0.00462616,1
6,Gradient Descent,0.3,0.7,8444,0.32445,0.342684,-0.00462616,1
6,Gradient Descent,0.3,0.7,8445,0.324454,0.34268,-0.00462617,1
6,Gradient Descent,0.3,0.7,8446,0.324458,0.342676,-0.00462617,1
6,Gradient Descent,0.3,0.7,8447,0.324461,0.342672,-0.00462617,1
6,Gradient Descent,0.3,0.7,8448,0.324465,0.342668,-0.00462618,1
6,Gradient Descent,0.3,0.7,8449,0.324468,0.342664,-0.00462618,1
6,Gradient Descent,0.3,0.7,8450,0.324472,0.34266,-0.00462618,1
6,Gradient Descent,0.3,0.7,8451,0.324476,0.342656,-0.00462618,1
6,Gradient Descent,0.3,0.7,8452,0.324479,0.342652,-0.00462619,1
6,Gradient Descent,0.3,0.7,8453,0.324483,0.342648,-0.00462619,1
6,Gradient Descent,0.3,0.7,8454,0.324486,0.342644,-0.00462619,1
6,Gradient Descent,0.3,0.7,8455,0.32449,0.34264,-0.0046262,1
6,Gradient Descent,0.3,0.7,8456,0.324494,0.342636,-0.0046262,1
6,Gradient Descent,0.3,0.7,8457,0.324497,0.342632,-0.0046262,1
6,Gradient Descent,0.3,0.7,8458,0.324501,0.342628,-0.0046262,1
6,Gradient Descent,0.3,0.7,8459,0.324504,0.342624,-0.00462621,1
6,Gradient Descent,0.3,0.7,8460,0.324508,0.34262,-0.00462621,1
6,Gradient Descent,0.3,0.7,8461,0.324511,0.342617,-0.00462621,1
6,Gradient Descent,0.3,0.7,8462,0.324515,0.342613,-0.00462622,1
6,Gradient Descent,0.3,0.7,8463,0.324519,0.342609,-0.00462622,1
6,Gradient Descent,0.3,0.7,8464,0.324522,0.342605,-0.00462622,1
6,Gradient Descent,0.3,0.7,8465,0.324526,0.342601,-0.00462622,1
6,Gradient Descent,0.3,0.7,8466,0.324529,0.342597,-0.00462623,1
6,Gradient Descent,0.3,0.7,8467,0.324533,0.342593,-0.00462623,1
6,Gradient Descent,0.3,0.7,8468,0.324536,0.342589,-0.00462623,1
6,Gradient Descent,0.3,0.7,8469,0.32454,0.342585,-0.00462624,1
6,Gradient Descent,0.3,0.7,8470,0.324544,0.342581,-0.00462624,1
6,Gradient Descent,0.3,0.7,8471,0.324547,0.342577,-0.00462624,1
6,Gradient Descent,0.3,0.7,8472,0.324551,0.342573,-0.00462624,1
6,Gradient Descent,0.3,0.7,8473,0.324554,0.342569,-0.00462625,1
6,Gradient Descent,0.3,0.7,8474,0.324558,0.342565,-0.00462625,1
6,Gradient Descent,0.3,0.7,8475,0.324561,0.342561,-0.00462625,1
6,Gradient Descent,0.3,0.7,8476,0.324565,0.342557,-0.00462626,1
6,Gradient Descent,0.3,0.7,8477,0.324569,0.342554,-0.00462626,1
6,Gradient Descent,0.3,0.7,8478,0.324572,0.34255,-0.00462626,1
6,Gradient Descent,0.3,0.7,8479,0.324576,0.342546,-0.00462626,1
6,Gradient Descent,0.3,0.7,8480,0.324579,0.342542,-0.00462627,1
6,Gradient Descent,0.3,0.7,8481,0.324583,0.342538,-0.00462627,1
6,Gradient Descent,0.3,0.7,8482,0.324586,0.342534,-0.00462627,1
6,Gradient Descent,0.3,0.7,8483,0.32459,0.34253,-0.00462628,1
6,Gradient Descent,0.3,0.7,8484,0.324593,0.342526,-0.00462628,1
6,Gradient Descent,0.3,0.7,8485,0.324597,0.342522,-0.00462628,1
6,Gradient Descent,0.3,0.7,8486,0.324601,0.342518,-0.00462628,1
6,Gradient Descent,0.3,0.7,8487,0.324604,0.342514,-0.00462629,1
6,Gradient Descent,0.3,0.7,8488,0.324608,0.34251,-0.00462629,1
6,Gradient Descent,0.3,0.7,8489,0.324611,0.342507,-0.00462629,1
6,Gradient Descent,0.3,0.7,8490,0.324615,0.342503,-0.00462629,1
6,Gradient Descent,0.3,0.7,8491,0.324618,0.342499,-0.0046263,1
6,Gradient Descent,0.3,0.7,8492,0.324622,0.342495,-0.0046263,1
6,Gradient Descent,0.3,0.7,8493,0.324625,0.342491,-0.0046263,1
6,Gradient Descent,0.3,0.7,8494,0.324629,0.342487,-0.00462631,1
6,Gradient Descent,0.3,0.7,8495,0.324632,0.342483,-0.00462631,1
6,Gradient Descent,0.3,0.7,8496,0.324636,0.342479,-0.00462631,1
6,Gradient Descent,0.3,0.7,8497,0.324639,0.342475,-0.00462631,1
6,Gradient Descent,0.3,0.7,8498,0.324643,0.342471,-0.00462632,1
6,Gradient Descent,0.3,0.7,8499,0.324647,0.342468,-0.00462632,1
6,Gradient Descent,0.3,0.7,8500,0.32465,0.342464,-0.00462632,1
6,Gradient Descent,0.3,0.7,8501,0.324654,0.34246,-0.00462633,1
6,Gradient Descent,0.3,0.7,8502,0.324657,0.342456,-0.00462633,1
6,Gradient Descent,0.3,0.7,8503,0.324661,0.342452,-0.00462633,1
6,Gradient Descent,0.3,0.7,8504,0.324664,0.342448,-0.00462633,1
6,Gradient Descent,0.3,0.7,8505,0.324668,0.342444,-0.00462634,1
6,Gradient Descent,0.3,0.7,8506,0.324671,0.34244,-0.00462634,1
6,Gradient Descent,0.3,0.7,8507,0.324675,0.342436,-0.00462634,1
6,Gradient Descent,0.3,0.7,8508,0.324678,0.342433,-0.00462634,1
6,Gradient Descent,0.3,0.7,8509,0.324682,0.342429,-0.00462635,1
6,Gradient Descent,0.3,0.7,8510,0.324685,0.342425,-0.00462635,1
6,Gradient Descent,0.3,0.7,8511,0.324689,0.342421,-0.00462635,1
6,Gradient Descent,0.3,0.7,8512,0.324692,0.342417,-0.00462636,1
6,Gradient Descent,0.3,0.7,8513,0.324696,0.342413,-0.00462636,1
6,Gradient Descent,0.3,0.7,8514,0.324699,0.342409,-0.00462636,1
6,Gradient Descent,0.3,0.7,8515,0.324703,0.342406,-0.00462636,1
6,Gradient Descent,0.3,0.7,8516,0.324706,0.342402,-0.00462637,1
6,Gradient Descent,0.3,0.7,8517,0.32471,0.342398,-0.00462637,1
6,Gradient Descent,0.3,0.7,8518,0.324713,0.342394,-0.00462637,1
6,Gradient Descent,0.3,0.7,8519,0.324717,0.34239,-0.00462637,1
6,Gradient Descent,0.3,0.7,8520,0.32472,0.342386,-0.00462638,1
6,Gradient Descent,0.3,0.7,8521,0.324724,0.342382,-0.00462638,1
6,Gradient Descent,0.3,0.7,8522,0.324727,0.342379,-0.00462638,1
6,Gradient Descent,0.3,0.7,8523,0.324731,0.342375,-0.00462639,1
6,Gradient Descent,0.3,0.7,8524,0.324734,0.342371,-0.00462639,1
6,Gradient Descent,0.3,0.7,8525,0.324738,0.342367,-0.00462639,1
6,Gradient Descent,0.3,0.7,8526,0.324741,0.342363,-0.00462639,1
6,Gradient Descent,0.3,0.7,8527,0.324745,0.342359,-0.0046264,1
6,Gradient Descent,0.3,0.7,8528,0.324748,0.342355,-0.0046264,1
6,Gradient Descent,0.3,0.7,8529,0.324752,0.342352,-0.0046264,1
6,Gradient Descent,0.3,0.7,8530,0.324755,0.342348,-0.0046264,1
6,Gradient Descent,0.3,0.7,8531,0.324759,0.342344,-0.00462641,1
6,Gradient Descent,0.3,0.7,8532,0.324762,0.34234,-0.00462641,1
6,Gradient Descent,0.3,0.7,8533,0.324766,0.342336,-0.00462641,1
6,Gradient Descent,0.3,0.7,8534,0.324769,0.342332,-0.00462641,1
6,Gradient Descent,0.3,0.7,8535,0.324773,0.342329,-0.00462642,1
6,Gradient Descent,0.3,0.7,8536,0.324776,0.342325,-0.00462642,1
6,Gradient Descent,0.3,0.7,8537,0.32478,0.342321,-0.00462642,1
6,Gradient Descent,0.3,0.7,8538,0.324783,0.342317,-0.00462643,1
6,Gradient Descent,0.3,0.7,8539,0.324787,0.342313,-0.00462643,1
6,Gradient Descent,0.3,0.7,8540,0.32479,0.342309,-0.00462643,1
6,Gradient Descent,0.3,0.7,8541,0.324793,0.342306,-0.00462643,1
6,Gradient Descent,0.3,0.7,8542,0.324797,0.342302,-0.00462644,1
6,Gradient Descent,0.3,0.7,8543,0.3248,0.342298,-0.00462644,1
6,Gradient Descent,0.3,0.7,8544,0.324804,0.342294,-0.00462644,1
6,Gradient Descent,0.3,0.7,8545,0.324807,0.34229,-0.00462644,1
6,Gradient Descent,0.3,0.7,8546,0.324811,0.342287,-0.00462645,1
6,Gradient Descent,0.3,0.7,8547,0.324814,0.342283,-0.00462645,1
6,Gradient Descent,0.3,0.7,8548,0.324818,0.342279,-0.00462645,1
6,Gradient Descent,0.3,0.7,8549,0.324821,0.342275,-0.00462645,1
6,Gradient Descent,0.3,0.7,8550,0.324825,0.342271,-0.00462646,1
6,Gradient Descent,0.3,0.7,8551,0.324828,0.342268,-0.00462646,1
6,Gradient Descent,0.3,0.7,8552,0.324832,0.342264,-0.00462646,1
6,Gradient Descent,0.3,0.7,8553,0.324835,0.34226,-0.00462647,1
6,Gradient Descent,0.3,0.7,8554,0.324838,0.342256,-0.00462647,1
6,Gradient Descent,0.3,0.7,8555,0.324842,0.342252,-0.00462647,1
6,Gradient Descent,0.3,0.7,8556,0.324845,0.342249,-0.00462647,1
6,Gradient Descent,0.3,0.7,8557,0.324849,0.342245,-0.00462648,1
6,Gradient Descent,0.3,0.7,8558,0.324852,0.342241,-0.00462648,1
6,Gradient Descent,0.3,0.7,8559,0.324856,0.342237,-0.00462648,1
6,Gradient Descent,0.3,0.7,8560,0.324859,0.342233,-0.00462648,1
6,Gradient Descent,0.3,0.7,8561,0.324863,0.34223,-0.00462649,1
6,Gradient Descent,0.3,0.7,8562,0.324866,0.342226,-0.00462649,1
6,Gradient Descent,0.3,0.7,8563,0.324869,0.342222,-0.00462649,1
6,Gradient Descent,0.3,0.7,8564,0.324873,0.342218,-0.00462649,1
6,Gradient Descent,0.3,0.7,8565,0.324876,0.342214,-0.0046265,1
6,Gradient Descent,0.3,0.7,8566,0.32488,0.342211,-0.0046265,1
6,Gradient Descent,0.3,0.7,8567,0.324883,0.342207,-0.0046265,1
6,Gradient Descent,0.3,0.7,8568,0.324887,0.342203,-0.0046265,1
6,Gradient Descent,0.3,0.7,8569,0.32489,0.342199,-0.00462651,1
6,Gradient Descent,0.3,0.7,8570,0.324894,0.342196,-0.00462651,1
6,Gradient Descent,0.3,0.7,8571,0.324897,0.342192,-0.00462651,1
6,Gradient Descent,0.3,0.7,8572,0.3249,0.342188,-0.00462651,1
6,Gradient Descent,0.3,0.7,8573,0.324904,0.342184,-0.00462652,1
6,Gradient Descent,0.3,0.7,8574,0.324907,0.342181,-0.00462652,1
6,Gradient Descent,0.3,0.7,8575,0.324911,0.342177,-0.00462652,1
6,Gradient Descent,0.3,0.7,8576,0.324914,0.342173,-0.00462653,1
6,Gradient Descent,0.3,0.7,8577,0.324917,0.342169,-0.00462653,1
6,Gradient Descent,0.3,0.7,8578,0.324921,0.342165,-0.00462653,1
6,Gradient Descent,0.3,0.7,8579,0.324924,0.342162,-0.00462653,1
6,Gradient Descent,0.3,0.7,8580,0.324928,0.342158,-0.00462654,1
6,Gradient Descent,0.3,0.7,8581,0.324931,0.342154,-0.00462654,1
6,Gradient Descent,0.3,0.7,8582,0.324935,0.34215,-0.00462654,1
6,Gradient Descent,0.3,0.7,8583,0.324938,0.342147,-0.00462654,1
6,Gradient Descent,0.3,0.7,8584,0.324941,0.342143,-0.00462655,1
6,Gradient Descent,0.3,0.7,8585,0.324945,0.342139,-0.00462655,1
6,Gradient Descent,0.3,0.7,8586,0.324948,0.342135,-0.00462655,1
6,Gradient Descent,0.3,0.7,8587,0.324952,0.342132,-0.00462655,1
6,Gradient Descent,0.3,0.7,8588,0.324955,0.342128,-0.00462656,1
6,Gradient Descent,0.3,0.7,8589,0.324958,0.342124,-0.00462656,1
6,Gradient Descent,0.3,0.7,8590,0.324962,0.34212,-0.00462656,1
6,Gradient Descent,0.3,0.7,8591,0.324965,0.342117,-0.00462656,1
6,Gradient Descent,0.3,0.7,8592,0.324969,0.342113,-0.00462657,1
6,Gradient Descent,0.3,0.7,8593,0.324972,0.342109,-0.00462657,1
6,Gradient Descent,0.3,0.7,8594,0.324975,0.342106,-0.00462657,1
6,Gradient Descent,0.3,0.7,8595,0.324979,0.342102,-0.00462657,1
6,Gradient Descent,0.3,0.7,8596,0.324982,0.342098,-0.00462658,1
6,Gradient Descent,0.3,0.7,8597,0.324986,0.342094,-0.00462658,1
6,Gradient Descent,0.3,0.7,8598,0.324989,0.342091,-0.00462658,1
6,Gradient Descent,0.3,0.7,8599,0.324992,0.342087,-0.00462658,1
6,Gradient Descent,0.3,0.7,8600,0.324996,0.342083,-0.00462659,1
6,Gradient Descent,0.3,0.7,8601,0.324999,0.342079,-0.00462659,1
6,Gradient Descent,0.3,0.7,8602,0.325003,0.342076,-0.00462659,1
6,Gradient Descent,0.3,0.7,8603,0.325006,0.342072,-0.00462659,1
6,Gradient Descent,0.3,0.7,8604,0.325009,0.342068,-0.0046266,1
6,Gradient Descent,0.3,0.7,8605,0.325013,0.342065,-0.0046266,1
6,Gradient Descent,0.3,0.7,8606,0.325016,0.342061,-0.0046266,1
6,Gradient Descent,0.3,0.7,8607,0.325019,0.342057,-0.0046266,1
6,Gradient Descent,0.3,0.7,8608,0.325023,0.342053,-0.00462661,1
6,Gradient Descent,0.3,0.7,8609,0.325026,0.34205,-0.00462661,1
6,Gradient Descent,0.3,0.7,8610,0.32503,0.342046,-0.00462661,1
6,Gradient Descent,0.3,0.7,8611,0.325033,0.342042,-0.00462661,1
6,Gradient Descent,0.3,0.7,8612,0.325036,0.342039,-0.00462662,1
6,Gradient Descent,0.3,0.7,8613,0.32504,0.342035,-0.00462662,1
6,Gradient Descent,0.3,0.7,8614,0.325043,0.342031,-0.00462662,1
6,Gradient Descent,0.3,0.7,8615,0.325046,0.342028,-0.00462662,1
6,Gradient Descent,0.3,0.7,8616,0.32505,0.342024,-0.00462663,1
6,Gradient Descent,0.3,0.7,8617,0.325053,0.34202,-0.00462663,1
6,Gradient Descent,0.3,0.7,8618,0.325057,0.342016,-0.00462663,1
6,Gradient Descent,0.3,0.7,8619,0.32506,0.342013,-0.00462663,1
6,Gradient Descent,0.3,0.7,8620,0.325063,0.342009,-0.00462664,1
6,Gradient Descent,0.3,0.7,8621,0.325067,0.342005,-0.00462664,1
6,Gradient Descent,0.3,0.7,8622,0.32507,0.342002,-0.00462664,1
6,Gradient Descent,0.3,0.7,8623,0.325073,0.341998,-0.00462664,1
6,Gradient Descent,0.3,0.7,8624,0.325077,0.341994,-0.00462665,1
6,Gradient Descent,0.3,0.7,8625,0.32508,0.341991,-0.00462665,1
6,Gradient Descent,0.3,0.7,8626,0.325083,0.341987,-0.00462665,1
6,Gradient Descent,0.3,0.7,8627,0.325087,0.341983,-0.00462665,1
6,Gradient Descent,0.3,0.7,8628,0.32509,0.34198,-0.00462666,1
6,Gradient Descent,0.3,0.7,8629,0.325094,0.341976,-0.00462666,1
6,Gradient Descent,0.3,0.7,8630,0.325097,0.341972,-0.00462666,1
6,Gradient Descent,0.3,0.7,8631,0.3251,0.341969,-0.00462666,1
6,Gradient Descent,0.3,0.7,8632,0.325104,0.341965,-0.00462667,1
6,Gradient Descent,0.3,0.7,8633,0.325107,0.341961,-0.00462667,1
6,Gradient Descent,0.3,0.7,8634,0.32511,0.341958,-0.00462667,1
6,Gradient Descent,0.3,0.7,8635,0.325114,0.341954,-0.00462667,1
6,Gradient Descent,0.3,0.7,8636,0.325117,0.34195,-0.00462668,1
6,Gradient Descent,0.3,0.7,8637,0.32512,0.341947,-0.00462668,1
6,Gradient Descent,0.3,0.7,8638,0.325124,0.341943,-0.00462668,1
6,Gradient Descent,0.3,0.7,8639,0.325127,0.341939,-0.00462668,1
6,Gradient Descent,0.3,0.7,8640,0.32513,0.341936,-0.00462669,1
6,Gradient Descent,0.3,0.7,8641,0.325134,0.341932,-0.00462669,1
6,Gradient Descent,0.3,0.7,8642,0.325137,0.341928,-0.00462669,1
6,Gradient Descent,0.3,0.7,8643,0.32514,0.341925,-0.00462669,1
6,Gradient Descent,0.3,0.7,8644,0.325144,0.341921,-0.0046267,1
6,Gradient Descent,0.3,0.7,8645,0.325147,0.341917,-0.0046267,1
6,Gradient Descent,0.3,0.7,8646,0.32515,0.341914,-0.0046267,1
6,Gradient Descent,0.3,0.7,8647,0.325154,0.34191,-0.0046267,1
6,Gradient Descent,0.3,0.7,8648,0.325157,0.341906,-0.00462671,1
6,Gradient Descent,0.3,0.7,8649,0.32516,0.341903,-0.00462671,1
6,Gradient Descent,0.3,0.7,8650,0.325164,0.341899,-0.00462671,1
6,Gradient Descent,0.3,0.7,8651,0.325167,0.341895,-0.00462671,1
6,Gradient Descent,0.3,0.7,8652,0.32517,0.341892,-0.00462672,1
6,Gradient Descent,0.3,0.7,8653,0.325174,0.341888,-0.00462672,1
6,Gradient Descent,0.3,0.7,8654,0.325177,0.341884,-0.00462672,1
6,Gradient Descent,0.3,0.7,8655,0.32518,0.341881,-0.00462672,1
6,Gradient Descent,0.3,0.7,8656,0.325184,0.341877,-0.00462673,1
6,Gradient Descent,0.3,0.7,8657,0.325187,0.341874,-0.00462673,1
6,Gradient Descent,0.3,0.7,8658,0.32519,0.34187,-0.00462673,1
6,Gradient Descent,0.3,0.7,8659,0.325193,0.341866,-0.00462673,1
6,Gradient Descent,0.3,0.7,8660,0.325197,0.341863,-0.00462673,1
6,Gradient Descent,0.3,0.7,8661,0.3252,0.341859,-0.00462674,1
6,Gradient Descent,0.3,0.7,8662,0.325203,0.341855,-0.00462674,1
6,Gradient Descent,0.3,0.7,8663,0.325207,0.341852,-0.00462674,1
6,Gradient Descent,0.3,0.7,8664,0.32521,0.341848,-0.00462674,1
6,Gradient Descent,0.3,0.7,8665,0.325213,0.341845,-0.00462675,1
6,Gradient Descent,0.3,0.7,8666,0.325217,0.341841,-0.00462675,1
6,Gradient Descent,0.3,0.7,8667,0.32522,0.341837,-0.00462675,1
6,Gradient Descent,0.3,0.7,8668,0.325223,0.341834,-0.00462675,1
6,Gradient Descent,0.3,0.7,8669,0.325227,0.34183,-0.00462676,1
6,Gradient Descent,0.3,0.7,8670,0.32523,0.341826,-0.00462676,1
6,Gradient Descent,0.3,0.7,8671,0.325233,0.341823,-0.00462676,1
6,Gradient Descent,0.3,0.7,8672,0.325236,0.341819,-0.00462676,1
6,Gradient Descent,0.3,0.7,8673,0.32524,0.341816,-0.00462677,1
6,Gradient Descent,0.3,0.7,8674,0.325243,0.341812,-0.00462677,1
6,Gradient Descent,0.3,0.7,8675,0.325246,0.341808,-0.00462677,1
6,Gradient Descent,0.3,0.7,8676,0.32525,0.341805,-0.00462677,1
6,Gradient Descent,0.3,0.7,8677,0.325253,0.341801,-0.00462678,1
6,Gradient Descent,0.3,0.7,8678,0.325256,0.341798,-0.00462678,1
6,Gradient Descent,0.3,0.7,8679,0.325259,0.341794,-0.00462678,1
6,Gradient Descent,0.3,0.7,8680,0.325263,0.34179,-0.00462678,1
6,Gradient Descent,0.3,0.7,8681,0.325266,0.341787,-0.00462679,1
6,Gradient Descent,0.3,0.7,8682,0.325269,0.341783,-0.00462679,1
6,Gradient Descent,0.3,0.7,8683,0.325273,0.34178,-0.00462679,1
6,Gradient Descent,0.3,0.7,8684,0.325276,0.341776,-0.00462679,1
6,Gradient Descent,0.3,0.7,8685,0.325279,0.341772,-0.00462679,1
6,Gradient Descent,0.3,0.7,8686,0.325282,0.341769,-0.0046268,1
6,Gradient Descent,0.3,0.7,8687,0.325286,0.341765,-0.0046268,1
6,Gradient Descent,0.3,0.7,8688,0.325289,0.341762,-0.0046268,1
6,Gradient Descent,0.3,0.7,8689,0.325292,0.341758,-0.0046268,1
6,Gradient Descent,0.3,0.7,8690,0.325295,0.341755,-0.00462681,1
6,Gradient Descent,0.3,0.7,8691,0.325299,0.341751,-0.00462681,1
6,Gradient Descent,0.3,0.7,8692,0.325302,0.341747,-0.00462681,1
6,Gradient Descent,0.3,0.7,8693,0.325305,0.341744,-0.00462681,1
6,Gradient Descent,0.3,0.7,8694,0.325309,0.34174,-0.00462682,1
6,Gradient Descent,0.3,0.7,8695,0.325312,0.341737,-0.00462682,1
6,Gradient Descent,0.3,0.7,8696,0.325315,0.341733,-0.00462682,1
6,Gradient Descent,0.3,0.7,8697,0.325318,0.34173,-0.00462682,1
6,Gradient Descent,0.3,0.7,8698,0.325322,0.341726,-0.00462683,1
6,Gradient Descent,0.3,0.7,8699,0.325325,0.341722,-0.00462683,1
6,Gradient Descent,0.3,0.7,8700,0.325328,0.341719,-0.00462683,1
6,Gradient Descent,0.3,0.7,8701,0.325331,0.341715,-0.00462683,1
6,Gradient Descent,0.3,0.7,8702,0.325335,0.341712,-0.00462683,1
6,Gradient Descent,0.3,0.7,8703,0.325338,0.341708,-0.00462684,1
6,Gradient Descent,0.3,0.7,8704,0.325341,0.341705,-0.00462684,1
6,Gradient Descent,0.3,0.7,8705,0.325344,0.341701,-0.00462684,1
6,Gradient Descent,0.3,0.7,8706,0.325348,0.341697,-0.00462684,1
6,Gradient Descent,0.3,0.7,8707,0.325351,0.341694,-0.00462685,1
6,Gradient Descent,0.3,0.7,8708,0.325354,0.34169,-0.00462685,1
6,Gradient Descent,0.3,0.7,8709,0.325357,0.341687,-0.00462685,1
6,Gradient Descent,0.3,0.7,8710,0.325361,0.341683,-0.00462685,1
6,Gradient Descent,0.3,0.7,8711,0.325364,0.34168,-0.00462686,1
6,Gradient Descent,0.3,0.7,8712,0.325367,0.341676,-0.00462686,1
6,Gradient Descent,0.3,0.7,8713,0.32537,0.341673,-0.00462686,1
6,Gradient Descent,0.3,0.7,8714,0.325374,0.341669,-0.00462686,1
6,Gradient Descent,0.3,0.7,8715,0.325377,0.341666,-0.00462686,1
6,Gradient Descent,0.3,0.7,8716,0.32538,0.341662,-0.00462687,1
6,Gradient Descent,0.3,0.7,8717,0.325383,0.341658,-0.00462687,1
6,Gradient Descent,0.3,0.7,8718,0.325387,0.341655,-0.00462687,1
6,Gradient Descent,0.3,0.7,8719,0.32539,0.341651,-0.00462687,1
6,Gradient Descent,0.3,0.7,8720,0.325393,0.341648,-0.00462688,1
6,Gradient Descent,0.3,0.7,8721,0.325396,0.341644,-0.00462688,1
6,Gradient Descent,0.3,0.7,8722,0.325399,0.341641,-0.00462688,1
6,Gradient Descent,0.3,0.7,8723,0.325403,0.341637,-0.00462688,1
6,Gradient Descent,0.3,0.7,8724,0.325406,0.341634,-0.00462689,1
6,Gradient Descent,0.3,0.7,8725,0.325409,0.34163,-0.00462689,1
6,Gradient Descent,0.3,0.7,8726,0.325412,0.341627,-0.00462689,1
6,Gradient Descent,0.3,0.7,8727,0.325416,0.341623,-0.00462689,1
6,Gradient Descent,0.3,0.7,8728,0.325419,0.34162,-0.00462689,1
6,Gradient Descent,0.3,0.7,8729,0.325422,0.341616,-0.0046269,1
6,Gradient Descent,0.3,0.7,8730,0.325425,0.341613,-0.0046269,1
6,Gradient Descent,0.3,0.7,8731,0.325428,0.341609,-0.0046269,1
6,Gradient Descent,0.3,0.7,8732,0.325432,0.341606,-0.0046269,1
6,Gradient Descent,0.3,0.7,8733,0.325435,0.341602,-0.00462691,1
6,Gradient Descent,0.3,0.7,8734,0.325438,0.341598,-0.00462691,1
6,Gradient Descent,0.3,0.7,8735,0.325441,0.341595,-0.00462691,1
6,Gradient Descent,0.3,0.7,8736,0.325445,0.341591,-0.00462691,1
6,Gradient Descent,0.3,0.7,8737,0.325448,0.341588,-0.00462691,1
6,Gradient Descent,0.3,0.7,8738,0.325451,0.341584,-0.00462692,1
6,Gradient Descent,0.3,0.7,8739,0.325454,0.341581,-0.00462692,1
6,Gradient Descent,0.3,0.7,8740,0.325457,0.341577,-0.00462692,1
6,Gradient Descent,0.3,0.7,8741,0.325461,0.341574,-0.00462692,1
6,Gradient Descent,0.3,0.7,8742,0.325464,0.34157,-0.00462693,1
6,Gradient Descent,0.3,0.7,8743,0.325467,0.341567,-0.00462693,1
6,Gradient Descent,0.3,0.7,8744,0.32547,0.341563,-0.00462693,1
6,Gradient Descent,0.3,0.7,8745,0.325473,0.34156,-0.00462693,1
6,Gradient Descent,0.3,0.7,8746,0.325477,0.341556,-0.00462694,1
6,Gradient Descent,0.3,0.7,8747,0.32548,0.341553,-0.00462694,1
6,Gradient Descent,0.3,0.7,8748,0.325483,0.341549,-0.00462694,1
6,Gradient Descent,0.3,0.7,8749,0.325486,0.341546,-0.00462694,1
6,Gradient Descent,0.3,0.7,8750,0.325489,0.341542,-0.00462694,1
6,Gradient Descent,0.3,0.7,8751,0.325493,0.341539,-0.00462695,1
6,Gradient Descent,0.3,0.7,8752,0.325496,0.341535,-0.00462695,1
6,Gradient Descent,0.3,0.7,8753,0.325499,0.341532,-0.00462695,1
6,Gradient Descent,0.3,0.7,8754,0.325502,0.341529,-0.00462695,1
6,Gradient Descent,0.3,0.7,8755,0.325505,0.341525,-0.00462696,1
6,Gradient Descent,0.3,0.7,8756,0.325509,0.341522,-0.00462696,1
6,Gradient Descent,0.3,0.7,8757,0.325512,0.341518,-0.00462696,1
6,Gradient Descent,0.3,0.7,8758,0.325515,0.341515,-0.00462696,1
6,Gradient Descent,0.3,0.7,8759,0.325518,0.341511,-0.00462696,1
6,Gradient Descent,0.3,0.7,8760,0.325521,0.341508,-0.00462697,1
6,Gradient Descent,0.3,0.7,8761,0.325524,0.341504,-0.00462697,1
6,Gradient Descent,0.3,0.7,8762,0.325528,0.341501,-0.00462697,1
6,Gradient Descent,0.3,0.7,8763,0.325531,0.341497,-0.00462697,1
6,Gradient Descent,0.3,0.7,8764,0.325534,0.341494,-0.00462698,1
6,Gradient Descent,0.3,0.7,8765,0.325537,0.34149,-0.00462698,1
6,Gradient Descent,0.3,0.7,8766,0.32554,0.341487,-0.00462698,1
6,Gradient Descent,0.3,0.7,8767,0.325543,0.341483,-0.00462698,1
6,Gradient Descent,0.3,0.7,8768,0.325547,0.34148,-0.00462698,1
6,Gradient Descent,0.3,0.7,8769,0.32555,0.341476,-0.00462699,1
6,Gradient Descent,0.3,0.7,8770,0.325553,0.341473,-0.00462699,1
6,Gradient Descent,0.3,0.7,8771,0.325556,0.34147,-0.00462699,1
6,Gradient Descent,0.3,0.7,8772,0.325559,0.341466,-0.00462699,1
6,Gradient Descent,0.3,0.7,8773,0.325563,0.341463,-0.00462699,1
6,Gradient Descent,0.3,0.7,8774,0.325566,0.341459,-0.004627,1
6,Gradient Descent,0.3,0.7,8775,0.325569,0.341456,-0.004627,1
6,Gradient Descent,0.3,0.7,8776,0.325572,0.341452,-0.004627,1
6,Gradient Descent,0.3,0.7,8777,0.325575,0.341449,-0.004627,1
6,Gradient Descent,0.3,0.7,8778,0.325578,0.341445,-0.00462701,1
6,Gradient Descent,0.3,0.7,8779,0.325581,0.341442,-0.00462701,1
6,Gradient Descent,0.3,0.7,8780,0.325585,0.341438,-0.00462701,1
6,Gradient Descent,0.3,0.7,8781,0.325588,0.341435,-0.00462701,1
6,Gradient Descent,0.3,0.7,8782,0.325591,0.341432,-0.00462701,1
6,Gradient Descent,0.3,0.7,8783,0.325594,0.341428,-0.00462702,1
6,Gradient Descent,0.3,0.7,8784,0.325597,0.341425,-0.00462702,1
6,Gradient Descent,0.3,0.7,8785,0.3256,0.341421,-0.00462702,1
6,Gradient Descent,0.3,0.7,8786,0.325604,0.341418,-0.00462702,1
6,Gradient Descent,0.3,0.7,8787,0.325607,0.341414,-0.00462703,1
6,Gradient Descent,0.3,0.7,8788,0.32561,0.341411,-0.00462703,1
6,Gradient Descent,0.3,0.7,8789,0.325613,0.341408,-0.00462703,1
6,Gradient Descent,0.3,0.7,8790,0.325616,0.341404,-0.00462703,1
6,Gradient Descent,0.3,0.7,8791,0.325619,0.341401,-0.00462703,1
6,Gradient Descent,0.3,0.7,8792,0.325622,0.341397,-0.00462704,1
6,Gradient Descent,0.3,0.7,8793,0.325626,0.341394,-0.00462704,1
6,Gradient Descent,0.3,0.7,8794,0.325629,0.34139,-0.00462704,1
6,Gradient Descent,0.3,0.7,8795,0.325632,0.341387,-0.00462704,1
6,Gradient Descent,0.3,0.7,8796,0.325635,0.341384,-0.00462704,1
6,Gradient Descent,0.3,0.7,8797,0.325638,0.34138,-0.00462705,1
6,Gradient Descent,0.3,0.7,8798,0.325641,0.341377,-0.00462705,1
6,Gradient Descent,0.3,0.7,8799,0.325644,0.341373,-0.00462705,1
6,Gradient Descent,0.3,0.7,8800,0.325647,0.34137,-0.00462705,1
6,Gradient Descent,0.3,0.7,8801,0.325651,0.341366,-0.00462706,1
6,Gradient Descent,0.3,0.7,8802,0.325654,0.341363,-0.00462706,1
6,Gradient Descent,0.3,0.7,8803,0.325657,0.34136,-0.00462706,1
6,Gradient Descent,0.3,0.7,8804,0.32566,0.341356,-0.00462706,1
6,Gradient Descent,0.3,0.7,8805,0.325663,0.341353,-0.00462706,1
6,Gradient Descent,0.3,0.7,8806,0.325666,0.341349,-0.00462707,1
6,Gradient Descent,0.3,0.7,8807,0.325669,0.341346,-0.00462707,1
6,Gradient Descent,0.3,0.7,8808,0.325672,0.341343,-0.00462707,1
6,Gradient Descent,0.3,0.7,8809,0.325676,0.341339,-0.00462707,1
6,Gradient Descent,0.3,0.7,8810,0.325679,0.341336,-0.00462707,1
6,Gradient Descent,0.3,0.7,8811,0.325682,0.341332,-0.00462708,1
6,Gradient Descent,0.3,0.7,8812,0.325685,0.341329,-0.00462708,1
6,Gradient Descent,0.3,0.7,8813,0.325688,0.341326,-0.00462708,1
6,Gradient Descent,0.3,0.7,8814,0.325691,0.341322,-0.00462708,1
6,Gradient Descent,0.3,0.7,8815,0.325694,0.341319,-0.00462709,1
6,Gradient Descent,0.3,0.7,8816,0.325697,0.341315,-0.00462709,1
6,Gradient Descent,0.3,0.7,8817,0.325701,0.341312,-0.00462709,1
6,Gradient Descent,0.3,0.7,8818,0.325704,0.341309,-0.00462709,1
6,Gradient Descent,0.3,0.7,8819,0.325707,0.341305,-0.00462709,1
6,Gradient Descent,0.3,0.7,8820,0.32571,0.341302,-0.0046271,1
6,Gradient Descent,0.3,0.7,8821,0.325713,0.341298,-0.0046271,1
6,Gradient Descent,0.3,0.7,8822,0.325716,0.341295,-0.0046271,1
6,Gradient Descent,0.3,0.7,8823,0.325719,0.341292,-0.0046271,1
6,Gradient Descent,0.3,0.7,8824,0.325722,0.341288,-0.0046271,1
6,Gradient Descent,0.3,0.7,8825,0.325725,0.341285,-0.00462711,1
6,Gradient Descent,0.3,0.7,8826,0.325728,0.341282,-0.00462711,1
6,Gradient Descent,0.3,0.7,8827,0.325732,0.341278,-0.00462711,1
6,Gradient Descent,0.3,0.7,8828,0.325735,0.341275,-0.00462711,1
6,Gradient Descent,0.3,0.7,8829,0.325738,0.341271,-0.00462712,1
6,Gradient Descent,0.3,0.7,8830,0.325741,0.341268,-0.00462712,1
6,Gradient Descent,0.3,0.7,8831,0.325744,0.341265,-0.00462712,1
6,Gradient Descent,0.3,0.7,8832,0.325747,0.341261,-0.00462712,1
6,Gradient Descent,0.3,0.7,8833,0.32575,0.341258,-0.00462712,1
6,Gradient Descent,0.3,0.7,8834,0.325753,0.341255,-0.00462713,1
6,Gradient Descent,0.3,0.7,8835,0.325756,0.341251,-0.00462713,1
6,Gradient Descent,0.3,0.7,8836,0.325759,0.341248,-0.00462713,1
6,Gradient Descent,0.3,0.7,8837,0.325762,0.341245,-0.00462713,1
6,Gradient Descent,0.3,0.7,8838,0.325766,0.341241,-0.00462713,1
6,Gradient Descent,0.3,0.7,8839,0.325769,0.341238,-0.00462714,1
6,Gradient Descent,0.3,0.7,8840,0.325772,0.341234,-0.00462714,1
6,Gradient Descent,0.3,0.7,8841,0.325775,0.341231,-0.00462714,1
6,Gradient Descent,0.3,0.7,8842,0.325778,0.341228,-0.00462714,1
6,Gradient Descent,0.3,0.7,8843,0.325781,0.341224,-0.00462714,1
6,Gradient Descent,0.3,0.7,8844,0.325784,0.341221,-0.00462715,1
6,Gradient Descent,0.3,0.7,8845,0.325787,0.341218,-0.00462715,1
6,Gradient Descent,0.3,0.7,8846,0.32579,0.341214,-0.00462715,1
6,Gradient Descent,0.3,0.7,8847,0.325793,0.341211,-0.00462715,1
6,Gradient Descent,0.3,0.7,8848,0.325796,0.341208,-0.00462715,1
6,Gradient Descent,0.3,0.7,8849,0.325799,0.341204,-0.00462716,1
6,Gradient Descent,0.3,0.7,8850,0.325802,0.341201,-0.00462716,1
6,Gradient Descent,0.3,0.7,8851,0.325806,0.341198,-0.00462716,1
6,Gradient Descent,0.3,0.7,8852,0.325809,0.341194,-0.00462716,1
6,Gradient Descent,0.3,0.7,8853,0.325812,0.341191,-0.00462716,1
6,Gradient Descent,0.3,0.7,8854,0.325815,0.341188,-0.00462717,1
6,Gradient Descent,0.3,0.7,8855,0.325818,0.341184,-0.00462717,1
6,Gradient Descent,0.3,0.7,8856,0.325821,0.341181,-0.00462717,1
6,Gradient Descent,0.3,0.7,8857,0.325824,0.341178,-0.00462717,1
6,Gradient Descent,0.3,0.7,8858,0.325827,0.341174,-0.00462718,1
6,Gradient Descent,0.3,0.7,8859,0.32583,0.341171,-0.00462718,1
6,Gradient Descent,0.3,0.7,8860,0.325833,0.341168,-0.00462718,1
6,Gradient Descent,0.3,0.7,8861,0.325836,0.341164,-0.00462718,1
6,Gradient Descent,0.3,0.7,8862,0.325839,0.341161,-0.00462718,1
6,Gradient Descent,0.3,0.7,8863,0.325842,0.341158,-0.00462719,1
6,Gradient Descent,0.3,0.7,8864,0.325845,0.341154,-0.00462719,1
6,Gradient Descent,0.3,0.7,8865,0.325848,0.341151,-0.00462719,1
6,Gradient Descent,0.3,0.7,8866,0.325851,0.341148,-0.00462719,1
6,Gradient Descent,0.3,0.7,8867,0.325854,0.341144,-0.00462719,1
6,Gradient Descent,0.3,0.7,8868,0.325858,0.341141,-0.0046272,1
6,Gradient Descent,0.3,0.7,8869,0.325861,0.341138,-0.0046272,1
6,Gradient Descent,0.3,0.7,8870,0.325864,0.341134,-0.0046272,1
6,Gradient Descent,0.3,0.7,8871,0.325867,0.341131,-0.0046272,1
6,Gradient Descent,0.3,0.7,8872,0.32587,0.341128,-0.0046272,1
6,Gradient Descent,0.3,0.7,8873,0.325873,0.341124,-0.00462721,1
6,Gradient Descent,0.3,0.7,8874,0.325876,0.341121,-0.00462721,1
6,Gradient Descent,0.3,0.7,8875,0.325879,0.341118,-0.00462721,1
6,Gradient Descent,0.3,0.7,8876,0.325882,0.341115,-0.00462721,1
6,Gradient Descent,0.3,0.7,8877,0.325885,0.341111,-0.00462721,1
6,Gradient Descent,0.3,0.7,8878,0.325888,0.341108,-0.00462722,1
6,Gradient Descent,0.3,0.7,8879,0.325891,0.341105,-0.00462722,1
6,Gradient Descent,0.3,0.7,8880,0.325894,0.341101,-0.00462722,1
6,Gradient Descent,0.3,0.7,8881,0.325897,0.341098,-0.00462722,1
6,Gradient Descent,0.3,0.7,8882,0.3259,0.341095,-0.00462722,1
6,Gradient Descent,0.3,0.7,8883,0.325903,0.341091,-0.00462723,1
6,Gradient Descent,0.3,0.7,8884,0.325906,0.341088,-0.00462723,1
6,Gradient Descent,0.3,0.7,8885,0.325909,0.341085,-0.00462723,1
6,Gradient Descent,0.3,0.7,8886,0.325912,0.341082,-0.00462723,1
6,Gradient Descent,0.3,0.7,8887,0.325915,0.341078,-0.00462723,1
6,Gradient Descent,0.3,0.7,8888,0.325918,0.341075,-0.00462724,1
6,Gradient Descent,0.3,0.7,8889,0.325921,0.341072,-0.00462724,1
6,Gradient Descent,0.3,0.7,8890,0.325924,0.341068,-0.00462724,1
6,Gradient Descent,0.3,0.7,8891,0.325927,0.341065,-0.00462724,1
6,Gradient Descent,0.3,0.7,8892,0.32593,0.341062,-0.00462724,1
6,Gradient Descent,0.3,0.7,8893,0.325933,0.341059,-0.00462725,1
6,Gradient Descent,0.3,0.7,8894,0.325936,0.341055,-0.00462725,1
6,Gradient Descent,0.3,0.7,8895,0.325939,0.341052,-0.00462725,1
6,Gradient Descent,0.3,0.7,8896,0.325942,0.341049,-0.00462725,1
6,Gradient Descent,0.3,0.7,8897,0.325945,0.341045,-0.00462725,1
6,Gradient Descent,0.3,0.7,8898,0.325948,0.341042,-0.00462726,1
6,Gradient Descent,0.3,0.7,8899,0.325951,0.341039,-0.00462726,1
6,Gradient Descent,0.3,0.7,8900,0.325954,0.341036,-0.00462726,1
6,Gradient Descent,0.3,0.7,8901,0.325957,0.341032,-0.00462726,1
6,Gradient Descent,0.3,0.7,8902,0.32596,0.341029,-0.00462726,1
6,Gradient Descent,0.3,0.7,8903,0.325963,0.341026,-0.00462727,1
6,Gradient Descent,0.3,0.7,8904,0.325966,0.341023,-0.00462727,1
6,Gradient Descent,0.3,0.7,8905,0.325969,0.341019,-0.00462727,1
6,Gradient Descent,0.3,0.7,8906,0.325972,0.341016,-0.00462727,1
6,Gradient Descent,0.3,0.7,8907,0.325975,0.341013,-0.00462727,1
6,Gradient Descent,0.3,0.7,8908,0.325978,0.34101,-0.00462728,1
6,Gradient Descent,0.3,0.7,8909,0.325981,0.341006,-0.00462728,1
6,Gradient Descent,0.3,0.7,8910,0.325984,0.341003,-0.00462728,1
6,Gradient Descent,0.3,0.7,8911,0.325987,0.341,-0.00462728,1
6,Gradient Descent,0.3,0.7,8912,0.32599,0.340996,-0.00462728,1
6,Gradient Descent,0.3,0.7,8913,0.325993,0.340993,-0.00462728,1
6,Gradient Descent,0.3,0.7,8914,0.325996,0.34099,-0.00462729,1
6,Gradient Descent,0.3,0.7,8915,0.325999,0.340987,-0.00462729,1
6,Gradient Descent,0.3,0.7,8916,0.326002,0.340983,-0.00462729,1
6,Gradient Descent,0.3,0.7,8917,0.326005,0.34098,-0.00462729,1
6,Gradient Descent,0.3,0.7,8918,0.326008,0.340977,-0.00462729,1
6,Gradient Descent,0.3,0.7,8919,0.326011,0.340974,-0.0046273,1
6,Gradient Descent,0.3,0.7,8920,0.326014,0.340971,-0.0046273,1
6,Gradient Descent,0.3,0.7,8921,0.326017,0.340967,-0.0046273,1
6,Gradient Descent,0.3,0.7,8922,0.32602,0.340964,-0.0046273,1
6,Gradient Descent,0.3,0.7,8923,0.326023,0.340961,-0.0046273,1
6,Gradient Descent,0.3,0.7,8924,0.326026,0.340958,-0.00462731,1
6,Gradient Descent,0.3,0.7,8925,0.326029,0.340954,-0.00462731,1
6,Gradient Descent,0.3,0.7,8926,0.326032,0.340951,-0.00462731,1
6,Gradient Descent,0.3,0.7,8927,0.326035,0.340948,-0.00462731,1
6,Gradient Descent,0.3,0.7,8928,0.326038,0.340945,-0.00462731,1
6,Gradient Descent,0.3,0.7,8929,0.326041,0.340941,-0.00462732,1
6,Gradient Descent,0.3,0.7,8930,0.326044,0.340938,-0.00462732,1
6,Gradient Descent,0.3,0.7,8931,0.326047,0.340935,-0.00462732,1
6,Gradient Descent,0.3,0.7,8932,0.32605,0.340932,-0.00462732,1
6,Gradient Descent,0.3,0.7,8933,0.326053,0.340928,-0.00462732,1
6,Gradient Descent,0.3,0.7,8934,0.326056,0.340925,-0.00462733,1
6,Gradient Descent,0.3,0.7,8935,0.326059,0.340922,-0.00462733,1
6,Gradient Descent,0.3,0.7,8936,0.326062,0.340919,-0.00462733,1
6,Gradient Descent,0.3,0.7,8937,0.326065,0.340916,-0.00462733,1
6,Gradient Descent,0.3,0.7,8938,0.326068,0.340912,-0.00462733,1
6,Gradient Descent,0.3,0.7,8939,0.326071,0.340909,-0.00462734,1
6,Gradient Descent,0.3,0.7,8940,0.326074,0.340906,-0.00462734,1
6,Gradient Descent,0.3,0.7,8941,0.326077,0.340903,-0.00462734,1
6,Gradient Descent,0.3,0.7,8942,0.32608,0.3409,-0.00462734,1
6,Gradient Descent,0.3,0.7,8943,0.326083,0.340896,-0.00462734,1
6,Gradient Descent,0.3,0.7,8944,0.326086,0.340893,-0.00462734,1
6,Gradient Descent,0.3,0.7,8945,0.326089,0.34089,-0.00462735,1
6,Gradient Descent,0.3,0.7,8946,0.326092,0.340887,-0.00462735,1
6,Gradient Descent,0.3,0.7,8947,0.326094,0.340883,-0.00462735,1
6,Gradient Descent,0.3,0.7,8948,0.326097,0.34088,-0.00462735,1
6,Gradient Descent,0.3,0.7,8949,0.3261,0.340877,-0.00462735,1
6,Gradient Descent,0.3,0.7,8950,0.326103,0.340874,-0.00462736,1
6,Gradient Descent,0.3,0.7,8951,0.326106,0.340871,-0.00462736,1
6,Gradient Descent,0.3,0.7,8952,0.326109,0.340867,-0.00462736,1
6,Gradient Descent,0.3,0.7,8953,0.326112,0.340864,-0.00462736,1
6,Gradient Descent,0.3,0.7,8954,0.326115,0.340861,-0.00462736,1
6,Gradient Descent,0.3,0.7,8955,0.326118,0.340858,-0.00462737,1
6,Gradient Descent,0.3,0.7,8956,0.326121,0.340855,-0.00462737,1
6,Gradient Descent,0.3,0.7,8957,0.326124,0.340851,-0.00462737,1
6,Gradient Descent,0.3,0.7,8958,0.326127,0.340848,-0.00462737,1
6,Gradient Descent,0.3,0.7,8959,0.32613,0.340845,-0.00462737,1
6,Gradient Descent,0.3,0.7,8960,0.326133,0.340842,-0.00462738,1
6,Gradient Descent,0.3,0.7,8961,0.326136,0.340839,-0.00462738,1
6,Gradient Descent,0.3,0.7,8962,0.326139,0.340836,-0.00462738,1
6,Gradient Descent,0.3,0.7,8963,0.326142,0.340832,-0.00462738,1
6,Gradient Descent,0.3,0.7,8964,0.326144,0.340829,-0.00462738,1
6,Gradient Descent,0.3,0.7,8965,0.326147,0.340826,-0.00462738,1
6,Gradient Descent,0.3,0.7,8966,0.32615,0.340823,-0.00462739,1
6,Gradient Descent,0.3,0.7,8967,0.326153,0.34082,-0.00462739,1
6,Gradient Descent,0.3,0.7,8968,0.326156,0.340816,-0.00462739,1
6,Gradient Descent,0.3,0.7,8969,0.326159,0.340813,-0.00462739,1
6,Gradient Descent,0.3,0.7,8970,0.326162,0.34081,-0.00462739,1
6,Gradient Descent,0.3,0.7,8971,0.326165,0.340807,-0.0046274,1
6,Gradient Descent,0.3,0.7,8972,0.326168,0.340804,-0.0046274,1
6,Gradient Descent,0.3,0.7,8973,0.326171,0.340801,-0.0046274,1
6,Gradient Descent,0.3,0.7,8974,0.326174,0.340797,-0.0046274,1
6,Gradient Descent,0.3,0.7,8975,0.326177,0.340794,-0.0046274,1
6,Gradient Descent,0.3,0.7,8976,0.32618,0.340791,-0.0046274,1
6,Gradient Descent,0.3,0.7,8977,0.326183,0.340788,-0.00462741,1
6,Gradient Descent,0.3,0.7,8978,0.326185,0.340785,-0.00462741,1
6,Gradient Descent,0.3,0.7,8979,0.326188,0.340782,-0.00462741,1
6,Gradient Descent,0.3,0.7,8980,0.326191,0.340778,-0.00462741,1
6,Gradient Descent,0.3,0.7,8981,0.326194,0.340775,-0.00462741,1
6,Gradient Descent,0.3,0.7,8982,0.326197,0.340772,-0.00462742,1
6,Gradient Descent,0.3,0.7,8983,0.3262,0.340769,-0.00462742,1
6,Gradient Descent,0.3,0.7,8984,0.326203,0.340766,-0.00462742,1
6,Gradient Descent,0.3,0.7,8985,0.326206,0.340763,-0.00462742,1
6,Gradient Descent,0.3,0.7,8986,0.326209,0.34076,-0.00462742,1
6,Gradient Descent,0.3,0.7,8987,0.326212,0.340756,-0.00462743,1
6,Gradient Descent,0.3,0.7,8988,0.326215,0.340753,-0.00462743,1
6,Gradient Descent,0.3,0.7,8989,0.326217,0.34075,-0.00462743,1
6,Gradient Descent,0.3,0.7,8990,0.32622,0.340747,-0.00462743,1
6,Gradient Descent,0.3,0.7,8991,0.326223,0.340744,-0.00462743,1
6,Gradient Descent,0.3,0.7,8992,0.326226,0.340741,-0.00462743,1
6,Gradient Descent,0.3,0.7,8993,0.326229,0.340737,-0.00462744,1
6,Gradient Descent,0.3,0.7,8994,0.326232,0.340734,-0.00462744,1
6,Gradient Descent,0.3,0.7,8995,0.326235,0.340731,-0.00462744,1
6,Gradient Descent,0.3,0.7,8996,0.326238,0.340728,-0.00462744,1
6,Gradient Descent,0.3,0.7,8997,0.326241,0.340725,-0.00462744,1
6,Gradient Descent,0.3,0.7,8998,0.326244,0.340722,-0.00462745,1
6,Gradient Descent,0.3,0.7,8999,0.326246,0.340719,-0.00462745,1
6,Gradient Descent,0.3,0.7,9000,0.326249,0.340716,-0.00462745,1
6,Gradient Descent,0.3,0.7,9001,0.326252,0.340712,-0.00462745,1
6,Gradient Descent,0.3,0.7,9002,0.326255,0.340709,-0.00462745,1
6,Gradient Descent,0.3,0.7,9003,0.326258,0.340706,-0.00462745,1
6,Gradient Descent,0.3,0.7,9004,0.326261,0.340703,-0.00462746,1
6,Gradient Descent,0.3,0.7,9005,0.326264,0.3407,-0.00462746,1
6,Gradient Descent,0.3,0.7,9006,0.326267,0.340697,-0.00462746,1
6,Gradient Descent,0.3,0.7,9007,0.32627,0.340694,-0.00462746,1
6,Gradient Descent,0.3,0.7,9008,0.326272,0.340691,-0.00462746,1
6,Gradient Descent,0.3,0.7,9009,0.326275,0.340687,-0.00462747,1
6,Gradient Descent,0.3,0.7,9010,0.326278,0.340684,-0.00462747,1
6,Gradient Descent,0.3,0.7,9011,0.326281,0.340681,-0.00462747,1
6,Gradient Descent,0.3,0.7,9012,0.326284,0.340678,-0.00462747,1
6,Gradient Descent,0.3,0.7,9013,0.326287,0.340675,-0.00462747,1
6,Gradient Descent,0.3,0.7,9014,0.32629,0.340672,-0.00462747,1
6,Gradient Descent,0.3,0.7,9015,0.326293,0.340669,-0.00462748,1
6,Gradient Descent,0.3,0.7,9016,0.326295,0.340666,-0.00462748,1
6,Gradient Descent,0.3,0.7,9017,0.326298,0.340662,-0.00462748,1
6,Gradient Descent,0.3,0.7,9018,0.326301,0.340659,-0.00462748,1
6,Gradient Descent,0.3,0.7,9019,0.326304,0.340656,-0.00462748,1
6,Gradient Descent,0.3,0.7,9020,0.326307,0.340653,-0.00462748,1
6,Gradient Descent,0.3,0.7,9021,0.32631,0.34065,-0.00462749,1
6,Gradient Descent,0.3,0.7,9022,0.326313,0.340647,-0.00462749,1
6,Gradient Descent,0.3,0.7,9023,0.326315,0.340644,-0.00462749,1
6,Gradient Descent,0.3,0.7,9024,0.326318,0.340641,-0.00462749,1
6,Gradient Descent,0.3,0.7,9025,0.326321,0.340638,-0.00462749,1
6,Gradient Descent,0.3,0.7,9026,0.326324,0.340635,-0.0046275,1
6,Gradient Descent,0.3,0.7,9027,0.326327,0.340631,-0.0046275,1
6,Gradient Descent,0.3,0.7,9028,0.32633,0.340628,-0.0046275,1
6,Gradient Descent,0.3,0.7,9029,0.326333,0.340625,-0.0046275,1
6,Gradient Descent,0.3,0.7,9030,0.326336,0.340622,-0.0046275,1
6,Gradient Descent,0.3,0.7,9031,0.326338,0.340619,-0.0046275,1
6,Gradient Descent,0.3,0.7,9032,0.326341,0.340616,-0.00462751,1
6,Gradient Descent,0.3,0.7,9033,0.326344,0.340613,-0.00462751,1
6,Gradient Descent,0.3,0.7,9034,0.326347,0.34061,-0.00462751,1
6,Gradient Descent,0.3,0.7,9035,0.32635,0.340607,-0.00462751,1
6,Gradient Descent,0.3,0.7,9036,0.326353,0.340604,-0.00462751,1
6,Gradient Descent,0.3,0.7,9037,0.326355,0.340601,-0.00462752,1
6,Gradient Descent,0.3,0.7,9038,0.326358,0.340597,-0.00462752,1
6,Gradient Descent,0.3,0.7,9039,0.326361,0.340594,-0.00462752,1
6,Gradient Descent,0.3,0.7,9040,0.326364,0.340591,-0.00462752,1
6,Gradient Descent,0.3,0.7,9041,0.326367,0.340588,-0.00462752,1
6,Gradient Descent,0.3,0.7,9042,0.32637,0.340585,-0.00462752,1
6,Gradient Descent,0.3,0.7,9043,0.326373,0.340582,-0.00462753,1
6,Gradient Descent,0.3,0.7,9044,0.326375,0.340579,-0.00462753,1
6,Gradient Descent,0.3,0.7,9045,0.326378,0.340576,-0.00462753,1
6,Gradient Descent,0.3,0.7,9046,0.326381,0.340573,-0.00462753,1
6,Gradient Descent,0.3,0.7,9047,0.326384,0.34057,-0.00462753,1
6,Gradient Descent,0.3,0.7,9048,0.326387,0.340567,-0.00462753,1
6,Gradient Descent,0.3,0.7,9049,0.32639,0.340564,-0.00462754,1
6,Gradient Descent,0.3,0.7,9050,0.326392,0.340561,-0.00462754,1
6,Gradient Descent,0.3,0.7,9051,0.326395,0.340557,-0.00462754,1
6,Gradient Descent,0.3,0.7,9052,0.326398,0.340554,-0.00462754,1
6,Gradient Descent,0.3,0.7,9053,0.326401,0.340551,-0.00462754,1
6,Gradient Descent,0.3,0.7,9054,0.326404,0.340548,-0.00462754,1
6,Gradient Descent,0.3,0.7,9055,0.326407,0.340545,-0.00462755,1
6,Gradient Descent,0.3,0.7,9056,0.326409,0.340542,-0.00462755,1
6,Gradient Descent,0.3,0.7,9057,0.326412,0.340539,-0.00462755,1
6,Gradient Descent,0.3,0.7,9058,0.326415,0.340536,-0.00462755,1
6,Gradient Descent,0.3,0.7,9059,0.326418,0.340533,-0.00462755,1
6,Gradient Descent,0.3,0.7,9060,0.326421,0.34053,-0.00462756,1
6,Gradient Descent,0.3,0.7,9061,0.326424,0.340527,-0.00462756,1
6,Gradient Descent,0.3,0.7,9062,0.326426,0.340524,-0.00462756,1
6,Gradient Descent,0.3,0.7,9063,0.326429,0.340521,-0.00462756,1
6,Gradient Descent,0.3,0.7,9064,0.326432,0.340518,-0.00462756,1
6,Gradient Descent,0.3,0.7,9065,0.326435,0.340515,-0.00462756,1
6,Gradient Descent,0.3,0.7,9066,0.326438,0.340512,-0.00462757,1
6,Gradient Descent,0.3,0.7,9067,0.32644,0.340509,-0.00462757,1
6,Gradient Descent,0.3,0.7,9068,0.326443,0.340506,-0.00462757,1
6,Gradient Descent,0.3,0.7,9069,0.326446,0.340503,-0.00462757,1
6,Gradient Descent,0.3,0.7,9070,0.326449,0.340499,-0.00462757,1
6,Gradient Descent,0.3,0.7,9071,0.326452,0.340496,-0.00462757,1
6,Gradient Descent,0.3,0.7,9072,0.326454,0.340493,-0.00462758,1
6,Gradient Descent,0.3,0.7,9073,0.326457,0.34049,-0.00462758,1
6,Gradient Descent,0.3,0.7,9074,0.32646,0.340487,-0.00462758,1
6,Gradient Descent,0.3,0.7,9075,0.326463,0.340484,-0.00462758,1
6,Gradient Descent,0.3,0.7,9076,0.326466,0.340481,-0.00462758,1
6,Gradient Descent,0.3,0.7,9077,0.326468,0.340478,-0.00462758,1
6,Gradient Descent,0.3,0.7,9078,0.326471,0.340475,-0.00462759,1
6,Gradient Descent,0.3,0.7,9079,0.326474,0.340472,-0.00462759,1
6,Gradient Descent,0.3,0.7,9080,0.326477,0.340469,-0.00462759,1
6,Gradient Descent,0.3,0.7,9081,0.32648,0.340466,-0.00462759,1
6,Gradient Descent,0.3,0.7,9082,0.326482,0.340463,-0.00462759,1
6,Gradient Descent,0.3,0.7,9083,0.326485,0.34046,-0.00462759,1
6,Gradient Descent,0.3,0.7,9084,0.326488,0.340457,-0.0046276,1
6,Gradient Descent,0.3,0.7,9085,0.326491,0.340454,-0.0046276,1
6,Gradient Descent,0.3,0.7,9086,0.326494,0.340451,-0.0046276,1
6,Gradient Descent,0.3,0.7,9087,0.326496,0.340448,-0.0046276,1
6,Gradient Descent,0.3,0.7,9088,0.326499,0.340445,-0.0046276,1
6,Gradient Descent,0.3,0.7,9089,0.326502,0.340442,-0.0046276,1
6,Gradient Descent,0.3,0.7,9090,0.326505,0.340439,-0.00462761,1
6,Gradient Descent,0.3,0.7,9091,0.326508,0.340436,-0.00462761,1
6,Gradient Descent,0.3,0.7,9092,0.32651,0.340433,-0.00462761,1
6,Gradient Descent,0.3,0.7,9093,0.326513,0.34043,-0.00462761,1
6,Gradient Descent,0.3,0.7,9094,0.326516,0.340427,-0.00462761,1
6,Gradient Descent,0.3,0.7,9095,0.326519,0.340424,-0.00462761,1
6,Gradient Descent,0.3,0.7,9096,0.326522,0.340421,-0.00462762,1
6,Gradient Descent,0.3,0.7,9097,0.326524,0.340418,-0.00462762,1
6,Gradient Descent,0.3,0.7,9098,0.326527,0.340415,-0.00462762,1
6,Gradient Descent,0.3,0.7,9099,0.32653,0.340412,-0.00462762,1
6,Gradient Descent,0.3,0.7,9100,0.326533,0.340409,-0.00462762,1
6,Gradient Descent,0.3,0.7,9101,0.326535,0.340406,-0.00462762,1
6,Gradient Descent,0.3,0.7,9102,0.326538,0.340403,-0.00462763,1
6,Gradient Descent,0.3,0.7,9103,0.326541,0.3404,-0.00462763,1
6,Gradient Descent,0.3,0.7,9104,0.326544,0.340397,-0.00462763,1
6,Gradient Descent,0.3,0.7,9105,0.326547,0.340394,-0.00462763,1
6,Gradient Descent,0.3,0.7,9106,0.326549,0.340391,-0.00462763,1
6,Gradient Descent,0.3,0.7,9107,0.326552,0.340388,-0.00462763,1
6,Gradient Descent,0.3,0.7,9108,0.326555,0.340385,-0.00462764,1
6,Gradient Descent,0.3,0.7,9109,0.326558,0.340382,-0.00462764,1
6,Gradient Descent,0.3,0.7,9110,0.32656,0.340379,-0.00462764,1
6,Gradient Descent,0.3,0.7,9111,0.326563,0.340376,-0.00462764,1
6,Gradient Descent,0.3,0.7,9112,0.326566,0.340373,-0.00462764,1
6,Gradient Descent,0.3,0.7,9113,0.326569,0.34037,-0.00462764,1
6,Gradient Descent,0.3,0.7,9114,0.326571,0.340367,-0.00462765,1
6,Gradient Descent,0.3,0.7,9115,0.326574,0.340364,-0.00462765,1
6,Gradient Descent,0.3,0.7,9116,0.326577,0.340361,-0.00462765,1
6,Gradient Descent,0.3,0.7,9117,0.32658,0.340358,-0.00462765,1
6,Gradient Descent,0.3,0.7,9118,0.326582,0.340355,-0.00462765,1
6,Gradient Descent,0.3,0.7,9119,0.326585,0.340352,-0.00462765,1
6,Gradient Descent,0.3,0.7,9120,0.326588,0.340349,-0.00462766,1
6,Gradient Descent,0.3,0.7,9121,0.326591,0.340346,-0.00462766,1
6,Gradient Descent,0.3,0.7,9122,0.326594,0.340343,-0.00462766,1
6,Gradient Descent,0.3,0.7,9123,0.326596,0.34034,-0.00462766,1
6,Gradient Descent,0.3,0.7,9124,0.326599,0.340337,-0.00462766,1
6,Gradient Descent,0.3,0.7,9125,0.326602,0.340334,-0.00462766,1
6,Gradient Descent,0.3,0.7,9126,0.326605,0.340331,-0.00462767,1
6,Gradient Descent,0.3,0.7,9127,0.326607,0.340328,-0.00462767,1
6,Gradient Descent,0.3,0.7,9128,0.32661,0.340325,-0.00462767,1
6,Gradient Descent,0.3,0.7,9129,0.326613,0.340322,-0.00462767,1
6,Gradient Descent,0.3,0.7,9130,0.326615,0.340319,-0.00462767,1
6,Gradient Descent,0.3,0.7,9131,0.326618,0.340316,-0.00462767,1
6,Gradient Descent,0.3,0.7,9132,0.326621,0.340314,-0.00462768,1
6,Gradient Descent,0.3,0.7,9133,0.326624,0.340311,-0.00462768,1
6,Gradient Descent,0.3,0.7,9134,0.326626,0.340308,-0.00462768,1
6,Gradient Descent,0.3,0.7,9135,0.326629,0.340305,-0.00462768,1
6,Gradient Descent,0.3,0.7,9136,0.326632,0.340302,-0.00462768,1
6,Gradient Descent,0.3,0.7,9137,0.326635,0.340299,-0.00462768,1
6,Gradient Descent,0.3,0.7,9138,0.326637,0.340296,-0.00462769,1
6,Gradient Descent,0.3,0.7,9139,0.32664,0.340293,-0.00462769,1
6,Gradient Descent,0.3,0.7,9140,0.326643,0.34029,-0.00462769,1
6,Gradient Descent,0.3,0.7,9141,0.326646,0.340287,-0.00462769,1
6,Gradient Descent,0.3,0.7,9142,0.326648,0.340284,-0.00462769,1
6,Gradient Descent,0.3,0.7,9143,0.326651,0.340281,-0.00462769,1
6,Gradient Descent,0.3,0.7,9144,0.326654,0.340278,-0.0046277,1
6,Gradient Descent,0.3,0.7,9145,0.326657,0.340275,-0.0046277,1
6,Gradient Descent,0.3,0.7,9146,0.326659,0.340272,-0.0046277,1
6,Gradient Descent,0.3,0.7,9147,0.326662,0.340269,-0.0046277,1
6,Gradient Descent,0.3,0.7,9148,0.326665,0.340266,-0.0046277,1
6,Gradient Descent,0.3,0.7,9149,0.326667,0.340263,-0.0046277,1
6,Gradient Descent,0.3,0.7,9150,0.32667,0.34026,-0.00462771,1
6,Gradient Descent,0.3,0.7,9151,0.326673,0.340258,-0.00462771,1
6,Gradient Descent,0.3,0.7,9152,0.326676,0.340255,-0.00462771,1
6,Gradient Descent,0.3,0.7,9153,0.326678,0.340252,-0.00462771,1
6,Gradient Descent,0.3,0.7,9154,0.326681,0.340249,-0.00462771,1
6,Gradient Descent,0.3,0.7,9155,0.326684,0.340246,-0.00462771,1
6,Gradient Descent,0.3,0.7,9156,0.326686,0.340243,-0.00462771,1
6,Gradient Descent,0.3,0.7,9157,0.326689,0.34024,-0.00462772,1
6,Gradient Descent,0.3,0.7,9158,0.326692,0.340237,-0.00462772,1
6,Gradient Descent,0.3,0.7,9159,0.326695,0.340234,-0.00462772,1
6,Gradient Descent,0.3,0.7,9160,0.326697,0.340231,-0.00462772,1
6,Gradient Descent,0.3,0.7,9161,0.3267,0.340228,-0.00462772,1
6,Gradient Descent,0.3,0.7,9162,0.326703,0.340225,-0.00462772,1
6,Gradient Descent,0.3,0.7,9163,0.326705,0.340222,-0.00462773,1
6,Gradient Descent,0.3,0.7,9164,0.326708,0.340219,-0.00462773,1
6,Gradient Descent,0.3,0.7,9165,0.326711,0.340217,-0.00462773,1
6,Gradient Descent,0.3,0.7,9166,0.326714,0.340214,-0.00462773,1
6,Gradient Descent,0.3,0.7,9167,0.326716,0.340211,-0.00462773,1
6,Gradient Descent,0.3,0.7,9168,0.326719,0.340208,-0.00462773,1
6,Gradient Descent,0.3,0.7,9169,0.326722,0.340205,-0.00462774,1
6,Gradient Descent,0.3,0.7,9170,0.326724,0.340202,-0.00462774,1
6,Gradient Descent,0.3,0.7,9171,0.326727,0.340199,-0.00462774,1
6,Gradient Descent,0.3,0.7,9172,0.32673,0.340196,-0.00462774,1
6,Gradient Descent,0.3,0.7,9173,0.326732,0.340193,-0.00462774,1
6,Gradient Descent,0.3,0.7,9174,0.326735,0.34019,-0.00462774,1
6,Gradient Descent,0.3,0.7,9175,0.326738,0.340187,-0.00462774,1
6,Gradient Descent,0.3,0.7,9176,0.326741,0.340185,-0.00462775,1
6,Gradient Descent,0.3,0.7,9177,0.326743,0.340182,-0.00462775,1
6,Gradient Descent,0.3,0.7,9178,0.326746,0.340179,-0.00462775,1
6,Gradient Descent,0.3,0.7,9179,0.326749,0.340176,-0.00462775,1
6,Gradient Descent,0.3,0.7,9180,0.326751,0.340173,-0.00462775,1
6,Gradient Descent,0.3,0.7,9181,0.326754,0.34017,-0.00462775,1
6,Gradient Descent,0.3,0.7,9182,0.326757,0.340167,-0.00462776,1
6,Gradient Descent,0.3,0.7,9183,0.326759,0.340164,-0.00462776,1
6,Gradient Descent,0.3,0.7,9184,0.326762,0.340161,-0.00462776,1
6,Gradient Descent,0.3,0.7,9185,0.326765,0.340158,-0.00462776,1
6,Gradient Descent,0.3,0.7,9186,0.326767,0.340156,-0.00462776,1
6,Gradient Descent,0.3,0.7,9187,0.32677,0.340153,-0.00462776,1
6,Gradient Descent,0.3,0.7,9188,0.326773,0.34015,-0.00462777,1
6,Gradient Descent,0.3,0.7,9189,0.326776,0.340147,-0.00462777,1
6,Gradient Descent,0.3,0.7,9190,0.326778,0.340144,-0.00462777,1
6,Gradient Descent,0.3,0.7,9191,0.326781,0.340141,-0.00462777,1
6,Gradient Descent,0.3,0.7,9192,0.326784,0.340138,-0.00462777,1
6,Gradient Descent,0.3,0.7,9193,0.326786,0.340135,-0.00462777,1
6,Gradient Descent,0.3,0.7,9194,0.326789,0.340132,-0.00462777,1
6,Gradient Descent,0.3,0.7,9195,0.326792,0.34013,-0.00462778,1
6,Gradient Descent,0.3,0.7,9196,0.326794,0.340127,-0.00462778,1
6,Gradient Descent,0.3,0.7,9197,0.326797,0.340124,-0.00462778,1
6,Gradient Descent,0.3,0.7,9198,0.3268,0.340121,-0.00462778,1
6,Gradient Descent,0.3,0.7,9199,0.326802,0.340118,-0.00462778,1
6,Gradient Descent,0.3,0.7,9200,0.326805,0.340115,-0.00462778,1
6,Gradient Descent,0.3,0.7,9201,0.326808,0.340112,-0.00462779,1
6,Gradient Descent,0.3,0.7,9202,0.32681,0.340109,-0.00462779,1
6,Gradient Descent,0.3,0.7,9203,0.326813,0.340107,-0.00462779,1
6,Gradient Descent,0.3,0.7,9204,0.326816,0.340104,-0.00462779,1
6,Gradient Descent,0.3,0.7,9205,0.326818,0.340101,-0.00462779,1
6,Gradient Descent,0.3,0.7,9206,0.326821,0.340098,-0.00462779,1
6,Gradient Descent,0.3,0.7,9207,0.326824,0.340095,-0.00462779,1
6,Gradient Descent,0.3,0.7,9208,0.326826,0.340092,-0.0046278,1
6,Gradient Descent,0.3,0.7,9209,0.326829,0.340089,-0.0046278,1
6,Gradient Descent,0.3,0.7,9210,0.326832,0.340086,-0.0046278,1
6,Gradient Descent,0.3,0.7,9211,0.326834,0.340084,-0.0046278,1
6,Gradient Descent,0.3,0.7,9212,0.326837,0.340081,-0.0046278,1
6,Gradient Descent,0.3,0.7,9213,0.32684,0.340078,-0.0046278,1
6,Gradient Descent,0.3,0.7,9214,0.326842,0.340075,-0.0046278,1
6,Gradient Descent,0.3,0.7,9215,0.326845,0.340072,-0.00462781,1
6,Gradient Descent,0.3,0.7,9216,0.326847,0.340069,-0.00462781,1
6,Gradient Descent,0.3,0.7,9217,0.32685,0.340066,-0.00462781,1
6,Gradient Descent,0.3,0.7,9218,0.326853,0.340064,-0.00462781,1
6,Gradient Descent,0.3,0.7,9219,0.326855,0.340061,-0.00462781,1
6,Gradient Descent,0.3,0.7,9220,0.326858,0.340058,-0.00462781,1
6,Gradient Descent,0.3,0.7,9221,0.326861,0.340055,-0.00462782,1
6,Gradient Descent,0.3,0.7,9222,0.326863,0.340052,-0.00462782,1
6,Gradient Descent,0.3,0.7,9223,0.326866,0.340049,-0.00462782,1
6,Gradient Descent,0.3,0.7,9224,0.326869,0.340047,-0.00462782,1
6,Gradient Descent,0.3,0.7,9225,0.326871,0.340044,-0.00462782,1
6,Gradient Descent,0.3,0.7,9226,0.326874,0.340041,-0.00462782,1
6,Gradient Descent,0.3,0.7,9227,0.326877,0.340038,-0.00462782,1
6,Gradient Descent,0.3,0.7,9228,0.326879,0.340035,-0.00462783,1
6,Gradient Descent,0.3,0.7,9229,0.326882,0.340032,-0.00462783,1
6,Gradient Descent,0.3,0.7,9230,0.326884,0.340029,-0.00462783,1
6,Gradient Descent,0.3,0.7,9231,0.326887,0.340027,-0.00462783,1
6,Gradient Descent,0.3,0.7,9232,0.32689,0.340024,-0.00462783,1
6,Gradient Descent,0.3,0.7,9233,0.326892,0.340021,-0.00462783,1
6,Gradient Descent,0.3,0.7,9234,0.326895,0.340018,-0.00462784,1
6,Gradient Descent,0.3,0.7,9235,0.326898,0.340015,-0.00462784,1
6,Gradient Descent,0.3,0.7,9236,0.3269,0.340012,-0.00462784,1
6,Gradient Descent,0.3,0.7,9237,0.326903,0.34001,-0.00462784,1
6,Gradient Descent,0.3,0.7,9238,0.326906,0.340007,-0.00462784,1
6,Gradient Descent,0.3,0.7,9239,0.326908,0.340004,-0.00462784,1
6,Gradient Descent,0.3,0.7,9240,0.326911,0.340001,-0.00462784,1
6,Gradient Descent,0.3,0.7,9241,0.326913,0.339998,-0.00462785,1
6,Gradient Descent,0.3,0.7,9242,0.326916,0.339996,-0.00462785,1
6,Gradient Descent,0.3,0.7,9243,0.326919,0.339993,-0.00462785,1
6,Gradient Descent,0.3,0.7,9244,0.326921,0.33999,-0.00462785,1
6,Gradient Descent,0.3,0.7,9245,0.326924,0.339987,-0.00462785,1
6,Gradient Descent,0.3,0.7,9246,0.326927,0.339984,-0.00462785,1
6,Gradient Descent,0.3,0.7,9247,0.326929,0.339981,-0.00462785,1
6,Gradient Descent,0.3,0.7,9248,0.326932,0.339979,-0.00462786,1
6,Gradient Descent,0.3,0.7,9249,0.326934,0.339976,-0.00462786,1
6,Gradient Descent,0.3,0.7,9250,0.326937,0.339973,-0.00462786,1
6,Gradient Descent,0.3,0.7,9251,0.32694,0.33997,-0.00462786,1
6,Gradient Descent,0.3,0.7,9252,0.326942,0.339967,-0.00462786,1
6,Gradient Descent,0.3,0.7,9253,0.326945,0.339965,-0.00462786,1
6,Gradient Descent,0.3,0.7,9254,0.326947,0.339962,-0.00462786,1
6,Gradient Descent,0.3,0.7,9255,0.32695,0.339959,-0.00462787,1
6,Gradient Descent,0.3,0.7,9256,0.326953,0.339956,-0.00462787,1
6,Gradient Descent,0.3,0.7,9257,0.326955,0.339953,-0.00462787,1
6,Gradient Descent,0.3,0.7,9258,0.326958,0.33995,-0.00462787,1
6,Gradient Descent,0.3,0.7,9259,0.326961,0.339948,-0.00462787,1
6,Gradient Descent,0.3,0.7,9260,0.326963,0.339945,-0.00462787,1
6,Gradient Descent,0.3,0.7,9261,0.326966,0.339942,-0.00462788,1
6,Gradient Descent,0.3,0.7,9262,0.326968,0.339939,-0.00462788,1
6,Gradient Descent,0.3,0.7,9263,0.326971,0.339936,-0.00462788,1
6,Gradient Descent,0.3,0.7,9264,0.326974,0.339934,-0.00462788,1
6,Gradient Descent,0.3,0.7,9265,0.326976,0.339931,-0.00462788,1
6,Gradient Descent,0.3,0.7,9266,0.326979,0.339928,-0.00462788,1
6,Gradient Descent,0.3,0.7,9267,0.326981,0.339925,-0.00462788,1
6,Gradient Descent,0.3,0.7,9268,0.326984,0.339923,-0.00462789,1
6,Gradient Descent,0.3,0.7,9269,0.326987,0.33992,-0.00462789,1
6,Gradient Descent,0.3,0.7,9270,0.326989,0.339917,-0.00462789,1
6,Gradient Descent,0.3,0.7,9271,0.326992,0.339914,-0.00462789,1
6,Gradient Descent,0.3,0.7,9272,0.326994,0.339911,-0.00462789,1
6,Gradient Descent,0.3,0.7,9273,0.326997,0.339909,-0.00462789,1
6,Gradient Descent,0.3,0.7,9274,0.326999,0.339906,-0.00462789,1
6,Gradient Descent,0.3,0.7,9275,0.327002,0.339903,-0.0046279,1
6,Gradient Descent,0.3,0.7,9276,0.327005,0.3399,-0.0046279,1
6,Gradient Descent,0.3,0.7,9277,0.327007,0.339897,-0.0046279,1
6,Gradient Descent,0.3,0.7,9278,0.32701,0.339895,-0.0046279,1
6,Gradient Descent,0.3,0.7,9279,0.327012,0.339892,-0.0046279,1
6,Gradient Descent,0.3,0.7,9280,0.327015,0.339889,-0.0046279,1
6,Gradient Descent,0.3,0.7,9281,0.327018,0.339886,-0.0046279,1
6,Gradient Descent,0.3,0.7,9282,0.32702,0.339884,-0.00462791,1
6,Gradient Descent,0.3,0.7,9283,0.327023,0.339881,-0.00462791,1
6,Gradient Descent,0.3,0.7,9284,0.327025,0.339878,-0.00462791,1
6,Gradient Descent,0.3,0.7,9285,0.327028,0.339875,-0.00462791,1
6,Gradient Descent,0.3,0.7,9286,0.32703,0.339872,-0.00462791,1
6,Gradient Descent,0.3,0.7,9287,0.327033,0.33987,-0.00462791,1
6,Gradient Descent,0.3,0.7,9288,0.327036,0.339867,-0.00462791,1
6,Gradient Descent,0.3,0.7,9289,0.327038,0.339864,-0.00462792,1
6,Gradient Descent,0.3,0.7,9290,0.327041,0.339861,-0.00462792,1
6,Gradient Descent,0.3,0.7,9291,0.327043,0.339859,-0.00462792,1
6,Gradient Descent,0.3,0.7,9292,0.327046,0.339856,-0.00462792,1
6,Gradient Descent,0.3,0.7,9293,0.327049,0.339853,-0.00462792,1
6,Gradient Descent,0.3,0.7,9294,0.327051,0.33985,-0.00462792,1
6,Gradient Descent,0.3,0.7,9295,0.327054,0.339848,-0.00462792,1
6,Gradient Descent,0.3,0.7,9296,0.327056,0.339845,-0.00462793,1
6,Gradient Descent,0.3,0.7,9297,0.327059,0.339842,-0.00462793,1
6,Gradient Descent,0.3,0.7,9298,0.327061,0.339839,-0.00462793,1
6,Gradient Descent,0.3,0.7,9299,0.327064,0.339837,-0.00462793,1
6,Gradient Descent,0.3,0.7,9300,0.327066,0.339834,-0.00462793,1
6,Gradient Descent,0.3,0.7,9301,0.327069,0.339831,-0.00462793,1
6,Gradient Descent,0.3,0.7,9302,0.327072,0.339828,-0.00462793,1
6,Gradient Descent,0.3,0.7,9303,0.327074,0.339826,-0.00462794,1
6,Gradient Descent,0.3,0.7,9304,0.327077,0.339823,-0.00462794,1
6,Gradient Descent,0.3,0.7,9305,0.327079,0.33982,-0.00462794,1
6,Gradient Descent,0.3,0.7,9306,0.327082,0.339817,-0.00462794,1
6,Gradient Descent,0.3,0.7,9307,0.327084,0.339815,-0.00462794,1
6,Gradient Descent,0.3,0.7,9308,0.327087,0.339812,-0.00462794,1
6,Gradient Descent,0.3,0.7,9309,0.32709,0.339809,-0.00462794,1
6,Gradient Descent,0.3,0.7,9310,0.327092,0.339806,-0.00462795,1
6,Gradient Descent,0.3,0.7,9311,0.327095,0.339804,-0.00462795,1
6,Gradient Descent,0.3,0.7,9312,0.327097,0.339801,-0.00462795,1
6,Gradient Descent,0.3,0.7,9313,0.3271,0.339798,-0.00462795,1
6,Gradient Descent,0.3,0.7,9314,0.327102,0.339795,-0.00462795,1
6,Gradient Descent,0.3,0.7,9315,0.327105,0.339793,-0.00462795,1
6,Gradient Descent,0.3,0.7,9316,0.327107,0.33979,-0.00462795,1
6,Gradient Descent,0.3,0.7,9317,0.32711,0.339787,-0.00462796,1
6,Gradient Descent,0.3,0.7,9318,0.327112,0.339784,-0.00462796,1
6,Gradient Descent,0.3,0.7,9319,0.327115,0.339782,-0.00462796,1
6,Gradient Descent,0.3,0.7,9320,0.327118,0.339779,-0.00462796,1
6,Gradient Descent,0.3,0.7,9321,0.32712,0.339776,-0.00462796,1
6,Gradient Descent,0.3,0.7,9322,0.327123,0.339773,-0.00462796,1
6,Gradient Descent,0.3,0.7,9323,0.327125,0.339771,-0.00462796,1
6,Gradient Descent,0.3,0.7,9324,0.327128,0.339768,-0.00462796,1
6,Gradient Descent,0.3,0.7,9325,0.32713,0.339765,-0.00462797,1
6,Gradient Descent,0.3,0.7,9326,0.327133,0.339763,-0.00462797,1
6,Gradient Descent,0.3,0.7,9327,0.327135,0.33976,-0.00462797,1
6,Gradient Descent,0.3,0.7,9328,0.327138,0.339757,-0.00462797,1
6,Gradient Descent,0.3,0.7,9329,0.32714,0.339754,-0.00462797,1
6,Gradient Descent,0.3,0.7,9330,0.327143,0.339752,-0.00462797,1
6,Gradient Descent,0.3,0.7,9331,0.327145,0.339749,-0.00462797,1
6,Gradient Descent,0.3,0.7,9332,0.327148,0.339746,-0.00462798,1
6,Gradient Descent,0.3,0.7,9333,0.327151,0.339744,-0.00462798,1
6,Gradient Descent,0.3,0.7,9334,0.327153,0.339741,-0.00462798,1
6,Gradient Descent,0.3,0.7,9335,0.327156,0.339738,-0.00462798,1
6,Gradient Descent,0.3,0.7,9336,0.327158,0.339735,-0.00462798,1
6,Gradient Descent,0.3,0.7,9337,0.327161,0.339733,-0.00462798,1
6,Gradient Descent,0.3,0.7,9338,0.327163,0.33973,-0.00462798,1
6,Gradient Descent,0.3,0.7,9339,0.327166,0.339727,-0.00462799,1
6,Gradient Descent,0.3,0.7,9340,0.327168,0.339725,-0.00462799,1
6,Gradient Descent,0.3,0.7,9341,0.327171,0.339722,-0.00462799,1
6,Gradient Descent,0.3,0.7,9342,0.327173,0.339719,-0.00462799,1
6,Gradient Descent,0.3,0.7,9343,0.327176,0.339716,-0.00462799,1
6,Gradient Descent,0.3,0.7,9344,0.327178,0.339714,-0.00462799,1
6,Gradient Descent,0.3,0.7,9345,0.327181,0.339711,-0.00462799,1
6,Gradient Descent,0.3,0.7,9346,0.327183,0.339708,-0.004628,1
6,Gradient Descent,0.3,0.7,9347,0.327186,0.339706,-0.004628,1
6,Gradient Descent,0.3,0.7,9348,0.327188,0.339703,-0.004628,1
6,Gradient Descent,0.3,0.7,9349,0.327191,0.3397,-0.004628,1
6,Gradient Descent,0.3,0.7,9350,0.327193,0.339698,-0.004628,1
6,Gradient Descent,0.3,0.7,9351,0.327196,0.339695,-0.004628,1
6,Gradient Descent,0.3,0.7,9352,0.327198,0.339692,-0.004628,1
6,Gradient Descent,0.3,0.7,9353,0.327201,0.339689,-0.004628,1
6,Gradient Descent,0.3,0.7,9354,0.327203,0.339687,-0.00462801,1
6,Gradient Descent,0.3,0.7,9355,0.327206,0.339684,-0.00462801,1
6,Gradient Descent,0.3,0.7,9356,0.327208,0.339681,-0.00462801,1
6,Gradient Descent,0.3,0.7,9357,0.327211,0.339679,-0.00462801,1
6,Gradient Descent,0.3,0.7,9358,0.327213,0.339676,-0.00462801,1
6,Gradient Descent,0.3,0.7,9359,0.327216,0.339673,-0.00462801,1
6,Gradient Descent,0.3,0.7,9360,0.327218,0.339671,-0.00462801,1
6,Gradient Descent,0.3,0.7,9361,0.327221,0.339668,-0.00462802,1
6,Gradient Descent,0.3,0.7,9362,0.327223,0.339665,-0.00462802,1
6,Gradient Descent,0.3,0.7,9363,0.327226,0.339663,-0.00462802,1
6,Gradient Descent,0.3,0.7,9364,0.327228,0.33966,-0.00462802,1
6,Gradient Descent,0.3,0.7,9365,0.327231,0.339657,-0.00462802,1
6,Gradient Descent,0.3,0.7,9366,0.327233,0.339655,-0.00462802,1
6,Gradient Descent,0.3,0.7,9367,0.327236,0.339652,-0.00462802,1
6,Gradient Descent,0.3,0.7,9368,0.327238,0.339649,-0.00462802,1
6,Gradient Descent,0.3,0.7,9369,0.327241,0.339647,-0.00462803,1
6,Gradient Descent,0.3,0.7,9370,0.327243,0.339644,-0.00462803,1
6,Gradient Descent,0.3,0.7,9371,0.327246,0.339641,-0.00462803,1
6,Gradient Descent,0.3,0.7,9372,0.327248,0.339639,-0.00462803,1
6,Gradient Descent,0.3,0.7,9373,0.327251,0.339636,-0.00462803,1
6,Gradient Descent,0.3,0.7,9374,0.327253,0.339633,-0.00462803,1
6,Gradient Descent,0.3,0.7,9375,0.327256,0.339631,-0.00462803,1
6,Gradient Descent,0.3,0.7,9376,0.327258,0.339628,-0.00462804,1
6,Gradient Descent,0.3,0.7,9377,0.327261,0.339625,-0.00462804,1
6,Gradient Descent,0.3,0.7,9378,0.327263,0.339623,-0.00462804,1
6,Gradient Descent,0.3,0.7,9379,0.327266,0.33962,-0.00462804,1
6,Gradient Descent,0.3,0.7,9380,0.327268,0.339617,-0.00462804,1
6,Gradient Descent,0.3,0.7,9381,0.327271,0.339615,-0.00462804,1
6,Gradient Descent,0.3,0.7,9382,0.327273,0.339612,-0.00462804,1
6,Gradient Descent,0.3,0.7,9383,0.327276,0.339609,-0.00462804,1
6,Gradient Descent,0.3,0.7,9384,0.327278,0.339607,-0.00462805,1
6,Gradient Descent,0.3,0.7,9385,0.327281,0.339604,-0.00462805,1
6,Gradient Descent,0.3,0.7,9386,0.327283,0.339601,-0.00462805,1
6,Gradient Descent,0.3,0.7,9387,0.327286,0.339599,-0.00462805,1
6,Gradient Descent,0.3,0.7,9388,0.327288,0.339596,-0.00462805,1
6,Gradient Descent,0.3,0.7,9389,0.327291,0.339593,-0.00462805,1
6,Gradient Descent,0.3,0.7,9390,0.327293,0.339591,-0.00462805,1
6,Gradient Descent,0.3,0.7,9391,0.327296,0.339588,-0.00462806,1
6,Gradient Descent,0.3,0.7,9392,0.327298,0.339585,-0.00462806,1
6,Gradient Descent,0.3,0.7,9393,0.3273,0.339583,-0.00462806,1
6,Gradient Descent,0.3,0.7,9394,0.327303,0.33958,-0.00462806,1
6,Gradient Descent,0.3,0.7,9395,0.327305,0.339577,-0.00462806,1
6,Gradient Descent,0.3,0.7,9396,0.327308,0.339575,-0.00462806,1
6,Gradient Descent,0.3,0.7,9397,0.32731,0.339572,-0.00462806,1
6,Gradient Descent,0.3,0.7,9398,0.327313,0.33957,-0.00462806,1
6,Gradient Descent,0.3,0.7,9399,0.327315,0.339567,-0.00462807,1
6,Gradient Descent,0.3,0.7,9400,0.327318,0.339564,-0.00462807,1
6,Gradient Descent,0.3,0.7,9401,0.32732,0.339562,-0.00462807,1
6,Gradient Descent,0.3,0.7,9402,0.327323,0.339559,-0.00462807,1
6,Gradient Descent,0.3,0.7,9403,0.327325,0.339556,-0.00462807,1
6,Gradient Descent,0.3,0.7,9404,0.327328,0.339554,-0.00462807,1
6,Gradient Descent,0.3,0.7,9405,0.32733,0.339551,-0.00462807,1
6,Gradient Descent,0.3,0.7,9406,0.327332,0.339548,-0.00462807,1
6,Gradient Descent,0.3,0.7,9407,0.327335,0.339546,-0.00462808,1
6,Gradient Descent,0.3,0.7,9408,0.327337,0.339543,-0.00462808,1
6,Gradient Descent,0.3,0.7,9409,0.32734,0.339541,-0.00462808,1
6,Gradient Descent,0.3,0.7,9410,0.327342,0.339538,-0.00462808,1
6,Gradient Descent,0.3,0.7,9411,0.327345,0.339535,-0.00462808,1
6,Gradient Descent,0.3,0.7,9412,0.327347,0.339533,-0.00462808,1
6,Gradient Descent,0.3,0.7,9413,0.32735,0.33953,-0.00462808,1
6,Gradient Descent,0.3,0.7,9414,0.327352,0.339527,-0.00462809,1
6,Gradient Descent,0.3,0.7,9415,0.327355,0.339525,-0.00462809,1
6,Gradient Descent,0.3,0.7,9416,0.327357,0.339522,-0.00462809,1
6,Gradient Descent,0.3,0.7,9417,0.327359,0.33952,-0.00462809,1
6,Gradient Descent,0.3,0.7,9418,0.327362,0.339517,-0.00462809,1
6,Gradient Descent,0.3,0.7,9419,0.327364,0.339514,-0.00462809,1
6,Gradient Descent,0.3,0.7,9420,0.327367,0.339512,-0.00462809,1
6,Gradient Descent,0.3,0.7,9421,0.327369,0.339509,-0.00462809,1
6,Gradient Descent,0.3,0.7,9422,0.327372,0.339506,-0.0046281,1
6,Gradient Descent,0.3,0.7,9423,0.327374,0.339504,-0.0046281,1
6,Gradient Descent,0.3,0.7,9424,0.327377,0.339501,-0.0046281,1
6,Gradient Descent,0.3,0.7,9425,0.327379,0.339499,-0.0046281,1
6,Gradient Descent,0.3,0.7,9426,0.327381,0.339496,-0.0046281,1
6,Gradient Descent,0.3,0.7,9427,0.327384,0.339493,-0.0046281,1
6,Gradient Descent,0.3,0.7,9428,0.327386,0.339491,-0.0046281,1
6,Gradient Descent,0.3,0.7,9429,0.327389,0.339488,-0.0046281,1
6,Gradient Descent,0.3,0.7,9430,0.327391,0.339486,-0.00462811,1
6,Gradient Descent,0.3,0.7,9431,0.327394,0.339483,-0.00462811,1
6,Gradient Descent,0.3,0.7,9432,0.327396,0.33948,-0.00462811,1
6,Gradient Descent,0.3,0.7,9433,0.327398,0.339478,-0.00462811,1
6,Gradient Descent,0.3,0.7,9434,0.327401,0.339475,-0.00462811,1
6,Gradient Descent,0.3,0.7,9435,0.327403,0.339473,-0.00462811,1
6,Gradient Descent,0.3,0.7,9436,0.327406,0.33947,-0.00462811,1
6,Gradient Descent,0.3,0.7,9437,0.327408,0.339467,-0.00462811,1
6,Gradient Descent,0.3,0.7,9438,0.327411,0.339465,-0.00462812,1
6,Gradient Descent,0.3,0.7,9439,0.327413,0.339462,-0.00462812,1
6,Gradient Descent,0.3,0.7,9440,0.327415,0.33946,-0.00462812,1
6,Gradient Descent,0.3,0.7,9441,0.327418,0.339457,-0.00462812,1
6,Gradient Descent,0.3,0.7,9442,0.32742,0.339454,-0.00462812,1
6,Gradient Descent,0.3,0.7,9443,0.327423,0.339452,-0.00462812,1
6,Gradient Descent,0.3,0.7,9444,0.327425,0.339449,-0.00462812,1
6,Gradient Descent,0.3,0.7,9445,0.327428,0.339447,-0.00462812,1
6,Gradient Descent,0.3,0.7,9446,0.32743,0.339444,-0.00462813,1
6,Gradient Descent,0.3,0.7,9447,0.327432,0.339442,-0.00462813,1
6,Gradient Descent,0.3,0.7,9448,0.327435,0.339439,-0.00462813,1
6,Gradient Descent,0.3,0.7,9449,0.327437,0.339436,-0.00462813,1
6,Gradient Descent,0.3,0.7,9450,0.32744,0.339434,-0.00462813,1
6,Gradient Descent,0.3,0.7,9451,0.327442,0.339431,-0.00462813,1
6,Gradient Descent,0.3,0.7,9452,0.327444,0.339429,-0.00462813,1
6,Gradient Descent,0.3,0.7,9453,0.327447,0.339426,-0.00462813,1
6,Gradient Descent,0.3,0.7,9454,0.327449,0.339423,-0.00462814,1
6,Gradient Descent,0.3,0.7,9455,0.327452,0.339421,-0.00462814,1
6,Gradient Descent,0.3,0.7,9456,0.327454,0.339418,-0.00462814,1
6,Gradient Descent,0.3,0.7,9457,0.327456,0.339416,-0.00462814,1
6,Gradient Descent,0.3,0.7,9458,0.327459,0.339413,-0.00462814,1
6,Gradient Descent,0.3,0.7,9459,0.327461,0.339411,-0.00462814,1
6,Gradient Descent,0.3,0.7,9460,0.327464,0.339408,-0.00462814,1
6,Gradient Descent,0.3,0.7,9461,0.327466,0.339405,-0.00462814,1
6,Gradient Descent,0.3,0.7,9462,0.327469,0.339403,-0.00462815,1
6,Gradient Descent,0.3,0.7,9463,0.327471,0.3394,-0.00462815,1
6,Gradient Descent,0.3,0.7,9464,0.327473,0.339398,-0.00462815,1
6,Gradient Descent,0.3,0.7,9465,0.327476,0.339395,-0.00462815,1
6,Gradient Descent,0.3,0.7,9466,0.327478,0.339393,-0.00462815,1
6,Gradient Descent,0.3,0.7,9467,0.327481,0.33939,-0.00462815,1
6,Gradient Descent,0.3,0.7,9468,0.327483,0.339387,-0.00462815,1
6,Gradient Descent,0.3,0.7,9469,0.327485,0.339385,-0.00462815,1
6,Gradient Descent,0.3,0.7,9470,0.327488,0.339382,-0.00462816,1
6,Gradient Descent,0.3,0.7,9471,0.32749,0.33938,-0.00462816,1
6,Gradient Descent,0.3,0.7,9472,0.327492,0.339377,-0.00462816,1
6,Gradient Descent,0.3,0.7,9473,0.327495,0.339375,-0.00462816,1
6,Gradient Descent,0.3,0.7,9474,0.327497,0.339372,-0.00462816,1
6,Gradient Descent,0.3,0.7,9475,0.3275,0.33937,-0.00462816,1
6,Gradient Descent,0.3,0.7,9476,0.327502,0.339367,-0.00462816,1
6,Gradient Descent,0.3,0.7,9477,0.327504,0.339364,-0.00462816,1
6,Gradient Descent,0.3,0.7,9478,0.327507,0.339362,-0.00462817,1
6,Gradient Descent,0.3,0.7,9479,0.327509,0.339359,-0.00462817,1
6,Gradient Descent,0.3,0.7,9480,0.327512,0.339357,-0.00462817,1
6,Gradient Descent,0.3,0.7,9481,0.327514,0.339354,-0.00462817,1
6,Gradient Descent,0.3,0.7,9482,0.327516,0.339352,-0.00462817,1
6,Gradient Descent,0.3,0.7,9483,0.327519,0.339349,-0.00462817,1
6,Gradient Descent,0.3,0.7,9484,0.327521,0.339347,-0.00462817,1
6,Gradient Descent,0.3,0.7,9485,0.327524,0.339344,-0.00462817,1
6,Gradient Descent,0.3,0.7,9486,0.327526,0.339342,-0.00462817,1
6,Gradient Descent,0.3,0.7,9487,0.327528,0.339339,-0.00462818,1
6,Gradient Descent,0.3,0.7,9488,0.327531,0.339336,-0.00462818,1
6,Gradient Descent,0.3,0.7,9489,0.327533,0.339334,-0.00462818,1
6,Gradient Descent,0.3,0.7,9490,0.327535,0.339331,-0.00462818,1
6,Gradient Descent,0.3,0.7,9491,0.327538,0.339329,-0.00462818,1
6,Gradient Descent,0.3,0.7,9492,0.32754,0.339326,-0.00462818,1
6,Gradient Descent,0.3,0.7,9493,0.327543,0.339324,-0.00462818,1
6,Gradient Descent,0.3,0.7,9494,0.327545,0.339321,-0.00462818,1
6,Gradient Descent,0.3,0.7,9495,0.327547,0.339319,-0.00462819,1
6,Gradient Descent,0.3,0.7,9496,0.32755,0.339316,-0.00462819,1
6,Gradient Descent,0.3,0.7,9497,0.327552,0.339314,-0.00462819,1
6,Gradient Descent,0.3,0.7,9498,0.327554,0.339311,-0.00462819,1
6,Gradient Descent,0.3,0.7,9499,0.327557,0.339309,-0.00462819,1
6,Gradient Descent,0.3,0.7,9500,0.327559,0.339306,-0.00462819,1
6,Gradient Descent,0.3,0.7,9501,0.327561,0.339303,-0.00462819,1
6,Gradient Descent,0.3,0.7,9502,0.327564,0.339301,-0.00462819,1
6,Gradient Descent,0.3,0.7,9503,0.327566,0.339298,-0.0046282,1
6,Gradient Descent,0.3,0.7,9504,0.327569,0.339296,-0.0046282,1
6,Gradient Descent,0.3,0.7,9505,0.327571,0.339293,-0.0046282,1
6,Gradient Descent,0.3,0.7,9506,0.327573,0.339291,-0.0046282,1
6,Gradient Descent,0.3,0.7,9507,0.327576,0.339288,-0.0046282,1
6,Gradient Descent,0.3,0.7,9508,0.327578,0.339286,-0.0046282,1
6,Gradient Descent,0.3,0.7,9509,0.32758,0.339283,-0.0046282,1
6,Gradient Descent,0.3,0.7,9510,0.327583,0.339281,-0.0046282,1
6,Gradient Descent,0.3,0.7,9511,0.327585,0.339278,-0.0046282,1
6,Gradient Descent,0.3,0.7,9512,0.327587,0.339276,-0.00462821,1
6,Gradient Descent,0.3,0.7,9513,0.32759,0.339273,-0.00462821,1
6,Gradient Descent,0.3,0.7,9514,0.327592,0.339271,-0.00462821,1
6,Gradient Descent,0.3,0.7,9515,0.327594,0.339268,-0.00462821,1
6,Gradient Descent,0.3,0.7,9516,0.327597,0.339266,-0.00462821,1
6,Gradient Descent,0.3,0.7,9517,0.327599,0.339263,-0.00462821,1
6,Gradient Descent,0.3,0.7,9518,0.327602,0.339261,-0.00462821,1
6,Gradient Descent,0.3,0.7,9519,0.327604,0.339258,-0.00462821,1
6,Gradient Descent,0.3,0.7,9520,0.327606,0.339256,-0.00462822,1
6,Gradient Descent,0.3,0.7,9521,0.327609,0.339253,-0.00462822,1
6,Gradient Descent,0.3,0.7,9522,0.327611,0.339251,-0.00462822,1
6,Gradient Descent,0.3,0.7,9523,0.327613,0.339248,-0.00462822,1
6,Gradient Descent,0.3,0.7,9524,0.327616,0.339246,-0.00462822,1
6,Gradient Descent,0.3,0.7,9525,0.327618,0.339243,-0.00462822,1
6,Gradient Descent,0.3,0.7,9526,0.32762,0.339241,-0.00462822,1
6,Gradient Descent,0.3,0.7,9527,0.327623,0.339238,-0.00462822,1
6,Gradient Descent,0.3,0.7,9528,0.327625,0.339236,-0.00462823,1
6,Gradient Descent,0.3,0.7,9529,0.327627,0.339233,-0.00462823,1
6,Gradient Descent,0.3,0.7,9530,0.32763,0.339231,-0.00462823,1
6,Gradient Descent,0.3,0.7,9531,0.327632,0.339228,-0.00462823,1
6,Gradient Descent,0.3,0.7,9532,0.327634,0.339226,-0.00462823,1
6,Gradient Descent,0.3,0.7,9533,0.327637,0.339223,-0.00462823,1
6,Gradient Descent,0.3,0.7,9534,0.327639,0.339221,-0.00462823,1
6,Gradient Descent,0.3,0.7,9535,0.327641,0.339218,-0.00462823,1
6,Gradient Descent,0.3,0.7,9536,0.327644,0.339216,-0.00462823,1
6,Gradient Descent,0.3,0.7,9537,0.327646,0.339213,-0.00462824,1
6,Gradient Descent,0.3,0.7,9538,0.327648,0.339211,-0.00462824,1
6,Gradient Descent,0.3,0.7,9539,0.327651,0.339208,-0.00462824,1
6,Gradient Descent,0.3,0.7,9540,0.327653,0.339206,-0.00462824,1
6,Gradient Descent,0.3,0.7,9541,0.327655,0.339203,-0.00462824,1
6,Gradient Descent,0.3,0.7,9542,0.327658,0.339201,-0.00462824,1
6,Gradient Descent,0.3,0.7,9543,0.32766,0.339198,-0.00462824,1
6,Gradient Descent,0.3,0.7,9544,0.327662,0.339196,-0.00462824,1
6,Gradient Descent,0.3,0.7,9545,0.327665,0.339193,-0.00462824,1
6,Gradient Descent,0.3,0.7,9546,0.327667,0.339191,-0.00462825,1
6,Gradient Descent,0.3,0.7,9547,0.327669,0.339188,-0.00462825,1
6,Gradient Descent,0.3,0.7,9548,0.327672,0.339186,-0.00462825,1
6,Gradient Descent,0.3,0.7,9549,0.327674,0.339183,-0.00462825,1
6,Gradient Descent,0.3,0.7,9550,0.327676,0.339181,-0.00462825,1
6,Gradient Descent,0.3,0.7,9551,0.327678,0.339179,-0.00462825,1
6,Gradient Descent,0.3,0.7,9552,0.327681,0.339176,-0.00462825,1
6,Gradient Descent,0.3,0.7,9553,0.327683,0.339174,-0.00462825,1
6,Gradient Descent,0.3,0.7,9554,0.327685,0.339171,-0.00462826,1
6,Gradient Descent,0.3,0.7,9555,0.327688,0.339169,-0.00462826,1
6,Gradient Descent,0.3,0.7,9556,0.32769,0.339166,-0.00462826,1
6,Gradient Descent,0.3,0.7,9557,0.327692,0.339164,-0.00462826,1
6,Gradient Descent,0.3,0.7,9558,0.327695,0.339161,-0.00462826,1
6,Gradient Descent,0.3,0.7,9559,0.327697,0.339159,-0.00462826,1
6,Gradient Descent,0.3,0.7,9560,0.327699,0.339156,-0.00462826,1
6,Gradient Descent,0.3,0.7,9561,0.327702,0.339154,-0.00462826,1
6,Gradient Descent,0.3,0.7,9562,0.327704,0.339151,-0.00462826,1
6,Gradient Descent,0.3,0.7,9563,0.327706,0.339149,-0.00462827,1
6,Gradient Descent,0.3,0.7,9564,0.327709,0.339146,-0.00462827,1
6,Gradient Descent,0.3,0.7,9565,0.327711,0.339144,-0.00462827,1
6,Gradient Descent,0.3,0.7,9566,0.327713,0.339142,-0.00462827,1
6,Gradient Descent,0.3,0.7,9567,0.327715,0.339139,-0.00462827,1
6,Gradient Descent,0.3,0.7,9568,0.327718,0.339137,-0.00462827,1
6,Gradient Descent,0.3,0.7,9569,0.32772,0.339134,-0.00462827,1
6,Gradient Descent,0.3,0.7,9570,0.327722,0.339132,-0.00462827,1
6,Gradient Descent,0.3,0.7,9571,0.327725,0.339129,-0.00462827,1
6,Gradient Descent,0.3,0.7,9572,0.327727,0.339127,-0.00462828,1
6,Gradient Descent,0.3,0.7,9573,0.327729,0.339124,-0.00462828,1
6,Gradient Descent,0.3,0.7,9574,0.327732,0.339122,-0.00462828,1
6,Gradient Descent,0.3,0.7,9575,0.327734,0.339119,-0.00462828,1
6,Gradient Descent,0.3,0.7,9576,0.327736,0.339117,-0.00462828,1
6,Gradient Descent,0.3,0.7,9577,0.327738,0.339115,-0.00462828,1
6,Gradient Descent,0.3,0.7,9578,0.327741,0.339112,-0.00462828,1
6,Gradient Descent,0.3,0.7,9579,0.327743,0.33911,-0.00462828,1
6,Gradient Descent,0.3,0.7,9580,0.327745,0.339107,-0.00462828,1
6,Gradient Descent,0.3,0.7,9581,0.327748,0.339105,-0.00462829,1
6,Gradient Descent,0.3,0.7,9582,0.32775,0.339102,-0.00462829,1
6,Gradient Descent,0.3,0.7,9583,0.327752,0.3391,-0.00462829,1
6,Gradient Descent,0.3,0.7,9584,0.327754,0.339098,-0.00462829,1
6,Gradient Descent,0.3,0.7,9585,0.327757,0.339095,-0.00462829,1
6,Gradient Descent,0.3,0.7,9586,0.327759,0.339093,-0.00462829,1
6,Gradient Descent,0.3,0.7,9587,0.327761,0.33909,-0.00462829,1
6,Gradient Descent,0.3,0.7,9588,0.327764,0.339088,-0.00462829,1
6,Gradient Descent,0.3,0.7,9589,0.327766,0.339085,-0.00462829,1
6,Gradient Descent,0.3,0.7,9590,0.327768,0.339083,-0.0046283,1
6,Gradient Descent,0.3,0.7,9591,0.32777,0.33908,-0.0046283,1
6,Gradient Descent,0.3,0.7,9592,0.327773,0.339078,-0.0046283,1
6,Gradient Descent,0.3,0.7,9593,0.327775,0.339076,-0.0046283,1
6,Gradient Descent,0.3,0.7,9594,0.327777,0.339073,-0.0046283,1
6,Gradient Descent,0.3,0.7,9595,0.32778,0.339071,-0.0046283,1
6,Gradient Descent,0.3,0.7,9596,0.327782,0.339068,-0.0046283,1
6,Gradient Descent,0.3,0.7,9597,0.327784,0.339066,-0.0046283,1
6,Gradient Descent,0.3,0.7,9598,0.327786,0.339063,-0.0046283,1
6,Gradient Descent,0.3,0.7,9599,0.327789,0.339061,-0.00462831,1
6,Gradient Descent,0.3,0.7,9600,0.327791,0.339059,-0.00462831,1
6,Gradient Descent,0.3,0.7,9601,0.327793,0.339056,-0.00462831,1
6,Gradient Descent,0.3,0.7,9602,0.327795,0.339054,-0.00462831,1
6,Gradient Descent,0.3,0.7,9603,0.327798,0.339051,-0.00462831,1
6,Gradient Descent,0.3,0.7,9604,0.3278,0.339049,-0.00462831,1
6,Gradient Descent,0.3,0.7,9605,0.327802,0.339047,-0.00462831,1
6,Gradient Descent,0.3,0.7,9606,0.327805,0.339044,-0.00462831,1
6,Gradient Descent,0.3,0.7,9607,0.327807,0.339042,-0.00462831,1
6,Gradient Descent,0.3,0.7,9608,0.327809,0.339039,-0.00462832,1
6,Gradient Descent,0.3,0.7,9609,0.327811,0.339037,-0.00462832,1
6,Gradient Descent,0.3,0.7,9610,0.327814,0.339034,-0.00462832,1
6,Gradient Descent,0.3,0.7,9611,0.327816,0.339032,-0.00462832,1
6,Gradient Descent,0.3,0.7,9612,0.327818,0.33903,-0.00462832,1
6,Gradient Descent,0.3,0.7,9613,0.32782,0.339027,-0.00462832,1
6,Gradient Descent,0.3,0.7,9614,0.327823,0.339025,-0.00462832,1
6,Gradient Descent,0.3,0.7,9615,0.327825,0.339022,-0.00462832,1
6,Gradient Descent,0.3,0.7,9616,0.327827,0.33902,-0.00462832,1
6,Gradient Descent,0.3,0.7,9617,0.327829,0.339018,-0.00462833,1
6,Gradient Descent,0.3,0.7,9618,0.327832,0.339015,-0.00462833,1
6,Gradient Descent,0.3,0.7,9619,0.327834,0.339013,-0.00462833,1
6,Gradient Descent,0.3,0.7,9620,0.327836,0.33901,-0.00462833,1
6,Gradient Descent,0.3,0.7,9621,0.327838,0.339008,-0.00462833,1
6,Gradient Descent,0.3,0.7,9622,0.327841,0.339006,-0.00462833,1
6,Gradient Descent,0.3,0.7,9623,0.327843,0.339003,-0.00462833,1
6,Gradient Descent,0.3,0.7,9624,0.327845,0.339001,-0.00462833,1
6,Gradient Descent,0.3,0.7,9625,0.327847,0.338998,-0.00462833,1
6,Gradient Descent,0.3,0.7,9626,0.32785,0.338996,-0.00462834,1
6,Gradient Descent,0.3,0.7,9627,0.327852,0.338994,-0.00462834,1
6,Gradient Descent,0.3,0.7,9628,0.327854,0.338991,-0.00462834,1
6,Gradient Descent,0.3,0.7,9629,0.327856,0.338989,-0.00462834,1
6,Gradient Descent,0.3,0.7,9630,0.327859,0.338986,-0.00462834,1
6,Gradient Descent,0.3,0.7,9631,0.327861,0.338984,-0.00462834,1
6,Gradient Descent,0.3,0.7,9632,0.327863,0.338982,-0.00462834,1
6,Gradient Descent,0.3,0.7,9633,0.327865,0.338979,-0.00462834,1
6,Gradient Descent,0.3,0.7,9634,0.327868,0.338977,-0.00462834,1
6,Gradient Descent,0.3,0.7,9635,0.32787,0.338975,-0.00462834,1
6,Gradient Descent,0.3,0.7,9636,0.327872,0.338972,-0.00462835,1
6,Gradient Descent,0.3,0.7,9637,0.327874,0.33897,-0.00462835,1
6,Gradient Descent,0.3,0.7,9638,0.327877,0.338967,-0.00462835,1
6,Gradient Descent,0.3,0.7,9639,0.327879,0.338965,-0.00462835,1
6,Gradient Descent,0.3,0.7,9640,0.327881,0.338963,-0.00462835,1
6,Gradient Descent,0.3,0.7,9641,0.327883,0.33896,-0.00462835,1
6,Gradient Descent,0.3,0.7,9642,0.327886,0.338958,-0.00462835,1
6,Gradient Descent,0.3,0.7,9643,0.327888,0.338955,-0.00462835,1
6,Gradient Descent,0.3,0.7,9644,0.32789,0.338953,-0.00462835,1
6,Gradient Descent,0.3,0.7,9645,0.327892,0.338951,-0.00462836,1
6,Gradient Descent,0.3,0.7,9646,0.327894,0.338948,-0.00462836,1
6,Gradient Descent,0.3,0.7,9647,0.327897,0.338946,-0.00462836,1
6,Gradient Descent,0.3,0.7,9648,0.327899,0.338944,-0.00462836,1
6,Gradient Descent,0.3,0.7,9649,0.327901,0.338941,-0.00462836,1
6,Gradient Descent,0.3,0.7,9650,0.327903,0.338939,-0.00462836,1
6,Gradient Descent,0.3,0.7,9651,0.327906,0.338936,-0.00462836,1
6,Gradient Descent,0.3,0.7,9652,0.327908,0.338934,-0.00462836,1
6,Gradient Descent,0.3,0.7,9653,0.32791,0.338932,-0.00462836,1
6,Gradient Descent,0.3,0.7,9654,0.327912,0.338929,-0.00462836,1
6,Gradient Descent,0.3,0.7,9655,0.327915,0.338927,-0.00462837,1
6,Gradient Descent,0.3,0.7,9656,0.327917,0.338925,-0.00462837,1
6,Gradient Descent,0.3,0.7,9657,0.327919,0.338922,-0.00462837,1
6,Gradient Descent,0.3,0.7,9658,0.327921,0.33892,-0.00462837,1
6,Gradient Descent,0.3,0.7,9659,0.327923,0.338918,-0.00462837,1
6,Gradient Descent,0.3,0.7,9660,0.327926,0.338915,-0.00462837,1
6,Gradient Descent,0.3,0.7,9661,0.327928,0.338913,-0.00462837,1
6,Gradient Descent,0.3,0.7,9662,0.32793,0.33891,-0.00462837,1
6,Gradient Descent,0.3,0.7,9663,0.327932,0.338908,-0.00462837,1
6,Gradient Descent,0.3,0.7,9664,0.327934,0.338906,-0.00462838,1
6,Gradient Descent,0.3,0.7,9665,0.327937,0.338903,-0.00462838,1
6,Gradient Descent,0.3,0.7,9666,0.327939,0.338901,-0.00462838,1
6,Gradient Descent,0.3,0.7,9667,0.327941,0.338899,-0.00462838,1
6,Gradient Descent,0.3,0.7,9668,0.327943,0.338896,-0.00462838,1
6,Gradient Descent,0.3,0.7,9669,0.327946,0.338894,-0.00462838,1
6,Gradient Descent,0.3,0.7,9670,0.327948,0.338892,-0.00462838,1
6,Gradient Descent,0.3,0.7,9671,0.32795,0.338889,-0.00462838,1
6,Gradient Descent,0.3,0.7,9672,0.327952,0.338887,-0.00462838,1
6,Gradient Descent,0.3,0.7,9673,0.327954,0.338885,-0.00462838,1
6,Gradient Descent,0.3,0.7,9674,0.327957,0.338882,-0.00462839,1
6,Gradient Descent,0.3,0.7,9675,0.327959,0.33888,-0.00462839,1
6,Gradient Descent,0.3,0.7,9676,0.327961,0.338878,-0.00462839,1
6,Gradient Descent,0.3,0.7,9677,0.327963,0.338875,-0.00462839,1
6,Gradient Descent,0.3,0.7,9678,0.327965,0.338873,-0.00462839,1
6,Gradient Descent,0.3,0.7,9679,0.327968,0.338871,-0.00462839,1
6,Gradient Descent,0.3,0.7,9680,0.32797,0.338868,-0.00462839,1
6,Gradient Descent,0.3,0.7,9681,0.327972,0.338866,-0.00462839,1
6,Gradient Descent,0.3,0.7,9682,0.327974,0.338864,-0.00462839,1
6,Gradient Descent,0.3,0.7,9683,0.327976,0.338861,-0.0046284,1
6,Gradient Descent,0.3,0.7,9684,0.327979,0.338859,-0.0046284,1
6,Gradient Descent,0.3,0.7,9685,0.327981,0.338857,-0.0046284,1
6,Gradient Descent,0.3,0.7,9686,0.327983,0.338854,-0.0046284,1
6,Gradient Descent,0.3,0.7,9687,0.327985,0.338852,-0.0046284,1
6,Gradient Descent,0.3,0.7,9688,0.327987,0.33885,-0.0046284,1
6,Gradient Descent,0.3,0.7,9689,0.32799,0.338847,-0.0046284,1
6,Gradient Descent,0.3,0.7,9690,0.327992,0.338845,-0.0046284,1
6,Gradient Descent,0.3,0.7,9691,0.327994,0.338843,-0.0046284,1
6,Gradient Descent,0.3,0.7,9692,0.327996,0.33884,-0.0046284,1
6,Gradient Descent,0.3,0.7,9693,0.327998,0.338838,-0.00462841,1
6,Gradient Descent,0.3,0.7,9694,0.328,0.338836,-0.00462841,1
6,Gradient Descent,0.3,0.7,9695,0.328003,0.338833,-0.00462841,1
6,Gradient Descent,0.3,0.7,9696,0.328005,0.338831,-0.00462841,1
6,Gradient Descent,0.3,0.7,9697,0.328007,0.338829,-0.00462841,1
6,Gradient Descent,0.3,0.7,9698,0.328009,0.338826,-0.00462841,1
6,Gradient Descent,0.3,0.7,9699,0.328011,0.338824,-0.00462841,1
6,Gradient Descent,0.3,0.7,9700,0.328014,0.338822,-0.00462841,1
6,Gradient Descent,0.3,0.7,9701,0.328016,0.338819,-0.00462841,1
6,Gradient Descent,0.3,0.7,9702,0.328018,0.338817,-0.00462841,1
6,Gradient Descent,0.3,0.7,9703,0.32802,0.338815,-0.00462842,1
6,Gradient Descent,0.3,0.7,9704,0.328022,0.338812,-0.00462842,1
6,Gradient Descent,0.3,0.7,9705,0.328024,0.33881,-0.00462842,1
6,Gradient Descent,0.3,0.7,9706,0.328027,0.338808,-0.00462842,1
6,Gradient Descent,0.3,0.7,9707,0.328029,0.338805,-0.00462842,1
6,Gradient Descent,0.3,0.7,9708,0.328031,0.338803,-0.00462842,1
6,Gradient Descent,0.3,0.7,9709,0.328033,0.338801,-0.00462842,1
6,Gradient Descent,0.3,0.7,9710,0.328035,0.338798,-0.00462842,1
6,Gradient Descent,0.3,0.7,9711,0.328038,0.338796,-0.00462842,1
6,Gradient Descent,0.3,0.7,9712,0.32804,0.338794,-0.00462842,1
6,Gradient Descent,0.3,0.7,9713,0.328042,0.338792,-0.00462843,1
6,Gradient Descent,0.3,0.7,9714,0.328044,0.338789,-0.00462843,1
6,Gradient Descent,0.3,0.7,9715,0.328046,0.338787,-0.00462843,1
6,Gradient Descent,0.3,0.7,9716,0.328048,0.338785,-0.00462843,1
6,Gradient Descent,0.3,0.7,9717,0.328051,0.338782,-0.00462843,1
6,Gradient Descent,0.3,0.7,9718,0.328053,0.33878,-0.00462843,1
6,Gradient Descent,0.3,0.7,9719,0.328055,0.338778,-0.00462843,1
6,Gradient Descent,0.3,0.7,9720,0.328057,0.338775,-0.00462843,1
6,Gradient Descent,0.3,0.7,9721,0.328059,0.338773,-0.00462843,1
6,Gradient Descent,0.3,0.7,9722,0.328061,0.338771,-0.00462843,1
6,Gradient Descent,0.3,0.7,9723,0.328064,0.338769,-0.00462844,1
6,Gradient Descent,0.3,0.7,9724,0.328066,0.338766,-0.00462844,1
6,Gradient Descent,0.3,0.7,9725,0.328068,0.338764,-0.00462844,1
6,Gradient Descent,0.3,0.7,9726,0.32807,0.338762,-0.00462844,1
6,Gradient Descent,0.3,0.7,9727,0.328072,0.338759,-0.00462844,1
6,Gradient Descent,0.3,0.7,9728,0.328074,0.338757,-0.00462844,1
6,Gradient Descent,0.3,0.7,9729,0.328077,0.338755,-0.00462844,1
6,Gradient Descent,0.3,0.7,9730,0.328079,0.338752,-0.00462844,1
6,Gradient Descent,0.3,0.7,9731,0.328081,0.33875,-0.00462844,1
6,Gradient Descent,0.3,0.7,9732,0.328083,0.338748,-0.00462844,1
6,Gradient Descent,0.3,0.7,9733,0.328085,0.338746,-0.00462845,1
6,Gradient Descent,0.3,0.7,9734,0.328087,0.338743,-0.00462845,1
6,Gradient Descent,0.3,0.7,9735,0.328089,0.338741,-0.00462845,1
6,Gradient Descent,0.3,0.7,9736,0.328092,0.338739,-0.00462845,1
6,Gradient Descent,0.3,0.7,9737,0.328094,0.338736,-0.00462845,1
6,Gradient Descent,0.3,0.7,9738,0.328096,0.338734,-0.00462845,1
6,Gradient Descent,0.3,0.7,9739,0.328098,0.338732,-0.00462845,1
6,Gradient Descent,0.3,0.7,9740,0.3281,0.33873,-0.00462845,1
6,Gradient Descent,0.3,0.7,9741,0.328102,0.338727,-0.00462845,1
6,Gradient Descent,0.3,0.7,9742,0.328104,0.338725,-0.00462845,1
6,Gradient Descent,0.3,0.7,9743,0.328107,0.338723,-0.00462846,1
6,Gradient Descent,0.3,0.7,9744,0.328109,0.33872,-0.00462846,1
6,Gradient Descent,0.3,0.7,9745,0.328111,0.338718,-0.00462846,1
6,Gradient Descent,0.3,0.7,9746,0.328113,0.338716,-0.00462846,1
6,Gradient Descent,0.3,0.7,9747,0.328115,0.338714,-0.00462846,1
6,Gradient Descent,0.3,0.7,9748,0.328117,0.338711,-0.00462846,1
6,Gradient Descent,0.3,0.7,9749,0.328119,0.338709,-0.00462846,1
6,Gradient Descent,0.3,0.7,9750,0.328122,0.338707,-0.00462846,1
6,Gradient Descent,0.3,0.7,9751,0.328124,0.338705,-0.00462846,1
6,Gradient Descent,0.3,0.7,9752,0.328126,0.338702,-0.00462846,1
6,Gradient Descent,0.3,0.7,9753,0.328128,0.3387,-0.00462847,1
6,Gradient Descent,0.3,0.7,9754,0.32813,0.338698,-0.00462847,1
6,Gradient Descent,0.3,0.7,9755,0.328132,0.338696,-0.00462847,1
6,Gradient Descent,0.3,0.7,9756,0.328134,0.338693,-0.00462847,1
6,Gradient Descent,0.3,0.7,9757,0.328137,0.338691,-0.00462847,1
6,Gradient Descent,0.3,0.7,9758,0.328139,0.338689,-0.00462847,1
6,Gradient Descent,0.3,0.7,9759,0.328141,0.338686,-0.00462847,1
6,Gradient Descent,0.3,0.7,9760,0.328143,0.338684,-0.00462847,1
6,Gradient Descent,0.3,0.7,9761,0.328145,0.338682,-0.00462847,1
6,Gradient Descent,0.3,0.7,9762,0.328147,0.33868,-0.00462847,1
6,Gradient Descent,0.3,0.7,9763,0.328149,0.338677,-0.00462847,1
6,Gradient Descent,0.3,0.7,9764,0.328151,0.338675,-0.00462848,1
6,Gradient Descent,0.3,0.7,9765,0.328154,0.338673,-0.00462848,1
6,Gradient Descent,0.3,0.7,9766,0.328156,0.338671,-0.00462848,1
6,Gradient Descent,0.3,0.7,9767,0.328158,0.338668,-0.00462848,1
6,Gradient Descent,0.3,0.7,9768,0.32816,0.338666,-0.00462848,1
6,Gradient Descent,0.3,0.7,9769,0.328162,0.338664,-0.00462848,1
6,Gradient Descent,0.3,0.7,9770,0.328164,0.338662,-0.00462848,1
6,Gradient Descent,0.3,0.7,9771,0.328166,0.338659,-0.00462848,1
6,Gradient Descent,0.3,0.7,9772,0.328168,0.338657,-0.00462848,1
6,Gradient Descent,0.3,0.7,9773,0.328171,0.338655,-0.00462848,1
6,Gradient Descent,0.3,0.7,9774,0.328173,0.338653,-0.00462849,1
6,Gradient Descent,0.3,0.7,9775,0.328175,0.33865,-0.00462849,1
6,Gradient Descent,0.3,0.7,9776,0.328177,0.338648,-0.00462849,1
6,Gradient Descent,0.3,0.7,9777,0.328179,0.338646,-0.00462849,1
6,Gradient Descent,0.3,0.7,9778,0.328181,0.338644,-0.00462849,1
6,Gradient Descent,0.3,0.7,9779,0.328183,0.338641,-0.00462849,1
6,Gradient Descent,0.3,0.7,9780,0.328185,0.338639,-0.00462849,1
6,Gradient Descent,0.3,0.7,9781,0.328187,0.338637,-0.00462849,1
6,Gradient Descent,0.3,0.7,9782,0.32819,0.338635,-0.00462849,1
6,Gradient Descent,0.3,0.7,9783,0.328192,0.338632,-0.00462849,1
6,Gradient Descent,0.3,0.7,9784,0.328194,0.33863,-0.00462849,1
6,Gradient Descent,0.3,0.7,9785,0.328196,0.338628,-0.0046285,1
6,Gradient Descent,0.3,0.7,9786,0.328198,0.338626,-0.0046285,1
6,Gradient Descent,0.3,0.7,9787,0.3282,0.338623,-0.0046285,1
6,Gradient Descent,0.3,0.7,9788,0.328202,0.338621,-0.0046285,1
6,Gradient Descent,0.3,0.7,9789,0.328204,0.338619,-0.0046285,1
6,Gradient Descent,0.3,0.7,9790,0.328206,0.338617,-0.0046285,1
6,Gradient Descent,0.3,0.7,9791,0.328209,0.338615,-0.0046285,1
6,Gradient Descent,0.3,0.7,9792,0.328211,0.338612,-0.0046285,1
6,Gradient Descent,0.3,0.7,9793,0.328213,0.33861,-0.0046285,1
6,Gradient Descent,0.3,0.7,9794,0.328215,0.338608,-0.0046285,1
6,Gradient Descent,0.3,0.7,9795,0.328217,0.338606,-0.00462851,1
6,Gradient Descent,0.3,0.7,9796,0.328219,0.338603,-0.00462851,1
6,Gradient Descent,0.3,0.7,9797,0.328221,0.338601,-0.00462851,1
6,Gradient Descent,0.3,0.7,9798,0.328223,0.338599,-0.00462851,1
6,Gradient Descent,0.3,0.7,9799,0.328225,0.338597,-0.00462851,1
6,Gradient Descent,0.3,0.7,9800,0.328227,0.338595,-0.00462851,1
6,Gradient Descent,0.3,0.7,9801,0.32823,0.338592,-0.00462851,1
6,Gradient Descent,0.3,0.7,9802,0.328232,0.33859,-0.00462851,1
6,Gradient Descent,0.3,0.7,9803,0.328234,0.338588,-0.00462851,1
6,Gradient Descent,0.3,0.7,9804,0.328236,0.338586,-0.00462851,1
6,Gradient Descent,0.3,0.7,9805,0.328238,0.338583,-0.00462851,1
6,Gradient Descent,0.3,0.7,9806,0.32824,0.338581,-0.00462852,1
6,Gradient Descent,0.3,0.7,9807,0.328242,0.338579,-0.00462852,1
6,Gradient Descent,0.3,0.7,9808,0.328244,0.338577,-0.00462852,1
6,Gradient Descent,0.3,0.7,9809,0.328246,0.338575,-0.00462852,1
6,Gradient Descent,0.3,0.7,9810,0.328248,0.338572,-0.00462852,1
6,Gradient Descent,0.3,0.7,9811,0.32825,0.33857,-0.00462852,1
6,Gradient Descent,0.3,0.7,9812,0.328253,0.338568,-0.00462852,1
6,Gradient Descent,0.3,0.7,9813,0.328255,0.338566,-0.00462852,1
6,Gradient Descent,0.3,0.7,9814,0.328257,0.338563,-0.00462852,1
6,Gradient Descent,0.3,0.7,9815,0.328259,0.338561,-0.00462852,1
6,Gradient Descent,0.3,0.7,9816,0.328261,0.338559,-0.00462852,1
6,Gradient Descent,0.3,0.7,9817,0.328263,0.338557,-0.00462853,1
6,Gradient Descent,0.3,0.7,9818,0.328265,0.338555,-0.00462853,1
6,Gradient Descent,0.3,0.7,9819,0.328267,0.338552,-0.00462853,1
6,Gradient Descent,0.3,0.7,9820,0.328269,0.33855,-0.00462853,1
6,Gradient Descent,0.3,0.7,9821,0.328271,0.338548,-0.00462853,1
6,Gradient Descent,0.3,0.7,9822,0.328273,0.338546,-0.00462853,1
6,Gradient Descent,0.3,0.7,9823,0.328275,0.338544,-0.00462853,1
6,Gradient Descent,0.3,0.7,9824,0.328278,0.338541,-0.00462853,1
6,Gradient Descent,0.3,0.7,9825,0.32828,0.338539,-0.00462853,1
6,Gradient Descent,0.3,0.7,9826,0.328282,0.338537,-0.00462853,1
6,Gradient Descent,0.3,0.7,9827,0.328284,0.338535,-0.00462853,1
6,Gradient Descent,0.3,0.7,9828,0.328286,0.338533,-0.00462854,1
6,Gradient Descent,0.3,0.7,9829,0.328288,0.33853,-0.00462854,1
6,Gradient Descent,0.3,0.7,9830,0.32829,0.338528,-0.00462854,1
6,Gradient Descent,0.3,0.7,9831,0.328292,0.338526,-0.00462854,1
6,Gradient Descent,0.3,0.7,9832,0.328294,0.338524,-0.00462854,1
6,Gradient Descent,0.3,0.7,9833,0.328296,0.338522,-0.00462854,1
6,Gradient Descent,0.3,0.7,9834,0.328298,0.338519,-0.00462854,1
6,Gradient Descent,0.3,0.7,9835,0.3283,0.338517,-0.00462854,1
6,Gradient Descent,0.3,0.7,9836,0.328302,0.338515,-0.00462854,1
6,Gradient Descent,0.3,0.7,9837,0.328304,0.338513,-0.00462854,1
6,Gradient Descent,0.3,0.7,9838,0.328306,0.338511,-0.00462854,1
6,Gradient Descent,0.3,0.7,9839,0.328309,0.338509,-0.00462855,1
6,Gradient Descent,0.3,0.7,9840,0.328311,0.338506,-0.00462855,1
6,Gradient Descent,0.3,0.7,9841,0.328313,0.338504,-0.00462855,1
6,Gradient Descent,0.3,0.7,9842,0.328315,0.338502,-0.00462855,1
6,Gradient Descent,0.3,0.7,9843,0.328317,0.3385,-0.00462855,1
6,Gradient Descent,0.3,0.7,9844,0.328319,0.338498,-0.00462855,1
6,Gradient Descent,0.3,0.7,9845,0.328321,0.338495,-0.00462855,1
6,Gradient Descent,0.3,0.7,9846,0.328323,0.338493,-0.00462855,1
6,Gradient Descent,0.3,0.7,9847,0.328325,0.338491,-0.00462855,1
6,Gradient Descent,0.3,0.7,9848,0.328327,0.338489,-0.00462855,1
6,Gradient Descent,0.3,0.7,9849,0.328329,0.338487,-0.00462855,1
6,Gradient Descent,0.3,0.7,9850,0.328331,0.338485,-0.00462856,1
6,Gradient Descent,0.3,0.7,9851,0.328333,0.338482,-0.00462856,1
6,Gradient Descent,0.3,0.7,9852,0.328335,0.33848,-0.00462856,1
6,Gradient Descent,0.3,0.7,9853,0.328337,0.338478,-0.00462856,1
6,Gradient Descent,0.3,0.7,9854,0.328339,0.338476,-0.00462856,1
6,Gradient Descent,0.3,0.7,9855,0.328341,0.338474,-0.00462856,1
6,Gradient Descent,0.3,0.7,9856,0.328344,0.338472,-0.00462856,1
6,Gradient Descent,0.3,0.7,9857,0.328346,0.338469,-0.00462856,1
6,Gradient Descent,0.3,0.7,9858,0.328348,0.338467,-0.00462856,1
6,Gradient Descent,0.3,0.7,9859,0.32835,0.338465,-0.00462856,1
6,Gradient Descent,0.3,0.7,9860,0.328352,0.338463,-0.00462856,1
6,Gradient Descent,0.3,0.7,9861,0.328354,0.338461,-0.00462857,1
6,Gradient Descent,0.3,0.7,9862,0.328356,0.338459,-0.00462857,1
6,Gradient Descent,0.3,0.7,9863,0.328358,0.338456,-0.00462857,1
6,Gradient Descent,0.3,0.7,9864,0.32836,0.338454,-0.00462857,1
6,Gradient Descent,0.3,0.7,9865,0.328362,0.338452,-0.00462857,1
6,Gradient Descent,0.3,0.7,9866,0.328364,0.33845,-0.00462857,1
6,Gradient Descent,0.3,0.7,9867,0.328366,0.338448,-0.00462857,1
6,Gradient Descent,0.3,0.7,9868,0.328368,0.338446,-0.00462857,1
6,Gradient Descent,0.3,0.7,9869,0.32837,0.338443,-0.00462857,1
6,Gradient Descent,0.3,0.7,9870,0.328372,0.338441,-0.00462857,1
6,Gradient Descent,0.3,0.7,9871,0.328374,0.338439,-0.00462857,1
6,Gradient Descent,0.3,0.7,9872,0.328376,0.338437,-0.00462858,1
6,Gradient Descent,0.3,0.7,9873,0.328378,0.338435,-0.00462858,1
6,Gradient Descent,0.3,0.7,9874,0.32838,0.338433,-0.00462858,1
6,Gradient Descent,0.3,0.7,9875,0.328382,0.33843,-0.00462858,1
6,Gradient Descent,0.3,0.7,9876,0.328384,0.338428,-0.00462858,1
6,Gradient Descent,0.3,0.7,9877,0.328386,0.338426,-0.00462858,1
6,Gradient Descent,0.3,0.7,9878,0.328388,0.338424,-0.00462858,1
6,Gradient Descent,0.3,0.7,9879,0.32839,0.338422,-0.00462858,1
6,Gradient Descent,0.3,0.7,9880,0.328392,0.33842,-0.00462858,1
6,Gradient Descent,0.3,0.7,9881,0.328394,0.338418,-0.00462858,1
6,Gradient Descent,0.3,0.7,9882,0.328396,0.338415,-0.00462858,1
6,Gradient Descent,0.3,0.7,9883,0.328399,0.338413,-0.00462858,1
6,Gradient Descent,0.3,0.7,9884,0.328401,0.338411,-0.00462859,1
6,Gradient Descent,0.3,0.7,9885,0.328403,0.338409,-0.00462859,1
6,Gradient Descent,0.3,0.7,9886,0.328405,0.338407,-0.00462859,1
6,Gradient Descent,0.3,0.7,9887,0.328407,0.338405,-0.00462859,1
6,Gradient Descent,0.3,0.7,9888,0.328409,0.338403,-0.00462859,1
6,Gradient Descent,0.3,0.7,9889,0.328411,0.3384,-0.00462859,1
6,Gradient Descent,0.3,0.7,9890,0.328413,0.338398,-0.00462859,1
6,Gradient Descent,0.3,0.7,9891,0.328415,0.338396,-0.00462859,1
6,Gradient Descent,0.3,0.7,9892,0.328417,0.338394,-0.00462859,1
6,Gradient Descent,0.3,0.7,9893,0.328419,0.338392,-0.00462859,1
6,Gradient Descent,0.3,0.7,9894,0.328421,0.33839,-0.00462859,1
6,Gradient Descent,0.3,0.7,9895,0.328423,0.338388,-0.0046286,1
6,Gradient Descent,0.3,0.7,9896,0.328425,0.338385,-0.0046286,1
6,Gradient Descent,0.3,0.7,9897,0.328427,0.338383,-0.0046286,1
6,Gradient Descent,0.3,0.7,9898,0.328429,0.338381,-0.0046286,1
6,Gradient Descent,0.3,0.7,9899,0.328431,0.338379,-0.0046286,1
6,Gradient Descent,0.3,0.7,9900,0.328433,0.338377,-0.0046286,1
6,Gradient Descent,0.3,0.7,9901,0.328435,0.338375,-0.0046286,1
6,Gradient Descent,0.3,0.7,9902,0.328437,0.338373,-0.0046286,1
6,Gradient Descent,0.3,0.7,9903,0.328439,0.338371,-0.0046286,1
6,Gradient Descent,0.3,0.7,9904,0.328441,0.338368,-0.0046286,1
6,Gradient Descent,0.3,0.7,9905,0.328443,0.338366,-0.0046286,1
6,Gradient Descent,0.3,0.7,9906,0.328445,0.338364,-0.0046286,1
6,Gradient Descent,0.3,0.7,9907,0.328447,0.338362,-0.00462861,1
6,Gradient Descent,0.3,0.7,9908,0.328449,0.33836,-0.00462861,1
6,Gradient Descent,0.3,0.7,9909,0.328451,0.338358,-0.00462861,1
6,Gradient Descent,0.3,0.7,9910,0.328453,0.338356,-0.00462861,1
6,Gradient Descent,0.3,0.7,9911,0.328455,0.338354,-0.00462861,1
6,Gradient Descent,0.3,0.7,9912,0.328457,0.338351,-0.00462861,1
6,Gradient Descent,0.3,0.7,9913,0.328459,0.338349,-0.00462861,1
6,Gradient Descent,0.3,0.7,9914,0.328461,0.338347,-0.00462861,1
6,Gradient Descent,0.3,0.7,9915,0.328463,0.338345,-0.00462861,1
6,Gradient Descent,0.3,0.7,9916,0.328465,0.338343,-0.00462861,1
6,Gradient Descent,0.3,0.7,9917,0.328467,0.338341,-0.00462861,1
6,Gradient Descent,0.3,0.7,9918,0.328469,0.338339,-0.00462861,1
6,Gradient Descent,0.3,0.7,9919,0.328471,0.338337,-0.00462862,1
6,Gradient Descent,0.3,0.7,9920,0.328473,0.338334,-0.00462862,1
6,Gradient Descent,0.3,0.7,9921,0.328475,0.338332,-0.00462862,1
6,Gradient Descent,0.3,0.7,9922,0.328477,0.33833,-0.00462862,1
6,Gradient Descent,0.3,0.7,9923,0.328479,0.338328,-0.00462862,1
6,Gradient Descent,0.3,0.7,9924,0.328481,0.338326,-0.00462862,1
6,Gradient Descent,0.3,0.7,9925,0.328483,0.338324,-0.00462862,1
6,Gradient Descent,0.3,0.7,9926,0.328485,0.338322,-0.00462862,1
6,Gradient Descent,0.3,0.7,9927,0.328487,0.33832,-0.00462862,1
6,Gradient Descent,0.3,0.7,9928,0.328489,0.338318,-0.00462862,1
6,Gradient Descent,0.3,0.7,9929,0.328491,0.338316,-0.00462862,1
6,Gradient Descent,0.3,0.7,9930,0.328493,0.338313,-0.00462862,1
6,Gradient Descent,0.3,0.7,9931,0.328495,0.338311,-0.00462863,1
6,Gradient Descent,0.3,0.7,9932,0.328497,0.338309,-0.00462863,1
6,Gradient Descent,0.3,0.7,9933,0.328499,0.338307,-0.00462863,1
6,Gradient Descent,0.3,0.7,9934,0.328501,0.338305,-0.00462863,1
6,Gradient Descent,0.3,0.7,9935,0.328503,0.338303,-0.00462863,1
6,Gradient Descent,0.3,0.7,9936,0.328505,0.338301,-0.00462863,1
6,Gradient Descent,0.3,0.7,9937,0.328507,0.338299,-0.00462863,1
6,Gradient Descent,0.3,0.7,9938,0.328509,0.338297,-0.00462863,1
6,Gradient Descent,0.3,0.7,9939,0.328511,0.338295,-0.00462863,1
6,Gradient Descent,0.3,0.7,9940,0.328513,0.338292,-0.00462863,1
6,Gradient Descent,0.3,0.7,9941,0.328515,0.33829,-0.00462863,1
6,Gradient Descent,0.3,0.7,9942,0.328517,0.338288,-0.00462863,1
6,Gradient Descent,0.3,0.7,9943,0.328519,0.338286,-0.00462864,1
6,Gradient Descent,0.3,0.7,9944,0.328521,0.338284,-0.00462864,1
6,Gradient Descent,0.3,0.7,9945,0.328523,0.338282,-0.00462864,1
6,Gradient Descent,0.3,0.7,9946,0.328525,0.33828,-0.00462864,1
6,Gradient Descent,0.3,0.7,9947,0.328527,0.338278,-0.00462864,1
6,Gradient Descent,0.3,0.7,9948,0.328529,0.338276,-0.00462864,1
6,Gradient Descent,0.3,0.7,9949,0.328531,0.338274,-0.00462864,1
6,Gradient Descent,0.3,0.7,9950,0.328532,0.338272,-0.00462864,1
6,Gradient Descent,0.3,0.7,9951,0.328534,0.338269,-0.00462864,1
6,Gradient Descent,0.3,0.7,9952,0.328536,0.338267,-0.00462864,1
6,Gradient Descent,0.3,0.7,9953,0.328538,0.338265,-0.00462864,1
6,Gradient Descent,0.3,0.7,9954,0.32854,0.338263,-0.00462864,1
6,Gradient Descent,0.3,0.7,9955,0.328542,0.338261,-0.00462865,1
6,Gradient Descent,0.3,0.7,9956,0.328544,0.338259,-0.00462865,1
6,Gradient Descent,0.3,0.7,9957,0.328546,0.338257,-0.00462865,1
6,Gradient Descent,0.3,0.7,9958,0.328548,0.338255,-0.00462865,1
6,Gradient Descent,0.3,0.7,9959,0.32855,0.338253,-0.00462865,1
6,Gradient Descent,0.3,0.7,9960,0.328552,0.338251,-0.00462865,1
6,Gradient Descent,0.3,0.7,9961,0.328554,0.338249,-0.00462865,1
6,Gradient Descent,0.3,0.7,9962,0.328556,0.338247,-0.00462865,1
6,Gradient Descent,0.3,0.7,9963,0.328558,0.338245,-0.00462865,1
6,Gradient Descent,0.3,0.7,9964,0.32856,0.338242,-0.00462865,1
6,Gradient Descent,0.3,0.7,9965,0.328562,0.33824,-0.00462865,1
6,Gradient Descent,0.3,0.7,9966,0.328564,0.338238,-0.00462865,1
6,Gradient Descent,0.3,0.7,9967,0.328566,0.338236,-0.00462866,1
6,Gradient Descent,0.3,0.7,9968,0.328568,0.338234,-0.00462866,1
6,Gradient Descent,0.3,0.7,9969,0.32857,0.338232,-0.00462866,1
6,Gradient Descent,0.3,0.7,9970,0.328572,0.33823,-0.00462866,1
6,Gradient Descent,0.3,0.7,9971,0.328574,0.338228,-0.00462866,1
6,Gradient Descent,0.3,0.7,9972,0.328576,0.338226,-0.00462866,1
6,Gradient Descent,0.3,0.7,9973,0.328578,0.338224,-0.00462866,1
6,Gradient Descent,0.3,0.7,9974,0.32858,0.338222,-0.00462866,1
6,Gradient Descent,0.3,0.7,9975,0.328582,0.33822,-0.00462866,1
6,Gradient Descent,0.3,0.7,9976,0.328583,0.338218,-0.00462866,1
6,Gradient Descent,0.3,0.7,9977,0.328585,0.338216,-0.00462866,1
6,Gradient Descent,0.3,0.7,9978,0.328587,0.338214,-0.00462866,1
6,Gradient Descent,0.3,0.7,9979,0.328589,0.338211,-0.00462867,1
6,Gradient Descent,0.3,0.7,9980,0.328591,0.338209,-0.00462867,1
6,Gradient Descent,0.3,0.7,9981,0.328593,0.338207,-0.00462867,1
6,Gradient Descent,0.3,0.7,9982,0.328595,0.338205,-0.00462867,1
6,Gradient Descent,0.3,0.7,9983,0.328597,0.338203,-0.00462867,1
6,Gradient Descent,0.3,0.7,9984,0.328599,0.338201,-0.00462867,1
6,Gradient Descent,0.3,0.7,9985,0.328601,0.338199,-0.00462867,1
6,Gradient Descent,0.3,0.7,9986,0.328603,0.338197,-0.00462867,1
6,Gradient Descent,0.3,0.7,9987,0.328605,0.338195,-0.00462867,1
6,Gradient Descent,0.3,0.7,9988,0.328607,0.338193,-0.00462867,1
6,Gradient Descent,0.3,0.7,9989,0.328609,0.338191,-0.00462867,1
6,Gradient Descent,0.3,0.7,9990,0.328611,0.338189,-0.00462867,1
6,Gradient Descent,0.3,0.7,9991,0.328613,0.338187,-0.00462867,1
6,Gradient Descent,0.3,0.7,9992,0.328615,0.338185,-0.00462868,1
6,Gradient Descent,0.3,0.7,9993,0.328617,0.338183,-0.00462868,1
6,Gradient Descent,0.3,0.7,9994,0.328618,0.338181,-0.00462868,1
6,Gradient Descent,0.3,0.7,9995,0.32862,0.338179,-0.00462868,1
6,Gradient Descent,0.3,0.7,9996,0.328622,0.338177,-0.00462868,1
6,Gradient Descent,0.3,0.7,9997,0.328624,0.338175,-0.00462868,1
6,Gradient Descent,0.3,0.7,9998,0.328626,0.338173,-0.00462868,1
6,Gradient Descent,0.3,0.7,9999,0.328628,0.33817,-0.00462868,1
6,Gradient Descent,0.3,0.7,10000,0.32863,0.338168,-0.00462868,1
7,Steepest Descent,0.3,0.7,0,0.3,0.7,-0,1
7,Steepest Descent,0.3,0.7,1,0.297375,0.697375,-0.000136094,1
7,Steepest Descent,0.3,0.7,2,0.294828,0.694802,-0.000265515,1
7,Steepest Descent,0.3,0.7,3,0.292358,0.69228,-0.000388651,1
7,Steepest Descent,0.3,0.7,4,0.289961,0.689806,-0.000505866,1
7,Steepest Descent,0.3,0.7,5,0.287635,0.687379,-0.000617501,1
7,Steepest Descent,0.3,0.7,6,0.285378,0.684998,-0.000723874,1
7,Steepest Descent,0.3,0.7,7,0.283189,0.68266,-0.000825281,1
7,Steepest Descent,0.3,0.7,8,0.281063,0.680364,-0.000922003,1
7,Steepest Descent,0.3,0.7,9,0.279001,0.678109,-0.0010143,1
7,Steepest Descent,0.3,0.7,10,0.277,0.675894,-0.00110242,1
7,Steepest Descent,0.3,0.7,11,0.275058,0.673717,-0.00118658,1
7,Steepest Descent,0.3,0.7,12,0.273173,0.671577,-0.00126702,1
7,Steepest Descent,0.3,0.7,13,0.271343,0.669472,-0.00134391,1
7,Steepest Descent,0.3,0.7,14,0.269568,0.667402,-0.00141747,1
7,Steepest Descent,0.3,0.7,15,0.267845,0.665366,-0.00148786,1
7,Steepest Descent,0.3,0.7,16,0.266173,0.663361,-0.00155526,1
7,Steepest Descent,0.3,0.7,17,0.26455,0.661389,-0.00161982,1
7,Steepest Descent,0.3,0.7,18,0.262975,0.659447,-0.00168169,1
7,Steepest Descent,0.3,0.7,19,0.261447,0.657534,-0.00174101,1
7,Steepest Descent,0.3,0.7,20,0.259964,0.65565,-0.00179791,1
7,Steepest Descent,0.3,0.7,21,0.258525,0.653793,-0.00185252,1
7,Steepest Descent,0.3,0.7,22,0.257129,0.651964,-0.00190495,1
7,Steepest Descent,0.3,0.7,23,0.255774,0.650161,-0.00195532,1
7,Steepest Descent,0.3,0.7,24,0.25446,0.648383,-0.00200372,1
7,Steepest Descent,0.3,0.7,25,0.253185,0.646629,-0.00205026,1
7,Steepest Descent,0.3,0.7,26,0.251948,0.6449,-0.00209503,1
7,Steepest Descent,0.3,0.7,27,0.250749,0.643194,-0.00213812,1
7,Steepest Descent,0.3,0.7,28,0.249585,0.64151,-0.00217961,1
7,Steepest Descent,0.3,0.7,29,0.248457,0.639849,-0.00221957,1
7,Steepest Descent,0.3,0.7,30,0.247363,0.638208,-0.00225809,1
7,Steepest Descent,0.3,0.7,31,0.246303,0.636589,-0.00229523,1
7,Steepest Descent,0.3,0.7,32,0.245275,0.63499,-0.00233106,1
7,Steepest Descent,0.3,0.7,33,0.244278,0.63341,-0.00236564,1
7,Steepest Descent,0.3,0.7,34,0.243313,0.631849,-0.00239903,1
7,Steepest Descent,0.3,0.7,35,0.242377,0.630307,-0.00243129,1
7,Steepest Descent,0.3,0.7,36,0.24147,0.628783,-0.00246247,1
7,Steepest Descent,0.3,0.7,37,0.240592,0.627277,-0.00249261,1
7,Steepest Descent,0.3,0.7,38,0.239742,0.625788,-0.00252178,1
7,Steepest Descent,0.3,0.7,39,0.238918,0.624315,-0.00255001,1
7,Steepest Descent,0.3,0.7,40,0.238121,0.622859,-0.00257735,1
7,Steepest Descent,0.3,0.7,41,0.23735,0.621419,-0.00260384,1
7,Steepest Descent,0.3,0.7,42,0.236603,0.619995,-0.00262951,1
7,Steepest Descent,0.3,0.7,43,0.235881,0.618585,-0.0026544,1
7,Steepest Descent,0.3,0.7,44,0.235182,0.61719,-0.00267856,1
7,Steepest Descent,0.3,0.7,45,0.234507,0.61581,-0.002702,1
7,Steepest Descent,0.3,0.7,46,0.233854,0.614443,-0.00272477,1
7,Steepest Descent,0.3,0.7,47,0.233223,0.613091,-0.00274689,1
7,Steepest Descent,0.3,0.7,48,0.232613,0.611752,-0.00276839,1
7,Steepest Descent,0.3,0.7,49,0.232025,0.610425,-0.0027893,1
7,Steepest Descent,0.3,0.7,50,0.231456,0.609112,-0.00280964,1
7,Steepest Descent,0.3,0.7,51,0.230908,0.607811,-0.00282945,1
7,Steepest Descent,0.3,0.7,52,0.230379,0.606522,-0.00284873,1
7,Steepest Descent,0.3,0.7,53,0.229869,0.605245,-0.00286751,1
7,Steepest Descent,0.3,0.7,54,0.229377,0.60398,-0.00288582,1
7,Steepest Descent,0.3,0.7,55,0.228904,0.602726,-0.00290368,1
7,Steepest Descent,0.3,0.7,56,0.228447,0.601483,-0.0029211,1
7,Steepest Descent,0.3,0.7,57,0.228009,0.600251,-0.0029381,1
7,Steepest Descent,0.3,0.7,58,0.227586,0.59903,-0.0029547,1
7,Steepest Descent,0.3,0.7,59,0.227181,0.597819,-0.00297092,1
7,Steepest Descent,0.3,0.7,60,0.226791,0.596618,-0.00298676,1
7,Steepest Descent,0.3,0.7,61,0.226416,0.595427,-0.00300226,1
7,Steepest Descent,0.3,0.7,62,0.226057,0.594246,-0.00301741,1
7,Steepest Descent,0.3,0.7,63,0.225713,0.593075,-0.00303224,1
7,Steepest Descent,0.3,0.7,64,0.225383,0.591913,-0.00304675,1
7,Steepest Descent,0.3,0.7,65,0.225067,0.59076,-0.00306097,1
7,Steepest Descent,0.3,0.7,66,0.224765,0.589616,-0.00307489,1
7,Steepest Descent,0.3,0.7,67,0.224476,0.588481,-0.00308854,1
7,Steepest Descent,0.3,0.7,68,0.224201,0.587355,-0.00310192,1
7,Steepest Descent,0.3,0.7,69,0.223939,0.586237,-0.00311505,1
7,Steepest Descent,0.3,0.7,70,0.223689,0.585127,-0.00312792,1
7,Steepest Descent,0.3,0.7,71,0.223451,0.584026,-0.00314056,1
7,Steepest Descent,0.3,0.7,72,0.223225,0.582932,-0.00315298,1
7,Steepest Descent,0.3,0.7,73,0.223011,0.581846,-0.00316517,1
7,Steepest Descent,0.3,0.7,74,0.222808,0.580768,-0.00317715,1
7,Steepest Descent,0.3,0.7,75,0.222617,0.579698,-0.00318892,1
7,Steepest Descent,0.3,0.7,76,0.222436,0.578635,-0.0032005,1
7,Steepest Descent,0.3,0.7,77,0.222266,0.577579,-0.00321189,1
7,Steepest Descent,0.3,0.7,78,0.222106,0.576531,-0.00322309,1
7,Steepest Descent,0.3,0.7,79,0.221957,0.575489,-0.00323412,1
7,Steepest Descent,0.3,0.7,80,0.221817,0.574454,-0.00324498,1
7,Steepest Descent,0.3,0.7,81,0.221687,0.573426,-0.00325568,1
7,Steepest Descent,0.3,0.7,82,0.221567,0.572405,-0.00326621,1
7,Steepest Descent,0.3,0.7,83,0.221456,0.57139,-0.0032766,1
7,Steepest Descent,0.3,0.7,84,0.221354,0.570382,-0.00328683,1
7,Steepest Descent,0.3,0.7,85,0.22126,0.56938,-0.00329692,1
7,Steepest Descent,0.3,0.7,86,0.221176,0.568385,-0.00330687,1
7,Steepest Descent,0.3,0.7,87,0.221099,0.567395,-0.00331669,1
7,Steepest Descent,0.3,0.7,88,0.221031,0.566411,-0.00332638,1
7,Steepest Descent,0.3,0.7,89,0.220971,0.565434,-0.00333594,1
7,Steepest Descent,0.3,0.7,90,0.220919,0.564462,-0.00334539,1
7,Steepest Descent,0.3,0.7,91,0.220875,0.563496,-0.00335471,1
7,Steepest Descent,0.3,0.7,92,0.220838,0.562535,-0.00336392,1
7,Steepest Descent,0.3,0.7,93,0.220808,0.56158,-0.00337302,1
7,Steepest Descent,0.3,0.7,94,0.220786,0.560631,-0.00338201,1
7,Steepest Descent,0.3,0.7,95,0.22077,0.559687,-0.0033909,1
7,Steepest Descent,0.3,0.7,96,0.220762,0.558748,-0.00339969,1
7,Steepest Descent,0.3,0.7,97,0.22076,0.557815,-0.00340837,1
7,Steepest Descent,0.3,0.7,98,0.220764,0.556887,-0.00341697,1
7,Steepest Descent,0.3,0.7,99,0.220776,0.555964,-0.00342547,1
7,Steepest Descent,0.3,0.7,100,0.220793,0.555045,-0.00343388,1
7,Steepest Descent,0.3,0.7,101,0.220816,0.554132,-0.0034422,1
7,Steepest Descent,0.3,0.7,102,0.220846,0.553224,-0.00345044,1
7,Steepest Descent,0.3,0.7,103,0.220881,0.55232,-0.0034586,1
7,Steepest Descent,0.3,0.7,104,0.220922,0.551422,-0.00346667,1
7,Steepest Descent,0.3,0.7,105,0.220968,0.550527,-0.00347467,1
7,Steepest Descent,0.3,0.7,106,0.22102,0.549638,-0.00348259,1
7,Steepest Descent,0.3,0.7,107,0.221077,0.548753,-0.00349043,1
7,Steepest Descent,0.3,0.7,108,0.221139,0.547873,-0.0034982,1
7,Steepest Descent,0.3,0.7,109,0.221207,0.546997,-0.0035059,1
7,Steepest Descent,0.3,0.7,110,0.221279,0.546125,-0.00351354,1
7,Steepest Descent,0.3,0.7,111,0.221356,0.545258,-0.0035211,1
7,Steepest Descent,0.3,0.7,112,0.221438,0.544395,-0.0035286,1
7,Steepest Descent,0.3,0.7,113,0.221525,0.543536,-0.00353603,1
7,Steepest Descent,0.3,0.7,114,0.221616,0.542682,-0.0035434,1
7,Steepest Descent,0.3,0.7,115,0.221712,0.541831,-0.00355071,1
7,Steepest Descent,0.3,0.7,116,0.221812,0.540985,-0.00355795,1
7,Steepest Descent,0.3,0.7,117,0.221916,0.540143,-0.00356514,1
7,Steepest Descent,0.3,0.7,118,0.222024,0.539305,-0.00357227,1
7,Steepest Descent,0.3,0.7,119,0.222136,0.53847,-0.00357935,1
7,Steepest Descent,0.3,0.7,120,0.222252,0.53764,-0.00358636,1
7,Steepest Descent,0.3,0.7,121,0.222372,0.536813,-0.00359333,1
7,Steepest Descent,0.3,0.7,122,0.222496,0.53599,-0.00360024,1
7,Steepest Descent,0.3,0.7,123,0.222623,0.535171,-0.00360709,1
7,Steepest Descent,0.3,0.7,124,0.222754,0.534356,-0.0036139,1
7,Steepest Descent,0.3,0.7,125,0.222889,0.533545,-0.00362065,1
7,Steepest Descent,0.3,0.7,126,0.223027,0.532737,-0.00362736,1
7,Steepest Descent,0.3,0.7,127,0.223168,0.531932,-0.00363401,1
7,Steepest Descent,0.3,0.7,128,0.223313,0.531132,-0.00364062,1
7,Steepest Descent,0.3,0.7,129,0.22346,0.530334,-0.00364718,1
7,Steepest Descent,0.3,0.7,130,0.223611,0.529541,-0.0036537,1
7,Steepest Descent,0.3,0.7,131,0.223765,0.528751,-0.00366017,1
7,Steepest Descent,0.3,0.7,132,0.223922,0.527964,-0.00366659,1
7,Steepest Descent,0.3,0.7,133,0.224081,0.527181,-0.00367297,1
7,Steepest Descent,0.3,0.7,134,0.224244,0.526401,-0.00367931,1
7,Steepest Descent,0.3,0.7,135,0.224409,0.525624,-0.0036856,1
7,Steepest Descent,0.3,0.7,136,0.224577,0.524851,-0.00369185,1
7,Steepest Descent,0.3,0.7,137,0.224747,0.524081,-0.00369806,1
7,Steepest Descent,0.3,0.7,138,0.224921,0.523314,-0.00370423,1
7,Steepest Descent,0.3,0.7,139,0.225096,0.522551,-0.00371035,1
7,Steepest Descent,0.3,0.7,140,0.225274,0.521791,-0.00371644,1
7,Steepest Descent,0.3,0.7,141,0.225455,0.521033,-0.00372249,1
7,Steepest Descent,0.3,0.7,142,0.225637,0.52028,-0.0037285,1
7,Steepest Descent,0.3,0.7,143,0.225822,0.519529,-0.00373446,1
7,Steepest Descent,0.3,0.7,144,0.22601,0.518781,-0.0037404,1
7,Steepest Descent,0.3,0.7,145,0.226199,0.518036,-0.00374629,1
7,Steepest Descent,0.3,0.7,146,0.22639,0.517295,-0.00375215,1
7,Steepest Descent,0.3,0.7,147,0.226584,0.516556,-0.00375797,1
7,Steepest Descent,0.3,0.7,148,0.226779,0.515821,-0.00376375,1
7,Steepest Descent,0.3,0.7,149,0.226977,0.515088,-0.0037695,1
7,Steepest Descent,0.3,0.7,150,0.227176,0.514359,-0.00377521,1
7,Steepest Descent,0.3,0.7,151,0.227377,0.513632,-0.00378088,1
7,Steepest Descent,0.3,0.7,152,0.22758,0.512908,-0.00378653,1
7,Steepest Descent,0.3,0.7,153,0.227785,0.512187,-0.00379213,1
7,Steepest Descent,0.3,0.7,154,0.227991,0.511469,-0.00379771,1
7,Steepest Descent,0.3,0.7,155,0.2282,0.510754,-0.00380324,1
7,Steepest Descent,0.3,0.7,156,0.228409,0.510042,-0.00380875,1
7,Steepest Descent,0.3,0.7,157,0.228621,0.509332,-0.00381422,1
7,Steepest Descent,0.3,0.7,158,0.228833,0.508626,-0.00381966,1
7,Steepest Descent,0.3,0.7,159,0.229048,0.507922,-0.00382507,1
7,Steepest Descent,0.3,0.7,160,0.229263,0.507221,-0.00383044,1
7,Steepest Descent,0.3,0.7,161,0.229481,0.506522,-0.00383578,1
7,Steepest Descent,0.3,0.7,162,0.229699,0.505827,-0.00384109,1
7,Steepest Descent,0.3,0.7,163,0.229919,0.505134,-0.00384637,1
7,Steepest Descent,0.3,0.7,164,0.23014,0.504443,-0.00385161,1
7,Steepest Descent,0.3,0.7,165,0.230363,0.503756,-0.00385683,1
7,Steepest Descent,0.3,0.7,166,0.230586,0.503071,-0.00386201,1
7,Steepest Descent,0.3,0.7,167,0.230811,0.502388,-0.00386717,1
7,Steepest Descent,0.3,0.7,168,0.231037,0.501709,-0.00387229,1
7,Steepest Descent,0.3,0.7,169,0.231264,0.501032,-0.00387738,1
7,Steepest Descent,0.3,0.7,170,0.231492,0.500357,-0.00388245,1
7,Steepest Descent,0.3,0.7,171,0.231722,0.499685,-0.00388748,1
7,Steepest Descent,0.3,0.7,172,0.231952,0.499016,-0.00389248,1
7,Steepest Descent,0.3,0.7,173,0.232183,0.498349,-0.00389746,1
7,Steepest Descent,0.3,0.7,174,0.232416,0.497685,-0.0039024,1
7,Steepest Descent,0.3,0.7,175,0.232649,0.497023,-0.00390732,1
7,Steepest Descent,0.3,0.7,176,0.232883,0.496364,-0.0039122,1
7,Steepest Descent,0.3,0.7,177,0.233118,0.495707,-0.00391706,1
7,Steepest Descent,0.3,0.7,178,0.233354,0.495053,-0.00392189,1
7,Steepest Descent,0.3,0.7,179,0.23359,0.494401,-0.00392669,1
7,Steepest Descent,0.3,0.7,180,0.233828,0.493752,-0.00393147,1
7,Steepest Descent,0.3,0.7,181,0.234066,0.493105,-0.00393621,1
7,Steepest Descent,0.3,0.7,182,0.234305,0.49246,-0.00394093,1
7,Steepest Descent,0.3,0.7,183,0.234544,0.491818,-0.00394562,1
7,Steepest Descent,0.3,0.7,184,0.234785,0.491178,-0.00395028,1
7,Steepest Descent,0.3,0.7,185,0.235026,0.490541,-0.00395492,1
7,Steepest Descent,0.3,0.7,186,0.235267,0.489906,-0.00395953,1
7,Steepest Descent,0.3,0.7,187,0.23551,0.489274,-0.00396411,1
7,Steepest Descent,0.3,0.7,188,0.235753,0.488644,-0.00396866,1
7,Steepest Descent,0.3,0.7,189,0.235996,0.488016,-0.00397319,1
7,Steepest Descent,0.3,0.7,190,0.23624,0.48739,-0.00397769,1
7,Steepest Descent,0.3,0.7,191,0.236484,0.486767,-0.00398216,1
7,Steepest Descent,0.3,0.7,192,0.236729,0.486146,-0.00398661,1
7,Steepest Descent,0.3,0.7,193,0.236975,0.485528,-0.00399103,1
7,Steepest Descent,0.3,0.7,194,0.237221,0.484912,-0.00399543,1
7,Steepest Descent,0.3,0.7,195,0.237467,0.484298,-0.0039998,1
7,Steepest Descent,0.3,0.7,196,0.237714,0.483686,-0.00400414,1
7,Steepest Descent,0.3,0.7,197,0.237961,0.483077,-0.00400846,1
7,Steepest Descent,0.3,0.7,198,0.238209,0.482469,-0.00401275,1
7,Steepest Descent,0.3,0.7,199,0.238457,0.481865,-0.00401702,1
7,Steepest Descent,0.3,0.7,200,0.238705,0.481262,-0.00402126,1
7,Steepest Descent,0.3,0.7,201,0.238954,0.480661,-0.00402548,1
7,Steepest Descent,0.3,0.7,202,0.239203,0.480063,-0.00402967,1
7,Steepest Descent,0.3,0.7,203,0.239452,0.479467,-0.00403384,1
7,Steepest Descent,0.3,0.7,204,0.239701,0.478873,-0.00403798,1
7,Steepest Descent,0.3,0.7,205,0.239951,0.478282,-0.0040421,1
7,Steepest Descent,0.3,0.7,206,0.240201,0.477692,-0.00404619,1
7,Steepest Descent,0.3,0.7,207,0.240451,0.477105,-0.00405026,1
7,Steepest Descent,0.3,0.7,208,0.240702,0.47652,-0.0040543,1
7,Steepest Descent,0.3,0.7,209,0.240952,0.475937,-0.00405832,1
7,Steepest Descent,0.3,0.7,210,0.241203,0.475356,-0.00406232,1
7,Steepest Descent,0.3,0.7,211,0.241454,0.474778,-0.00406629,1
7,Steepest Descent,0.3,0.7,212,0.241705,0.474201,-0.00407024,1
7,Steepest Descent,0.3,0.7,213,0.241956,0.473627,-0.00407416,1
7,Steepest Descent,0.3,0.7,214,0.242208,0.473055,-0.00407807,1
7,Steepest Descent,0.3,0.7,215,0.242459,0.472484,-0.00408194,1
7,Steepest Descent,0.3,0.7,216,0.242711,0.471916,-0.0040858,1
7,Steepest Descent,0.3,0.7,217,0.242963,0.47135,-0.00408963,1
7,Steepest Descent,0.3,0.7,218,0.243214,0.470787,-0.00409343,1
7,Steepest Descent,0.3,0.7,219,0.243466,0.470225,-0.00409722,1
7,Steepest Descent,0.3,0.7,220,0.243718,0.469665,-0.00410098,1
7,Steepest Descent,0.3,0.7,221,0.24397,0.469107,-0.00410472,1
7,Steepest Descent,0.3,0.7,222,0.244222,0.468552,-0.00410843,1
7,Steepest Descent,0.3,0.7,223,0.244474,0.467998,-0.00411213,1
7,Steepest Descent,0.3,0.7,224,0.244725,0.467447,-0.0041158,1
7,Steepest Descent,0.3,0.7,225,0.244977,0.466897,-0.00411945,1
7,Steepest Descent,0.3,0.7,226,0.245229,0.46635,-0.00412307,1
7,Steepest Descent,0.3,0.7,227,0.245481,0.465804,-0.00412667,1
7,Steepest Descent,0.3,0.7,228,0.245733,0.465261,-0.00413025,1
7,Steepest Descent,0.3,0.7,229,0.245984,0.46472,-0.00413381,1
7,Steepest Descent,0.3,0.7,230,0.246236,0.46418,-0.00413735,1
7,Steepest Descent,0.3,0.7,231,0.246487,0.463643,-0.00414087,1
7,Steepest Descent,0.3,0.7,232,0.246739,0.463107,-0.00414436,1
7,Steepest Descent,0.3,0.7,233,0.24699,0.462574,-0.00414783,1
7,Steepest Descent,0.3,0.7,234,0.247241,0.462043,-0.00415128,1
7,Steepest Descent,0.3,0.7,235,0.247492,0.461513,-0.00415471,1
7,Steepest Descent,0.3,0.7,236,0.247743,0.460986,-0.00415812,1
7,Steepest Descent,0.3,0.7,237,0.247994,0.46046,-0.0041615,1
7,Steepest Descent,0.3,0.7,238,0.248245,0.459936,-0.00416487,1
7,Steepest Descent,0.3,0.7,239,0.248495,0.459415,-0.00416821,1
7,Steepest Descent,0.3,0.7,240,0.248746,0.458895,-0.00417153,1
7,Steepest Descent,0.3,0.7,241,0.248996,0.458377,-0.00417484,1
7,Steepest Descent,0.3,0.7,242,0.249246,0.457861,-0.00417812,1
7,Steepest Descent,0.3,0.7,243,0.249496,0.457347,-0.00418138,1
7,Steepest Descent,0.3,0.7,244,0.249745,0.456835,-0.00418462,1
7,Steepest Descent,0.3,0.7,245,0.249995,0.456325,-0.00418784,1
7,Steepest Descent,0.3,0.7,246,0.250244,0.455817,-0.00419104,1
7,Steepest Descent,0.3,0.7,247,0.250493,0.45531,-0.00419422,1
7,Steepest Descent,0.3,0.7,248,0.250742,0.454806,-0.00419737,1
7,Steepest Descent,0.3,0.7,249,0.25099,0.454303,-0.00420051,1
7,Steepest Descent,0.3,0.7,250,0.251238,0.453803,-0.00420363,1
7,Steepest Descent,0.3,0.7,251,0.251486,0.453304,-0.00420673,1
7,Steepest Descent,0.3,0.7,252,0.251734,0.452807,-0.00420981,1
7,Steepest Descent,0.3,0.7,253,0.251982,0.452312,-0.00421287,1
7,Steepest Descent,0.3,0.7,254,0.252229,0.451818,-0.00421591,1
7,Steepest Descent,0.3,0.7,255,0.252476,0.451327,-0.00421893,1
7,Steepest Descent,0.3,0.7,256,0.252722,0.450837,-0.00422193,1
7,Steepest Descent,0.3,0.7,257,0.252969,0.45035,-0.00422491,1
7,Steepest Descent,0.3,0.7,258,0.253215,0.449864,-0.00422787,1
7,Steepest Descent,0.3,0.7,259,0.253461,0.44938,-0.00423081,1
7,Steepest Descent,0.3,0.7,260,0.253706,0.448897,-0.00423374,1
7,Steepest Descent,0.3,0.7,261,0.253951,0.448417,-0.00423664,1
7,Steepest Descent,0.3,0.7,262,0.254196,0.447938,-0.00423953,1
7,Steepest Descent,0.3,0.7,263,0.254441,0.447461,-0.00424239,1
7,Steepest Descent,0.3,0.7,264,0.254685,0.446986,-0.00424524,1
7,Steepest Descent,0.3,0.7,265,0.254929,0.446513,-0.00424807,1
7,Steepest Descent,0.3,0.7,266,0.255172,0.446042,-0.00425088,1
7,Steepest Descent,0.3,0.7,267,0.255415,0.445572,-0.00425368,1
7,Steepest Descent,0.3,0.7,268,0.255658,0.445104,-0.00425645,1
7,Steepest Descent,0.3,0.7,269,0.255901,0.444638,-0.00425921,1
7,Steepest Descent,0.3,0.7,270,0.256143,0.444174,-0.00426195,1
7,Steepest Descent,0.3,0.7,271,0.256384,0.443711,-0.00426467,1
7,Steepest Descent,0.3,0.7,272,0.256626,0.44325,-0.00426737,1
7,Steepest Descent,0.3,0.7,273,0.256867,0.442791,-0.00427005,1
7,Steepest Descent,0.3,0.7,274,0.257107,0.442334,-0.00427272,1
7,Steepest Descent,0.3,0.7,275,0.257348,0.441878,-0.00427537,1
7,Steepest Descent,0.3,0.7,276,0.257588,0.441424,-0.004278,1
7,Steepest Descent,0.3,0.7,277,0.257827,0.440972,-0.00428061,1
7,Steepest Descent,0.3,0.7,278,0.258066,0.440521,-0.00428321,1
7,Steepest Descent,0.3,0.7,279,0.258305,0.440073,-0.00428579,1
7,Steepest Descent,0.3,0.7,280,0.258543,0.439626,-0.00428835,1
7,Steepest Descent,0.3,0.7,281,0.258781,0.43918,-0.00429089,1
7,Steepest Descent,0.3,0.7,282,0.259018,0.438737,-0.00429342,1
7,Steepest Descent,0.3,0.7,283,0.259256,0.438295,-0.00429593,1
7,Steepest Descent,0.3,0.7,284,0.259492,0.437855,-0.00429843,1
7,Steepest Descent,0.3,0.7,285,0.259728,0.437416,-0.0043009,1
7,Steepest Descent,0.3,0.7,286,0.259964,0.436979,-0.00430336,1
7,Steepest Descent,0.3,0.7,287,0.2602,0.436544,-0.00430581,1
7,Steepest Descent,0.3,0.7,288,0.260435,0.43611,-0.00430824,1
7,Steepest Descent,0.3,0.7,289,0.260669,0.435679,-0.00431065,1
7,Steepest Descent,0.3,0.7,290,0.260903,0.435248,-0.00431304,1
7,Steepest Descent,0.3,0.7,291,0.261137,0.43482,-0.00431542,1
7,Steepest Descent,0.3,0.7,292,0.26137,0.434393,-0.00431778,1
7,Steepest Descent,0.3,0.7,293,0.261603,0.433968,-0.00432013,1
7,Steepest Descent,0.3,0.7,294,0.261835,0.433544,-0.00432246,1
7,Steepest Descent,0.3,0.7,295,0.262067,0.433122,-0.00432477,1
7,Steepest Descent,0.3,0.7,296,0.262298,0.432702,-0.00432707,1
7,Steepest Descent,0.3,0.7,297,0.262529,0.432283,-0.00432935,1
7,Steepest Descent,0.3,0.7,298,0.26276,0.431866,-0.00433162,1
7,Steepest Descent,0.3,0.7,299,0.26299,0.431451,-0.00433387,1
7,Steepest Descent,0.3,0.7,300,0.263219,0.431037,-0.00433611,1
7,Steepest Descent,0.3,0.7,301,0.263449,0.430624,-0.00433833,1
7,Steepest Descent,0.3,0.7,302,0.263677,0.430214,-0.00434053,1
7,Steepest Descent,0.3,0.7,303,0.263905,0.429805,-0.00434272,1
7,Steepest Descent,0.3,0.7,304,0.264133,0.429397,-0.0043449,1
7,Steepest Descent,0.3,0.7,305,0.26436,0.428991,-0.00434706,1
7,Steepest Descent,0.3,0.7,306,0.264587,0.428587,-0.0043492,1
7,Steepest Descent,0.3,0.7,307,0.264813,0.428184,-0.00435133,1
7,Steepest Descent,0.3,0.7,308,0.265039,0.427783,-0.00435345,1
7,Steepest Descent,0.3,0.7,309,0.265265,0.427384,-0.00435555,1
7,Steepest Descent,0.3,0.7,310,0.265489,0.426986,-0.00435763,1
7,Steepest Descent,0.3,0.7,311,0.265714,0.426589,-0.00435971,1
7,Steepest Descent,0.3,0.7,312,0.265938,0.426194,-0.00436176,1
7,Steepest Descent,0.3,0.7,313,0.266161,0.425801,-0.00436381,1
7,Steepest Descent,0.3,0.7,314,0.266384,0.425409,-0.00436583,1
7,Steepest Descent,0.3,0.7,315,0.266606,0.425019,-0.00436785,1
7,Steepest Descent,0.3,0.7,316,0.266828,0.42463,-0.00436985,1
7,Steepest Descent,0.3,0.7,317,0.26705,0.424243,-0.00437183,1
7,Steepest Descent,0.3,0.7,318,0.267271,0.423857,-0.00437381,1
7,Steepest Descent,0.3,0.7,319,0.267491,0.423473,-0.00437576,1
7,Steepest Descent,0.3,0.7,320,0.267711,0.423091,-0.00437771,1
7,Steepest Descent,0.3,0.7,321,0.26793,0.42271,-0.00437964,1
7,Steepest Descent,0.3,0.7,322,0.268149,0.42233,-0.00438156,1
7,Steepest Descent,0.3,0.7,323,0.268368,0.421952,-0.00438346,1
7,Steepest Descent,0.3,0.7,324,0.268585,0.421575,-0.00438535,1
7,Steepest Descent,0.3,0.7,325,0.268803,0.4212,-0.00438723,1
7,Steepest Descent,0.3,0.7,326,0.26902,0.420826,-0.00438909,1
7,Steepest Descent,0.3,0.7,327,0.269236,0.420454,-0.00439094,1
7,Steepest Descent,0.3,0.7,328,0.269452,0.420084,-0.00439278,1
7,Steepest Descent,0.3,0.7,329,0.269667,0.419714,-0.0043946,1
7,Steepest Descent,0.3,0.7,330,0.269882,0.419347,-0.00439641,1
7,Steepest Descent,0.3,0.7,331,0.270097,0.41898,-0.00439821,1
7,Steepest Descent,0.3,0.7,332,0.27031,0.418615,-0.00439999,1
7,Steepest Descent,0.3,0.7,333,0.270524,0.418252,-0.00440176,1
7,Steepest Descent,0.3,0.7,334,0.270736,0.41789,-0.00440352,1
7,Steepest Descent,0.3,0.7,335,0.270949,0.41753,-0.00440527,1
7,Steepest Descent,0.3,0.7,336,0.271161,0.417171,-0.00440701,1
7,Steepest Descent,0.3,0.7,337,0.271372,0.416813,-0.00440873,1
7,Steepest Descent,0.3,0.7,338,0.271582,0.416457,-0.00441044,1
7,Steepest Descent,0.3,0.7,339,0.271793,0.416102,-0.00441213,1
7,Steepest Descent,0.3,0.7,340,0.272002,0.415749,-0.00441382,1
7,Steepest Descent,0.3,0.7,341,0.272211,0.415397,-0.00441549,1
7,Steepest Descent,0.3,0.7,342,0.27242,0.415046,-0.00441715,1
7,Steepest Descent,0.3,0.7,343,0.272628,0.414697,-0.0044188,1
7,Steepest Descent,0.3,0.7,344,0.272836,0.41435,-0.00442044,1
7,Steepest Descent,0.3,0.7,345,0.273043,0.414003,-0.00442206,1
7,Steepest Descent,0.3,0.7,346,0.273249,0.413659,-0.00442368,1
7,Steepest Descent,0.3,0.7,347,0.273455,0.413315,-0.00442528,1
7,Steepest Descent,0.3,0.7,348,0.273661,0.412973,-0.00442687,1
7,Steepest Descent,0.3,0.7,349,0.273866,0.412632,-0.00442845,1
7,Steepest Descent,0.3,0.7,350,0.27407,0.412293,-0.00443001,1
7,Steepest Descent,0.3,0.7,351,0.274274,0.411955,-0.00443157,1
7,Steepest Descent,0.3,0.7,352,0.274478,0.411618,-0.00443311,1
7,Steepest Descent,0.3,0.7,353,0.27468,0.411283,-0.00443464,1
7,Steepest Descent,0.3,0.7,354,0.274883,0.410949,-0.00443617,1
7,Steepest Descent,0.3,0.7,355,0.275085,0.410617,-0.00443768,1
7,Steepest Descent,0.3,0.7,356,0.275286,0.410285,-0.00443917,1
7,Steepest Descent,0.3,0.7,357,0.275487,0.409955,-0.00444066,1
7,Steepest Descent,0.3,0.7,358,0.275687,0.409627,-0.00444214,1
7,Steepest Descent,0.3,0.7,359,0.275887,0.4093,-0.00444361,1
7,Steepest Descent,0.3,0.7,360,0.276086,0.408974,-0.00444506,1
7,Steepest Descent,0.3,0.7,361,0.276284,0.408649,-0.00444651,1
7,Steepest Descent,0.3,0.7,362,0.276482,0.408326,-0.00444794,1
7,Steepest Descent,0.3,0.7,363,0.27668,0.408004,-0.00444937,1
7,Steepest Descent,0.3,0.7,364,0.276877,0.407684,-0.00445078,1
7,Steepest Descent,0.3,0.7,365,0.277074,0.407365,-0.00445218,1
7,Steepest Descent,0.3,0.7,366,0.27727,0.407047,-0.00445357,1
7,Steepest Descent,0.3,0.7,367,0.277465,0.40673,-0.00445496,1
7,Steepest Descent,0.3,0.7,368,0.27766,0.406415,-0.00445633,1
7,Steepest Descent,0.3,0.7,369,0.277854,0.406101,-0.00445769,1
7,Steepest Descent,0.3,0.7,370,0.278048,0.405788,-0.00445904,1
7,Steepest Descent,0.3,0.7,371,0.278242,0.405476,-0.00446038,1
7,Steepest Descent,0.3,0.7,372,0.278434,0.405166,-0.00446171,1
7,Steepest Descent,0.3,0.7,373,0.278627,0.404857,-0.00446304,1
7,Steepest Descent,0.3,0.7,374,0.278818,0.404549,-0.00446435,1
7,Steepest Descent,0.3,0.7,375,0.27901,0.404243,-0.00446565,1
7,Steepest Descent,0.3,0.7,376,0.2792,0.403938,-0.00446694,1
7,Steepest Descent,0.3,0.7,377,0.27939,0.403634,-0.00446823,1
7,Steepest Descent,0.3,0.7,378,0.27958,0.403331,-0.0044695,1
7,Steepest Descent,0.3,0.7,379,0.279769,0.40303,-0.00447076,1
7,Steepest Descent,0.3,0.7,380,0.279958,0.40273,-0.00447202,1
7,Steepest Descent,0.3,0.7,381,0.280146,0.402431,-0.00447326,1
7,Steepest Descent,0.3,0.7,382,0.280333,0.402133,-0.0044745,1
7,Steepest Descent,0.3,0.7,383,0.28052,0.401837,-0.00447572,1
7,Steepest Descent,0.3,0.7,384,0.280707,0.401541,-0.00447694,1
7,Steepest Descent,0.3,0.7,385,0.280893,0.401247,-0.00447815,1
7,Steepest Descent,0.3,0.7,386,0.281078,0.400955,-0.00447935,1
7,Steepest Descent,0.3,0.7,387,0.281263,0.400663,-0.00448054,1
7,Steepest Descent,0.3,0.7,388,0.281447,0.400373,-0.00448172,1
7,Steepest Descent,0.3,0.7,389,0.281631,0.400084,-0.00448289,1
7,Steepest Descent,0.3,0.7,390,0.281815,0.399796,-0.00448405,1
7,Steepest Descent,0.3,0.7,391,0.281997,0.399509,-0.00448521,1
7,Steepest Descent,0.3,0.7,392,0.28218,0.399223,-0.00448635,1
7,Steepest Descent,0.3,0.7,393,0.282361,0.398939,-0.00448749,1
7,Steepest Descent,0.3,0.7,394,0.282543,0.398656,-0.00448862,1
7,Steepest Descent,0.3,0.7,395,0.282723,0.398374,-0.00448974,1
7,Steepest Descent,0.3,0.7,396,0.282903,0.398093,-0.00449085,1
7,Steepest Descent,0.3,0.7,397,0.283083,0.397813,-0.00449195,1
7,Steepest Descent,0.3,0.7,398,0.283262,0.397535,-0.00449305,1
7,Steepest Descent,0.3,0.7,399,0.283441,0.397257,-0.00449413,1
7,Steepest Descent,0.3,0.7,400,0.283619,0.396981,-0.00449521,1
7,Steepest Descent,0.3,0.7,401,0.283796,0.396706,-0.00449628,1
7,Steepest Descent,0.3,0.7,402,0.283973,0.396432,-0.00449734,1
7,Steepest Descent,0.3,0.7,403,0.28415,0.396159,-0.00449839,1
7,Steepest Descent,0.3,0.7,404,0.284326,0.395888,-0.00449944,1
7,Steepest Descent,0.3,0.7,405,0.284501,0.395617,-0.00450048,1
7,Steepest Descent,0.3,0.7,406,0.284676,0.395348,-0.00450151,1
7,Steepest Descent,0.3,0.7,407,0.284851,0.39508,-0.00450253,1
7,Steepest Descent,0.3,0.7,408,0.285025,0.394813,-0.00450354,1
7,Steepest Descent,0.3,0.7,409,0.285198,0.394547,-0.00450455,1
7,Steepest Descent,0.3,0.7,410,0.285371,0.394282,-0.00450555,1
7,Steepest Descent,0.3,0.7,411,0.285543,0.394018,-0.00450654,1
7,Steepest Descent,0.3,0.7,412,0.285715,0.393755,-0.00450752,1
7,Steepest Descent,0.3,0.7,413,0.285887,0.393494,-0.0045085,1
7,Steepest Descent,0.3,0.7,414,0.286057,0.393234,-0.00450946,1
7,Steepest Descent,0.3,0.7,415,0.286228,0.392974,-0.00451043,1
7,Steepest Descent,0.3,0.7,416,0.286398,0.392716,-0.00451138,1
7,Steepest Descent,0.3,0.7,417,0.286567,0.392459,-0.00451232,1
7,Steepest Descent,0.3,0.7,418,0.286736,0.392203,-0.00451326,1
7,Steepest Descent,0.3,0.7,419,0.286904,0.391948,-0.0045142,1
7,Steepest Descent,0.3,0.7,420,0.287072,0.391694,-0.00451512,1
7,Steepest Descent,0.3,0.7,421,0.287239,0.391441,-0.00451604,1
7,Steepest Descent,0.3,0.7,422,0.287406,0.391189,-0.00451695,1
7,Steepest Descent,0.3,0.7,423,0.287572,0.390939,-0.00451785,1
7,Steepest Descent,0.3,0.7,424,0.287738,0.390689,-0.00451875,1
7,Steepest Descent,0.3,0.7,425,0.287903,0.39044,-0.00451964,1
7,Steepest Descent,0.3,0.7,426,0.288068,0.390193,-0.00452052,1
7,Steepest Descent,0.3,0.7,427,0.288232,0.389946,-0.00452139,1
7,Steepest Descent,0.3,0.7,428,0.288396,0.389701,-0.00452226,1
7,Steepest Descent,0.3,0.7,429,0.288559,0.389456,-0.00452312,1
7,Steepest Descent,0.3,0.7,430,0.288722,0.389213,-0.00452398,1
7,Steepest Descent,0.3,0.7,431,0.288884,0.388971,-0.00452483,1
7,Steepest Descent,0.3,0.7,432,0.289046,0.388729,-0.00452567,1
7,Steepest Descent,0.3,0.7,433,0.289207,0.388489,-0.00452651,1
7,Steepest Descent,0.3,0.7,434,0.289368,0.38825,-0.00452734,1
7,Steepest Descent,0.3,0.7,435,0.289528,0.388012,-0.00452816,1
7,Steepest Descent,0.3,0.7,436,0.289688,0.387774,-0.00452898,1
7,Steepest Descent,0.3,0.7,437,0.289847,0.387538,-0.00452979,1
7,Steepest Descent,0.3,0.7,438,0.290005,0.387303,-0.00453059,1
7,Steepest Descent,0.3,0.7,439,0.290164,0.387069,-0.00453139,1
7,Steepest Descent,0.3,0.7,440,0.290321,0.386836,-0.00453218,1
7,Steepest Descent,0.3,0.7,441,0.290479,0.386603,-0.00453296,1
7,Steepest Descent,0.3,0.7,442,0.290635,0.386372,-0.00453374,1
7,Steepest Descent,0.3,0.7,443,0.290792,0.386142,-0.00453451,1
7,Steepest Descent,0.3,0.7,444,0.290948,0.385913,-0.00453528,1
7,Steepest Descent,0.3,0.7,445,0.291103,0.385684,-0.00453604,1
7,Steepest Descent,0.3,0.7,446,0.291258,0.385457,-0.0045368,1
7,Steepest Descent,0.3,0.7,447,0.291412,0.385231,-0.00453755,1
7,Steepest Descent,0.3,0.7,448,0.291566,0.385005,-0.00453829,1
7,Steepest Descent,0.3,0.7,449,0.291719,0.384781,-0.00453903,1
7,Steepest Descent,0.3,0.7,450,0.291872,0.384557,-0.00453976,1
7,Steepest Descent,0.3,0.7,451,0.292024,0.384335,-0.00454048,1
7,Steepest Descent,0.3,0.7,452,0.292176,0.384113,-0.0045412,1
7,Steepest Descent,0.3,0.7,453,0.292328,0.383893,-0.00454192,1
7,Steepest Descent,0.3,0.7,454,0.292479,0.383673,-0.00454263,1
7,Steepest Descent,0.3,0.7,455,0.292629,0.383454,-0.00454333,1
7,Steepest Descent,0.3,0.7,456,0.292779,0.383236,-0.00454403,1
7,Steepest Descent,0.3,0.7,457,0.292928,0.38302,-0.00454472,1
7,Steepest Descent,0.3,0.7,458,0.293078,0.382804,-0.00454541,1
7,Steepest Descent,0.3,0.7,459,0.293226,0.382589,-0.00454609,1
7,Steepest Descent,0.3,0.7,460,0.293374,0.382375,-0.00454677,1
7,Steepest Descent,0.3,0.7,461,0.293522,0.382162,-0.00454744,1
7,Steepest Descent,0.3,0.7,462,0.293669,0.381949,-0.0045481,1
7,Steepest Descent,0.3,0.7,463,0.293815,0.381738,-0.00454876,1
7,Steepest Descent,0.3,0.7,464,0.293962,0.381528,-0.00454942,1
7,Steepest Descent,0.3,0.7,465,0.294107,0.381318,-0.00455007,1
7,Steepest Descent,0.3,0.7,466,0.294253,0.381109,-0.00455071,1
7,Steepest Descent,0.3,0.7,467,0.294397,0.380902,-0.00455135,1
7,Steepest Descent,0.3,0.7,468,0.294542,0.380695,-0.00455199,1
7,Steepest Descent,0.3,0.7,469,0.294685,0.380489,-0.00455262,1
7,Steepest Descent,0.3,0.7,470,0.294829,0.380284,-0.00455324,1
7,Steepest Descent,0.3,0.7,471,0.294972,0.38008,-0.00455386,1
7,Steepest Descent,0.3,0.7,472,0.295114,0.379876,-0.00455447,1
7,Steepest Descent,0.3,0.7,473,0.295256,0.379674,-0.00455508,1
7,Steepest Descent,0.3,0.7,474,0.295397,0.379473,-0.00455569,1
7,Steepest Descent,0.3,0.7,475,0.295539,0.379272,-0.00455629,1
7,Steepest Descent,0.3,0.7,476,0.295679,0.379072,-0.00455689,1
7,Steepest Descent,0.3,0.7,477,0.295819,0.378873,-0.00455748,1
7,Steepest Descent,0.3,0.7,478,0.295959,0.378675,-0.00455806,1
7,Steepest Descent,0.3,0.7,479,0.296098,0.378478,-0.00455864,1
7,Steepest Descent,0.3,0.7,480,0.296237,0.378282,-0.00455922,1
7,Steepest Descent,0.3,0.7,481,0.296375,0.378086,-0.00455979,1
7,Steepest Descent,0.3,0.7,482,0.296513,0.377891,-0.00456036,1
7,Steepest Descent,0.3,0.7,483,0.29665,0.377698,-0.00456092,1
7,Steepest Descent,0.3,0.7,484,0.296787,0.377505,-0.00456148,1
7,Steepest Descent,0.3,0.7,485,0.296924,0.377312,-0.00456204,1
7,Steepest Descent,0.3,0.7,486,0.29706,0.377121,-0.00456259,1
7,Steepest Descent,0.3,0.7,487,0.297195,0.376931,-0.00456313,1
7,Steepest Descent,0.3,0.7,488,0.29733,0.376741,-0.00456367,1
7,Steepest Descent,0.3,0.7,489,0.297465,0.376552,-0.00456421,1
7,Steepest Descent,0.3,0.7,490,0.297599,0.376364,-0.00456474,1
7,Steepest Descent,0.3,0.7,491,0.297733,0.376177,-0.00456527,1
7,Steepest Descent,0.3,0.7,492,0.297866,0.37599,-0.0045658,1
7,Steepest Descent,0.3,0.7,493,0.297999,0.375805,-0.00456632,1
7,Steepest Descent,0.3,0.7,494,0.298132,0.37562,-0.00456683,1
7,Steepest Descent,0.3,0.7,495,0.298264,0.375436,-0.00456734,1
7,Steepest Descent,0.3,0.7,496,0.298395,0.375253,-0.00456785,1
7,Steepest Descent,0.3,0.7,497,0.298526,0.37507,-0.00456836,1
7,Steepest Descent,0.3,0.7,498,0.298657,0.374889,-0.00456886,1
7,Steepest Descent,0.3,0.7,499,0.298787,0.374708,-0.00456935,1
7,Steepest Descent,0.3,0.7,500,0.298917,0.374528,-0.00456984,1
7,Steepest Descent,0.3,0.7,501,0.299047,0.374349,-0.00457033,1
7,Steepest Descent,0.3,0.7,502,0.299176,0.37417,-0.00457081,1
7,Steepest Descent,0.3,0.7,503,0.299304,0.373993,-0.00457129,1
7,Steepest Descent,0.3,0.7,504,0.299432,0.373816,-0.00457177,1
7,Steepest Descent,0.3,0.7,505,0.29956,0.373639,-0.00457224,1
7,Steepest Descent,0.3,0.7,506,0.299687,0.373464,-0.00457271,1
7,Steepest Descent,0.3,0.7,507,0.299814,0.373289,-0.00457318,1
7,Steepest Descent,0.3,0.7,508,0.29994,0.373116,-0.00457364,1
7,Steepest Descent,0.3,0.7,509,0.300066,0.372942,-0.00457409,1
7,Steepest Descent,0.3,0.7,510,0.300192,0.37277,-0.00457455,1
7,Steepest Descent,0.3,0.7,511,0.300317,0.372599,-0.004575,1
7,Steepest Descent,0.3,0.7,512,0.300442,0.372428,-0.00457545,1
7,Steepest Descent,0.3,0.7,513,0.300566,0.372258,-0.00457589,1
7,Steepest Descent,0.3,0.7,514,0.30069,0.372088,-0.00457633,1
7,Steepest Descent,0.3,0.7,515,0.300813,0.37192,-0.00457676,1
7,Steepest Descent,0.3,0.7,516,0.300936,0.371752,-0.0045772,1
7,Steepest Descent,0.3,0.7,517,0.301059,0.371584,-0.00457762,1
7,Steepest Descent,0.3,0.7,518,0.301181,0.371418,-0.00457805,1
7,Steepest Descent,0.3,0.7,519,0.301302,0.371252,-0.00457847,1
7,Steepest Descent,0.3,0.7,520,0.301424,0.371087,-0.00457889,1
7,Steepest Descent,0.3,0.7,521,0.301545,0.370923,-0.00457931,1
7,Steepest Descent,0.3,0.7,522,0.301665,0.37076,-0.00457972,1
7,Steepest Descent,0.3,0.7,523,0.301785,0.370597,-0.00458013,1
7,Steepest Descent,0.3,0.7,524,0.301905,0.370435,-0.00458053,1
7,Steepest Descent,0.3,0.7,525,0.302024,0.370273,-0.00458093,1
7,Steepest Descent,0.3,0.7,526,0.302143,0.370112,-0.00458133,1
7,Steepest Descent,0.3,0.7,527,0.302261,0.369952,-0.00458173,1
7,Steepest Descent,0.3,0.7,528,0.302379,0.369793,-0.00458212,1
7,Steepest Descent,0.3,0.7,529,0.302497,0.369634,-0.00458251,1
7,Steepest Descent,0.3,0.7,530,0.302614,0.369477,-0.00458289,1
7,Steepest Descent,0.3,0.7,531,0.302731,0.369319,-0.00458328,1
7,Steepest Descent,0.3,0.7,532,0.302848,0.369163,-0.00458366,1
7,Steepest Descent,0.3,0.7,533,0.302964,0.369007,-0.00458403,1
7,Steepest Descent,0.3,0.7,534,0.303079,0.368852,-0.00458441,1
7,Steepest Descent,0.3,0.7,535,0.303194,0.368697,-0.00458478,1
7,Steepest Descent,0.3,0.7,536,0.303309,0.368543,-0.00458515,1
7,Steepest Descent,0.3,0.7,537,0.303424,0.36839,-0.00458551,1
7,Steepest Descent,0.3,0.7,538,0.303538,0.368238,-0.00458587,1
7,Steepest Descent,0.3,0.7,539,0.303651,0.368086,-0.00458623,1
7,Steepest Descent,0.3,0.7,540,0.303765,0.367935,-0.00458659,1
7,Steepest Descent,0.3,0.7,541,0.303877,0.367784,-0.00458694,1
7,Steepest Descent,0.3,0.7,542,0.30399,0.367634,-0.00458729,1
7,Steepest Descent,0.3,0.7,543,0.304102,0.367485,-0.00458764,1
7,Steepest Descent,0.3,0.7,544,0.304214,0.367337,-0.00458798,1
7,Steepest Descent,0.3,0.7,545,0.304325,0.367189,-0.00458833,1
7,Steepest Descent,0.3,0.7,546,0.304436,0.367042,-0.00458866,1
7,Steepest Descent,0.3,0.7,547,0.304546,0.366895,-0.004589,1
7,Steepest Descent,0.3,0.7,548,0.304656,0.366749,-0.00458933,1
7,Steepest Descent,0.3,0.7,549,0.304766,0.366604,-0.00458966,1
7,Steepest Descent,0.3,0.7,550,0.304876,0.366459,-0.00458999,1
7,Steepest Descent,0.3,0.7,551,0.304985,0.366315,-0.00459032,1
7,Steepest Descent,0.3,0.7,552,0.305093,0.366172,-0.00459064,1
7,Steepest Descent,0.3,0.7,553,0.305201,0.366029,-0.00459096,1
7,Steepest Descent,0.3,0.7,554,0.305309,0.365887,-0.00459128,1
7,Steepest Descent,0.3,0.7,555,0.305417,0.365745,-0.00459159,1
7,Steepest Descent,0.3,0.7,556,0.305524,0.365604,-0.00459191,1
7,Steepest Descent,0.3,0.7,557,0.30563,0.365464,-0.00459222,1
7,Steepest Descent,0.3,0.7,558,0.305737,0.365324,-0.00459252,1
7,Steepest Descent,0.3,0.7,559,0.305843,0.365185,-0.00459283,1
7,Steepest Descent,0.3,0.7,560,0.305948,0.365047,-0.00459313,1
7,Steepest Descent,0.3,0.7,561,0.306053,0.364909,-0.00459343,1
7,Steepest Descent,0.3,0.7,562,0.306158,0.364772,-0.00459373,1
7,Steepest Descent,0.3,0.7,563,0.306263,0.364635,-0.00459403,1
7,Steepest Descent,0.3,0.7,564,0.306367,0.364499,-0.00459432,1
7,Steepest Descent,0.3,0.7,565,0.306471,0.364364,-0.00459461,1
7,Steepest Descent,0.3,0.7,566,0.306574,0.364229,-0.0045949,1
7,Steepest Descent,0.3,0.7,567,0.306677,0.364095,-0.00459518,1
7,Steepest Descent,0.3,0.7,568,0.30678,0.363961,-0.00459547,1
7,Steepest Descent,0.3,0.7,569,0.306882,0.363828,-0.00459575,1
7,Steepest Descent,0.3,0.7,570,0.306984,0.363695,-0.00459603,1
7,Steepest Descent,0.3,0.7,571,0.307085,0.363564,-0.0045963,1
7,Steepest Descent,0.3,0.7,572,0.307187,0.363432,-0.00459658,1
7,Steepest Descent,0.3,0.7,573,0.307287,0.363301,-0.00459685,1
7,Steepest Descent,0.3,0.7,574,0.307388,0.363171,-0.00459712,1
7,Steepest Descent,0.3,0.7,575,0.307488,0.363042,-0.00459739,1
7,Steepest Descent,0.3,0.7,576,0.307588,0.362913,-0.00459765,1
7,Steepest Descent,0.3,0.7,577,0.307687,0.362784,-0.00459791,1
7,Steepest Descent,0.3,0.7,578,0.307786,0.362656,-0.00459818,1
7,Steepest Descent,0.3,0.7,579,0.307885,0.362529,-0.00459843,1
7,Steepest Descent,0.3,0.7,580,0.307983,0.362402,-0.00459869,1
7,Steepest Descent,0.3,0.7,581,0.308081,0.362276,-0.00459895,1
7,Steepest Descent,0.3,0.7,582,0.308179,0.36215,-0.0045992,1
7,Steepest Descent,0.3,0.7,583,0.308276,0.362025,-0.00459945,1
7,Steepest Descent,0.3,0.7,584,0.308373,0.361901,-0.0045997,1
7,Steepest Descent,0.3,0.7,585,0.30847,0.361777,-0.00459995,1
7,Steepest Descent,0.3,0.7,586,0.308566,0.361653,-0.00460019,1
7,Steepest Descent,0.3,0.7,587,0.308662,0.36153,-0.00460043,1
7,Steepest Descent,0.3,0.7,588,0.308757,0.361408,-0.00460067,1
7,Steepest Descent,0.3,0.7,589,0.308853,0.361286,-0.00460091,1
7,Steepest Descent,0.3,0.7,590,0.308947,0.361165,-0.00460115,1
7,Steepest Descent,0.3,0.7,591,0.309042,0.361044,-0.00460138,1
7,Steepest Descent,0.3,0.7,592,0.309136,0.360924,-0.00460162,1
7,Steepest Descent,0.3,0.7,593,0.30923,0.360804,-0.00460185,1
7,Steepest Descent,0.3,0.7,594,0.309324,0.360685,-0.00460208,1
7,Steepest Descent,0.3,0.7,595,0.309417,0.360566,-0.0046023,1
7,Steepest Descent,0.3,0.7,596,0.30951,0.360448,-0.00460253,1
7,Steepest Descent,0.3,0.7,597,0.309602,0.36033,-0.00460275,1
7,Steepest Descent,0.3,0.7,598,0.309694,0.360213,-0.00460297,1
7,Steepest Descent,0.3,0.7,599,0.309786,0.360096,-0.00460319,1
7,Steepest Descent,0.3,0.7,600,0.309878,0.35998,-0.00460341,1
7,Steepest Descent,0.3,0.7,601,0.309969,0.359865,-0.00460363,1
7,Steepest Descent,0.3,0.7,602,0.31006,0.35975,-0.00460384,1
7,Steepest Descent,0.3,0.7,603,0.31015,0.359635,-0.00460406,1
7,Steepest Descent,0.3,0.7,604,0.31024,0.359521,-0.00460427,1
7,Steepest Descent,0.3,0.7,605,0.31033,0.359408,-0.00460448,1
7,Steepest Descent,0.3,0.7,606,0.31042,0.359294,-0.00460468,1
7,Steepest Descent,0.3,0.7,607,0.310509,0.359182,-0.00460489,1
7,Steepest Descent,0.3,0.7,608,0.310598,0.35907,-0.00460509,1
7,Steepest Descent,0.3,0.7,609,0.310687,0.358958,-0.0046053,1
7,Steepest Descent,0.3,0.7,610,0.310775,0.358847,-0.0046055,1
7,Steepest Descent,0.3,0.7,611,0.310863,0.358737,-0.0046057,1
7,Steepest Descent,0.3,0.7,612,0.31095,0.358626,-0.00460589,1
7,Steepest Descent,0.3,0.7,613,0.311038,0.358517,-0.00460609,1
7,Steepest Descent,0.3,0.7,614,0.311125,0.358408,-0.00460628,1
7,Steepest Descent,0.3,0.7,615,0.311211,0.358299,-0.00460648,1
7,Steepest Descent,0.3,0.7,616,0.311298,0.358191,-0.00460667,1
7,Steepest Descent,0.3,0.7,617,0.311384,0.358083,-0.00460686,1
7,Steepest Descent,0.3,0.7,618,0.311469,0.357976,-0.00460705,1
7,Steepest Descent,0.3,0.7,619,0.311555,0.357869,-0.00460723,1
7,Steepest Descent,0.3,0.7,620,0.31164,0.357763,-0.00460742,1
7,Steepest Descent,0.3,0.7,621,0.311725,0.357657,-0.0046076,1
7,Steepest Descent,0.3,0.7,622,0.311809,0.357552,-0.00460778,1
7,Steepest Descent,0.3,0.7,623,0.311893,0.357447,-0.00460796,1
7,Steepest Descent,0.3,0.7,624,0.311977,0.357342,-0.00460814,1
7,Steepest Descent,0.3,0.7,625,0.312061,0.357238,-0.00460832,1
7,Steepest Descent,0.3,0.7,626,0.312144,0.357135,-0.0046085,1
7,Steepest Descent,0.3,0.7,627,0.312227,0.357032,-0.00460867,1
7,Steepest Descent,0.3,0.7,628,0.312309,0.356929,-0.00460884,1
7,Steepest Descent,0.3,0.7,629,0.312392,0.356827,-0.00460902,1
7,Steepest Descent,0.3,0.7,630,0.312474,0.356725,-0.00460919,1
7,Steepest Descent,0.3,0.7,631,0.312556,0.356624,-0.00460935,1
7,Steepest Descent,0.3,0.7,632,0.312637,0.356523,-0.00460952,1
7,Steepest Descent,0.3,0.7,633,0.312718,0.356423,-0.00460969,1
7,Steepest Descent,0.3,0.7,634,0.312799,0.356323,-0.00460985,1
7,Steepest Descent,0.3,0.7,635,0.312879,0.356223,-0.00461002,1
7,Steepest Descent,0.3,0.7,636,0.31296,0.356124,-0.00461018,1
7,Steepest Descent,0.3,0.7,637,0.31304,0.356026,-0.00461034,1
7,Steepest Descent,0.3,0.7,638,0.313119,0.355928,-0.0046105,1
7,Steepest Descent,0.3,0.7,639,0.313199,0.35583,-0.00461066,1
7,Steepest Descent,0.3,0.7,640,0.313278,0.355733,-0.00461081,1
7,Steepest Descent,0.3,0.7,641,0.313356,0.355636,-0.00461097,1
7,Steepest Descent,0.3,0.7,642,0.313435,0.355539,-0.00461112,1
7,Steepest Descent,0.3,0.7,643,0.313513,0.355443,-0.00461128,1
7,Steepest Descent,0.3,0.7,644,0.313591,0.355348,-0.00461143,1
7,Steepest Descent,0.3,0.7,645,0.313669,0.355252,-0.00461158,1
7,Steepest Descent,0.3,0.7,646,0.313746,0.355158,-0.00461173,1
7,Steepest Descent,0.3,0.7,647,0.313823,0.355063,-0.00461188,1
7,Steepest Descent,0.3,0.7,648,0.3139,0.354969,-0.00461202,1
7,Steepest Descent,0.3,0.7,649,0.313976,0.354876,-0.00461217,1
7,Steepest Descent,0.3,0.7,650,0.314052,0.354783,-0.00461231,1
7,Steepest Descent,0.3,0.7,651,0.314128,0.35469,-0.00461246,1
7,Steepest Descent,0.3,0.7,652,0.314204,0.354598,-0.0046126,1
7,Steepest Descent,0.3,0.7,653,0.314279,0.354506,-0.00461274,1
7,Steepest Descent,0.3,0.7,654,0.314354,0.354414,-0.00461288,1
7,Steepest Descent,0.3,0.7,655,0.314429,0.354323,-0.00461302,1
7,Steepest Descent,0.3,0.7,656,0.314503,0.354232,-0.00461316,1
7,Steepest Descent,0.3,0.7,657,0.314578,0.354142,-0.00461329,1
7,Steepest Descent,0.3,0.7,658,0.314652,0.354052,-0.00461343,1
7,Steepest Descent,0.3,0.7,659,0.314725,0.353963,-0.00461356,1
7,Steepest Descent,0.3,0.7,660,0.314799,0.353874,-0.00461369,1
7,Steepest Descent,0.3,0.7,661,0.314872,0.353785,-0.00461383,1
7,Steepest Descent,0.3,0.7,662,0.314945,0.353697,-0.00461396,1
7,Steepest Descent,0.3,0.7,663,0.315017,0.353609,-0.00461409,1
7,Steepest Descent,0.3,0.7,664,0.315089,0.353521,-0.00461422,1
7,Steepest Descent,0.3,0.7,665,0.315161,0.353434,-0.00461434,1
7,Steepest Descent,0.3,0.7,666,0.315233,0.353347,-0.00461447,1
7,Steepest Descent,0.3,0.7,667,0.315305,0.353261,-0.0046146,1
7,Steepest Descent,0.3,0.7,668,0.315376,0.353175,-0.00461472,1
7,Steepest Descent,0.3,0.7,669,0.315447,0.353089,-0.00461484,1
7,Steepest Descent,0.3,0.7,670,0.315518,0.353004,-0.00461497,1
7,Steepest Descent,0.3,0.7,671,0.315588,0.352919,-0.00461509,1
7,Steepest Descent,0.3,0.7,672,0.315658,0.352834,-0.00461521,1
7,Steepest Descent,0.3,0.7,673,0.315728,0.35275,-0.00461533,1
7,Steepest Descent,0.3,0.7,674,0.315798,0.352666,-0.00461545,1
7,Steepest Descent,0.3,0.7,675,0.315867,0.352583,-0.00461556,1
7,Steepest Descent,0.3,0.7,676,0.315936,0.3525,-0.00461568,1
7,Steepest Descent,0.3,0.7,677,0.316005,0.352417,-0.00461579,1
7,Steepest Descent,0.3,0.7,678,0.316074,0.352335,-0.00461591,1
7,Steepest Descent,0.3,0.7,679,0.316142,0.352253,-0.00461602,1
7,Steepest Descent,0.3,0.7,680,0.31621,0.352171,-0.00461614,1
7,Steepest Descent,0.3,0.7,681,0.316278,0.35209,-0.00461625,1
7,Steepest Descent,0.3,0.7,682,0.316346,0.352009,-0.00461636,1
7,Steepest Descent,0.3,0.7,683,0.316413,0.351929,-0.00461647,1
7,Steepest Descent,0.3,0.7,684,0.31648,0.351849,-0.00461658,1
7,Steepest Descent,0.3,0.7,685,0.316547,0.351769,-0.00461669,1
7,Steepest Descent,0.3,0.7,686,0.316613,0.351689,-0.00461679,1
7,Steepest Descent,0.3,0.7,687,0.31668,0.35161,-0.0046169,1
7,Steepest Descent,0.3,0.7,688,0.316746,0.351531,-0.004617,1
7,Steepest Descent,0.3,0.7,689,0.316811,0.351453,-0.00461711,1
7,Steepest Descent,0.3,0.7,690,0.316877,0.351375,-0.00461721,1
7,Steepest Descent,0.3,0.7,691,0.316942,0.351297,-0.00461732,1
7,Steepest Descent,0.3,0.7,692,0.317007,0.35122,-0.00461742,1
7,Steepest Descent,0.3,0.7,693,0.317072,0.351143,-0.00461752,1
7,Steepest Descent,0.3,0.7,694,0.317137,0.351066,-0.00461762,1
7,Steepest Descent,0.3,0.7,695,0.317201,0.35099,-0.00461772,1
7,Steepest Descent,0.3,0.7,696,0.317265,0.350914,-0.00461782,1
7,Steepest Descent,0.3,0.7,697,0.317329,0.350838,-0.00461792,1
7,Steepest Descent,0.3,0.7,698,0.317393,0.350762,-0.00461801,1
7,Steepest Descent,0.3,0.7,699,0.317456,0.350687,-0.00461811,1
7,Steepest Descent,0.3,0.7,700,0.317519,0.350613,-0.0046182,1
7,Steepest Descent,0.3,0.7,701,0.317582,0.350538,-0.0046183,1
7,Steepest Descent,0.3,0.7,702,0.317645,0.350464,-0.00461839,1
7,Steepest Descent,0.3,0.7,703,0.317707,0.35039,-0.00461849,1
7,Steepest Descent,0.3,0.7,704,0.317769,0.350317,-0.00461858,1
7,Steepest Descent,0.3,0.7,705,0.317831,0.350244,-0.00461867,1
7,Steepest Descent,0.3,0.7,706,0.317893,0.350171,-0.00461876,1
7,Steepest Descent,0.3,0.7,707,0.317954,0.350099,-0.00461885,1
7,Steepest Descent,0.3,0.7,708,0.318016,0.350027,-0.00461894,1
7,Steepest Descent,0.3,0.7,709,0.318077,0.349955,-0.00461903,1
7,Steepest Descent,0.3,0.7,710,0.318137,0.349883,-0.00461912,1
7,Steepest Descent,0.3,0.7,711,0.318198,0.349812,-0.0046192,1
7,Steepest Descent,0.3,0.7,712,0.318258,0.349741,-0.00461929,1
7,Steepest Descent,0.3,0.7,713,0.318318,0.349671,-0.00461938,1
7,Steepest Descent,0.3,0.7,714,0.318378,0.3496,-0.00461946,1
7,Steepest Descent,0.3,0.7,715,0.318438,0.34953,-0.00461955,1
7,Steepest Descent,0.3,0.7,716,0.318497,0.349461,-0.00461963,1
7,Steepest Descent,0.3,0.7,717,0.318556,0.349391,-0.00461971,1
7,Steepest Descent,0.3,0.7,718,0.318615,0.349322,-0.00461979,1
7,Steepest Descent,0.3,0.7,719,0.318674,0.349254,-0.00461988,1
7,Steepest Descent,0.3,0.7,720,0.318733,0.349185,-0.00461996,1
7,Steepest Descent,0.3,0.7,721,0.318791,0.349117,-0.00462004,1
7,Steepest Descent,0.3,0.7,722,0.318849,0.349049,-0.00462012,1
7,Steepest Descent,0.3,0.7,723,0.318907,0.348982,-0.0046202,1
7,Steepest Descent,0.3,0.7,724,0.318964,0.348914,-0.00462027,1
7,Steepest Descent,0.3,0.7,725,0.319022,0.348847,-0.00462035,1
7,Steepest Descent,0.3,0.7,726,0.319079,0.348781,-0.00462043,1
7,Steepest Descent,0.3,0.7,727,0.319136,0.348714,-0.0046205,1
7,Steepest Descent,0.3,0.7,728,0.319192,0.348648,-0.00462058,1
7,Steepest Descent,0.3,0.7,729,0.319249,0.348582,-0.00462066,1
7,Steepest Descent,0.3,0.7,730,0.319305,0.348517,-0.00462073,1
7,Steepest Descent,0.3,0.7,731,0.319361,0.348452,-0.0046208,1
7,Steepest Descent,0.3,0.7,732,0.319417,0.348387,-0.00462088,1
7,Steepest Descent,0.3,0.7,733,0.319473,0.348322,-0.00462095,1
7,Steepest Descent,0.3,0.7,734,0.319528,0.348258,-0.00462102,1
7,Steepest Descent,0.3,0.7,735,0.319584,0.348194,-0.00462109,1
7,Steepest Descent,0.3,0.7,736,0.319639,0.34813,-0.00462116,1
7,Steepest Descent,0.3,0.7,737,0.319693,0.348066,-0.00462123,1
7,Steepest Descent,0.3,0.7,738,0.319748,0.348003,-0.0046213,1
7,Steepest Descent,0.3,0.7,739,0.319802,0.34794,-0.00462137,1
7,Steepest Descent,0.3,0.7,740,0.319856,0.347878,-0.00462144,1
7,Steepest Descent,0.3,0.7,741,0.31991,0.347815,-0.00462151,1
7,Steepest Descent,0.3,0.7,742,0.319964,0.347753,-0.00462158,1
7,Steepest Descent,0.3,0.7,743,0.320018,0.347691,-0.00462164,1
7,Steepest Descent,0.3,0.7,744,0.320071,0.347629,-0.00462171,1
7,Steepest Descent,0.3,0.7,745,0.320124,0.347568,-0.00462178,1
7,Steepest Descent,0.3,0.7,746,0.320177,0.347507,-0.00462184,1
7,Steepest Descent,0.3,0.7,747,0.32023,0.347446,-0.00462191,1
7,Steepest Descent,0.3,0.7,748,0.320282,0.347386,-0.00462197,1
7,Steepest Descent,0.3,0.7,749,0.320335,0.347325,-0.00462203,1
7,Steepest Descent,0.3,0.7,750,0.320387,0.347265,-0.0046221,1
7,Steepest Descent,0.3,0.7,751,0.320439,0.347206,-0.00462216,1
7,Steepest Descent,0.3,0.7,752,0.320491,0.347146,-0.00462222,1
7,Steepest Descent,0.3,0.7,753,0.320542,0.347087,-0.00462228,1
7,Steepest Descent,0.3,0.7,754,0.320593,0.347028,-0.00462234,1
7,Steepest Descent,0.3,0.7,755,0.320644,0.346969,-0.0046224,1
7,Steepest Descent,0.3,0.7,756,0.320695,0.346911,-0.00462246,1
7,Steepest Descent,0.3,0.7,757,0.320746,0.346853,-0.00462252,1
7,Steepest Descent,0.3,0.7,758,0.320797,0.346795,-0.00462258,1
7,Steepest Descent,0.3,0.7,759,0.320847,0.346737,-0.00462264,1
7,Steepest Descent,0.3,0.7,760,0.320897,0.34668,-0.0046227,1
7,Steepest Descent,0.3,0.7,761,0.320947,0.346622,-0.00462276,1
7,Steepest Descent,0.3,0.7,762,0.320997,0.346566,-0.00462281,1
7,Steepest Descent,0.3,0.7,763,0.321046,0.346509,-0.00462287,1
7,Steepest Descent,0.3,0.7,764,0.321096,0.346452,-0.00462293,1
7,Steepest Descent,0.3,0.7,765,0.321145,0.346396,-0.00462298,1
7,Steepest Descent,0.3,0.7,766,0.321194,0.34634,-0.00462304,1
7,Steepest Descent,0.3,0.7,767,0.321243,0.346285,-0.00462309,1
7,Steepest Descent,0.3,0.7,768,0.321291,0.346229,-0.00462315,1
7,Steepest Descent,0.3,0.7,769,0.32134,0.346174,-0.0046232,1
7,Steepest Descent,0.3,0.7,770,0.321388,0.346119,-0.00462325,1
7,Steepest Descent,0.3,0.7,771,0.321436,0.346064,-0.00462331,1
7,Steepest Descent,0.3,0.7,772,0.321484,0.34601,-0.00462336,1
7,Steepest Descent,0.3,0.7,773,0.321532,0.345955,-0.00462341,1
7,Steepest Descent,0.3,0.7,774,0.321579,0.345901,-0.00462346,1
7,Steepest Descent,0.3,0.7,775,0.321626,0.345848,-0.00462351,1
7,Steepest Descent,0.3,0.7,776,0.321673,0.345794,-0.00462356,1
7,Steepest Descent,0.3,0.7,777,0.32172,0.345741,-0.00462361,1
7,Steepest Descent,0.3,0.7,778,0.321767,0.345688,-0.00462366,1
7,Steepest Descent,0.3,0.7,779,0.321814,0.345635,-0.00462371,1
7,Steepest Descent,0.3,0.7,780,0.32186,0.345582,-0.00462376,1
7,Steepest Descent,0.3,0.7,781,0.321906,0.34553,-0.00462381,1
7,Steepest Descent,0.3,0.7,782,0.321952,0.345478,-0.00462386,1
7,Steepest Descent,0.3,0.7,783,0.321998,0.345426,-0.00462391,1
7,Steepest Descent,0.3,0.7,784,0.322044,0.345374,-0.00462396,1
7,Steepest Descent,0.3,0.7,785,0.322089,0.345322,-0.004624,1
7,Steepest Descent,0.3,0.7,786,0.322135,0.345271,-0.00462405,1
7,Steepest Descent,0.3,0.7,787,0.32218,0.34522,-0.0046241,1
7,Steepest Descent,0.3,0.7,788,0.322225,0.345169,-0.00462414,1
7,Steepest Descent,0.3,0.7,789,0.32227,0.345119,-0.00462419,1
7,Steepest Descent,0.3,0.7,790,0.322314,0.345068,-0.00462423,1
7,Steepest Descent,0.3,0.7,791,0.322359,0.345018,-0.00462428,1
7,Steepest Descent,0.3,0.7,792,0.322403,0.344968,-0.00462432,1
7,Steepest Descent,0.3,0.7,793,0.322447,0.344918,-0.00462437,1
7,Steepest Descent,0.3,0.7,794,0.322491,0.344869,-0.00462441,1
7,Steepest Descent,0.3,0.7,795,0.322535,0.34482,-0.00462445,1
7,Steepest Descent,0.3,0.7,796,0.322578,0.344771,-0.0046245,1
7,Steepest Descent,0.3,0.7,797,0.322622,0.344722,-0.00462454,1
7,Steepest Descent,0.3,0.7,798,0.322665,0.344673,-0.00462458,1
7,Steepest Descent,0.3,0.7,799,0.322708,0.344625,-0.00462462,1
7,Steepest Descent,0.3,0.7,800,0.322751,0.344576,-0.00462466,1
7,Steepest Descent,0.3,0.7,801,0.322794,0.344528,-0.00462471,1
7,Steepest Descent,0.3,0.7,802,0.322836,0.34448,-0.00462475,1
7,Steepest Descent,0.3,0.7,803,0.322879,0.344433,-0.00462479,1
7,Steepest Descent,0.3,0.7,804,0.322921,0.344385,-0.00462483,1
7,Steepest Descent,0.3,0.7,805,0.322963,0.344338,-0.00462487,1
7,Steepest Descent,0.3,0.7,806,0.323005,0.344291,-0.00462491,1
7,Steepest Descent,0.3,0.7,807,0.323047,0.344245,-0.00462495,1
7,Steepest Descent,0.3,0.7,808,0.323088,0.344198,-0.00462498,1
7,Steepest Descent,0.3,0.7,809,0.32313,0.344152,-0.00462502,1
7,Steepest Descent,0.3,0.7,810,0.323171,0.344105,-0.00462506,1
7,Steepest Descent,0.3,0.7,811,0.323212,0.344059,-0.0046251,1
7,Steepest Descent,0.3,0.7,812,0.323253,0.344014,-0.00462514,1
7,Steepest Descent,0.3,0.7,813,0.323294,0.343968,-0.00462517,1
7,Steepest Descent,0.3,0.7,814,0.323334,0.343923,-0.00462521,1
7,Steepest Descent,0.3,0.7,815,0.323375,0.343877,-0.00462525,1
7,Steepest Descent,0.3,0.7,816,0.323415,0.343832,-0.00462528,1
7,Steepest Descent,0.3,0.7,817,0.323455,0.343788,-0.00462532,1
7,Steepest Descent,0.3,0.7,818,0.323495,0.343743,-0.00462536,1
7,Steepest Descent,0.3,0.7,819,0.323535,0.343699,-0.00462539,1
7,Steepest Descent,0.3,0.7,820,0.323575,0.343654,-0.00462543,1
7,Steepest Descent,0.3,0.7,821,0.323614,0.34361,-0.00462546,1
7,Steepest Descent,0.3,0.7,822,0.323653,0.343567,-0.0046255,1
7,Steepest Descent,0.3,0.7,823,0.323693,0.343523,-0.00462553,1
7,Steepest Descent,0.3,0.7,824,0.323732,0.34348,-0.00462556,1
7,Steepest Descent,0.3,0.7,825,0.323771,0.343436,-0.0046256,1
7,Steepest Descent,0.3,0.7,826,0.323809,0.343393,-0.00462563,1
7,Steepest Descent,0.3,0.7,827,0.323848,0.34335,-0.00462567,1
7,Steepest Descent,0.3,0.7,828,0.323886,0.343308,-0.0046257,1
7,Steepest Descent,0.3,0.7,829,0.323925,0.343265,-0.00462573,1
7,Steepest Descent,0.3,0.7,830,0.323963,0.343223,-0.00462576,1
7,Steepest Descent,0.3,0.7,831,0.324001,0.343181,-0.0046258,1
7,Steepest Descent,0.3,0.7,832,0.324038,0.343139,-0.00462583,1
7,Steepest Descent,0.3,0.7,833,0.324076,0.343097,-0.00462586,1
7,Steepest Descent,0.3,0.7,834,0.324114,0.343055,-0.00462589,1
7,Steepest Descent,0.3,0.7,835,0.324151,0.343014,-0.00462592,1
7,Steepest Descent,0.3,0.7,836,0.324188,0.342973,-0.00462595,1
7,Steepest Descent,0.3,0.7,837,0.324225,0.342932,-0.00462598,1
7,Steepest Descent,0.3,0.7,838,0.324262,0.342891,-0.00462601,1
7,Steepest Descent,0.3,0.7,839,0.324299,0.34285,-0.00462604,1
7,Steepest Descent,0.3,0.7,840,0.324336,0.342809,-0.00462607,1
7,Steepest Descent,0.3,0.7,841,0.324372,0.342769,-0.0046261,1
7,Steepest Descent,0.3,0.7,842,0.324409,0.342729,-0.00462613,1
7,Steepest Descent,0.3,0.7,843,0.324445,0.342689,-0.00462616,1
7,Steepest Descent,0.3,0.7,844,0.324481,0.342649,-0.00462619,1
7,Steepest Descent,0.3,0.7,845,0.324517,0.342609,-0.00462622,1
7,Steepest Descent,0.3,0.7,846,0.324553,0.34257,-0.00462625,1
7,Steepest Descent,0.3,0.7,847,0.324588,0.342531,-0.00462627,1
7,Steepest Descent,0.3,0.7,848,0.324624,0.342491,-0.0046263,1
7,Steepest Descent,0.3,0.7,849,0.324659,0.342452,-0.00462633,1
7,Steepest Descent,0.3,0.7,850,0.324694,0.342414,-0.00462636,1
7,Steepest Descent,0.3,0.7,851,0.324729,0.342375,-0.00462638,1
7,Steepest Descent,0.3,0.7,852,0.324764,0.342336,-0.00462641,1
7,Steepest Descent,0.3,0.7,853,0.324799,0.342298,-0.00462644,1
7,Steepest Descent,0.3,0.7,854,0.324834,0.34226,-0.00462646,1
7,Steepest Descent,0.3,0.7,855,0.324868,0.342222,-0.00462649,1
7,Steepest Descent,0.3,0.7,856,0.324903,0.342184,-0.00462652,1
7,Steepest Descent,0.3,0.7,857,0.324937,0.342147,-0.00462654,1
7,Steepest Descent,0.3,0.7,858,0.324971,0.342109,-0.00462657,1
7,Steepest Descent,0.3,0.7,859,0.325005,0.342072,-0.00462659,1
7,Steepest Descent,0.3,0.7,860,0.325039,0.342035,-0.00462662,1
7,Steepest Descent,0.3,0.7,861,0.325073,0.341998,-0.00462664,1
7,Steepest Descent,0.3,0.7,862,0.325106,0.341961,-0.00462667,1
7,Steepest Descent,0.3,0.7,863,0.32514,0.341924,-0.00462669,1
7,Steepest Descent,0.3,0.7,864,0.325173,0.341888,-0.00462672,1
7,Steepest Descent,0.3,0.7,865,0.325206,0.341851,-0.00462674,1
7,Steepest Descent,0.3,0.7,866,0.325239,0.341815,-0.00462677,1
7,Steepest Descent,0.3,0.7,867,0.325272,0.341779,-0.00462679,1
7,Steepest Descent,0.3,0.7,868,0.325305,0.341743,-0.00462681,1
7,Steepest Descent,0.3,0.7,869,0.325338,0.341707,-0.00462684,1
7,Steepest Descent,0.3,0.7,870,0.32537,0.341672,-0.00462686,1
7,Steepest Descent,0.3,0.7,871,0.325403,0.341636,-0.00462688,1
7,Steepest Descent,0.3,0.7,872,0.325435,0.341601,-0.00462691,1
7,Steepest Descent,0.3,0.7,873,0.325467,0.341566,-0.00462693,1
7,Steepest Descent,0.3,0.7,874,0.325499,0.341531,-0.00462695,1
7,Steepest Descent,0.3,0.7,875,0.325531,0.341496,-0.00462697,1
7,Steepest Descent,0.3,0.7,876,0.325563,0.341461,-0.004627,1
7,Steepest Descent,0.3,0.7,877,0.325595,0.341427,-0.00462702,1
7,Steepest Descent,0.3,0.7,878,0.325626,0.341392,-0.00462704,1
7,Steepest Descent,0.3,0.7,879,0.325657,0.341358,-0.00462706,1
7,Steepest Descent,0.3,0.7,880,0.325689,0.341324,-0.00462708,1
7,Steepest Descent,0.3,0.7,881,0.32572,0.34129,-0.0046271,1
7,Steepest Descent,0.3,0.7,882,0.325751,0.341256,-0.00462712,1
7,Steepest Descent,0.3,0.7,883,0.325782,0.341223,-0.00462715,1
7,Steepest Descent,0.3,0.7,884,0.325812,0.341189,-0.00462717,1
7,Steepest Descent,0.3,0.7,885,0.325843,0.341156,-0.00462719,1
7,Steepest Descent,0.3,0.7,886,0.325874,0.341123,-0.00462721,1
7,Steepest Descent,0.3,0.7,887,0.325904,0.341089,-0.00462723,1
7,Steepest Descent,0.3,0.7,888,0.325934,0.341057,-0.00462725,1
7,Steepest Descent,0.3,0.7,889,0.325965,0.341024,-0.00462727,1
7,Steepest Descent,0.3,0.7,890,0.325995,0.340991,-0.00462729,1
7,Steepest Descent,0.3,0.7,891,0.326024,0.340959,-0.00462731,1
7,Steepest Descent,0.3,0.7,892,0.326054,0.340926,-0.00462732,1
7,Steepest Descent,0.3,0.7,893,0.326084,0.340894,-0.00462734,1
7,Steepest Descent,0.3,0.7,894,0.326114,0.340862,-0.00462736,1
7,Steepest Descent,0.3,0.7,895,0.326143,0.34083,-0.00462738,1
7,Steepest Descent,0.3,0.7,896,0.326172,0.340798,-0.0046274,1
7,Steepest Descent,0.3,0.7,897,0.326202,0.340767,-0.00462742,1
7,Steepest Descent,0.3,0.7,898,0.326231,0.340735,-0.00462744,1
7,Steepest Descent,0.3,0.7,899,0.32626,0.340704,-0.00462746,1
7,Steepest Descent,0.3,0.7,900,0.326288,0.340672,-0.00462747,1
7,Steepest Descent,0.3,0.7,901,0.326317,0.340641,-0.00462749,1
7,Steepest Descent,0.3,0.7,902,0.326346,0.34061,-0.00462751,1
7,Steepest Descent,0.3,0.7,903,0.326374,0.340579,-0.00462753,1
7,Steepest Descent,0.3,0.7,904,0.326403,0.340549,-0.00462754,1
7,Steepest Descent,0.3,0.7,905,0.326431,0.340518,-0.00462756,1
7,Steepest Descent,0.3,0.7,906,0.326459,0.340488,-0.00462758,1
7,Steepest Descent,0.3,0.7,907,0.326487,0.340457,-0.0046276,1
7,Steepest Descent,0.3,0.7,908,0.326515,0.340427,-0.00462761,1
7,Steepest Descent,0.3,0.7,909,0.326543,0.340397,-0.00462763,1
7,Steepest Descent,0.3,0.7,910,0.326571,0.340367,-0.00462765,1
7,Steepest Descent,0.3,0.7,911,0.326598,0.340337,-0.00462766,1
7,Steepest Descent,0.3,0.7,912,0.326626,0.340307,-0.00462768,1
7,Steepest Descent,0.3,0.7,913,0.326653,0.340278,-0.0046277,1
7,Steepest Descent,0.3,0.7,914,0.326681,0.340248,-0.00462771,1
7,Steepest Descent,0.3,0.7,915,0.326708,0.340219,-0.00462773,1
7,Steepest Descent,0.3,0.7,916,0.326735,0.34019,-0.00462774,1
7,Steepest Descent,0.3,0.7,917,0.326762,0.340161,-0.00462776,1
7,Steepest Descent,0.3,0.7,918,0.326789,0.340132,-0.00462777,1
7,Steepest Descent,0.3,0.7,919,0.326815,0.340103,-0.00462779,1
7,Steepest Descent,0.3,0.7,920,0.326842,0.340074,-0.00462781,1
7,Steepest Descent,0.3,0.7,921,0.326869,0.340046,-0.00462782,1
7,Steepest Descent,0.3,0.7,922,0.326895,0.340017,-0.00462784,1
7,Steepest Descent,0.3,0.7,923,0.326921,0.339989,-0.00462785,1
7,Steepest Descent,0.3,0.7,924,0.326948,0.339961,-0.00462787,1
7,Steepest Descent,0.3,0.7,925,0.326974,0.339933,-0.00462788,1
7,Steepest Descent,0.3,0.7,926,0.327,0.339905,-0.00462789,1
7,Steepest Descent,0.3,0.7,927,0.327026,0.339877,-0.00462791,1
7,Steepest Descent,0.3,0.7,928,0.327051,0.339849,-0.00462792,1
7,Steepest Descent,0.3,0.7,929,0.327077,0.339822,-0.00462794,1
7,Steepest Descent,0.3,0.7,930,0.327103,0.339794,-0.00462795,1
7,Steepest Descent,0.3,0.7,931,0.327128,0.339767,-0.00462797,1
7,Steepest Descent,0.3,0.7,932,0.327154,0.33974,-0.00462798,1
7,Steepest Descent,0.3,0.7,933,0.327179,0.339713,-0.00462799,1
7,Steepest Descent,0.3,0.7,934,0.327204,0.339686,-0.00462801,1
7,Steepest Descent,0.3,0.7,935,0.327229,0.339659,-0.00462802,1
7,Steepest Descent,0.3,0.7,936,0.327254,0.339632,-0.00462803,1
7,Steepest Descent,0.3,0.7,937,0.327279,0.339605,-0.00462805,1
7,Steepest Descent,0.3,0.7,938,0.327304,0.339579,-0.00462806,1
7,Steepest Descent,0.3,0.7,939,0.327328,0.339552,-0.00462807,1
7,Steepest Descent,0.3,0.7,940,0.327353,0.339526,-0.00462809,1
7,Steepest Descent,0.3,0.7,941,0.327377,0.3395,-0.0046281,1
7,Steepest Descent,0.3,0.7,942,0.327402,0.339474,-0.00462811,1
7,Steepest Descent,0.3,0.7,943,0.327426,0.339448,-0.00462812,1
7,Steepest Descent,0.3,0.7,944,0.32745,0.339422,-0.00462814,1
7,Steepest Descent,0.3,0.7,945,0.327474,0.339396,-0.00462815,1
7,Steepest Descent,0.3,0.7,946,0.327498,0.33937,-0.00462816,1
7,Steepest Descent,0.3,0.7,947,0.327522,0.339345,-0.00462817,1
7,Steepest Descent,0.3,0.7,948,0.327546,0.339319,-0.00462819,1
7,Steepest Descent,0.3,0.7,949,0.32757,0.339294,-0.0046282,1
7,Steepest Descent,0.3,0.7,950,0.327593,0.339269,-0.00462821,1
7,Steepest Descent,0.3,0.7,951,0.327617,0.339244,-0.00462822,1
7,Steepest Descent,0.3,0.7,952,0.32764,0.339219,-0.00462823,1
7,Steepest Descent,0.3,0.7,953,0.327664,0.339194,-0.00462824,1
7,Steepest Descent,0.3,0.7,954,0.327687,0.339169,-0.00462826,1
7,Steepest Descent,0.3,0.7,955,0.32771,0.339144,-0.00462827,1
7,Steepest Descent,0.3,0.7,956,0.327733,0.33912,-0.00462828,1
7,Steepest Descent,0.3,0.7,957,0.327756,0.339095,-0.00462829,1
7,Steepest Descent,0.3,0.7,958,0.327779,0.339071,-0.0046283,1
7,Steepest Descent,0.3,0.7,959,0.327802,0.339047,-0.00462831,1
7,Steepest Descent,0.3,0.7,960,0.327824,0.339023,-0.00462832,1
7,Steepest Descent,0.3,0.7,961,0.327847,0.338999,-0.00462833,1
7,Steepest Descent,0.3,0.7,962,0.327869,0.338975,-0.00462834,1
7,Steepest Descent,0.3,0.7,963,0.327892,0.338951,-0.00462836,1
7,Steepest Descent,0.3,0.7,964,0.327914,0.338927,-0.00462837,1
7,Steepest Descent,0.3,0.7,965,0.327936,0.338903,-0.00462838,1
7,Steepest Descent,0.3,0.7,966,0.327958,0.33888,-0.00462839,1
7,Steepest Descent,0.3,0.7,967,0.32798,0.338856,-0.0046284,1
7,Steepest Descent,0.3,0.7,968,0.328002,0.338833,-0.00462841,1
7,Steepest Descent,0.3,0.7,969,0.328024,0.33881,-0.00462842,1
7,Steepest Descent,0.3,0.7,970,0.328046,0.338787,-0.00462843,1
7,Steepest Descent,0.3,0.7,971,0.328068,0.338764,-0.00462844,1
7,Steepest Descent,0.3,0.7,972,0.328089,0.338741,-0.00462845,1
7,Steepest Descent,0.3,0.7,973,0.328111,0.338718,-0.00462846,1
7,Steepest Descent,0.3,0.7,974,0.328132,0.338695,-0.00462847,1
7,Steepest Descent,0.3,0.7,975,0.328154,0.338672,-0.00462848,1
7,Steepest Descent,0.3,0.7,976,0.328175,0.33865,-0.00462849,1
7,Steepest Descent,0.3,0.7,977,0.328196,0.338627,-0.0046285,1
7,Steepest Descent,0.3,0.7,978,0.328217,0.338605,-0.00462851,1
7,Steepest Descent,0.3,0.7,979,0.328238,0.338583,-0.00462851,1
7,Steepest Descent,0.3,0.7,980,0.328259,0.338561,-0.00462852,1
7,Steepest Descent,0.3,0.7,981,0.32828,0.338539,-0.00462853,1
7,Steepest Descent,0.3,0.7,982,0.328301,0.338517,-0.00462854,1
7,Steepest Descent,0.3,0.7,983,0.328321,0.338495,-0.00462855,1
7,Steepest Descent,0.3,0.7,984,0.328342,0.338473,-0.00462856,1
7,Steepest Descent,0.3,0.7,985,0.328362,0.338451,-0.00462857,1
7,Steepest Descent,0.3,0.7,986,0.328383,0.33843,-0.00462858,1
7,Steepest Descent,0.3,0.7,987,0.328403,0.338408,-0.00462859,1
7,Steepest Descent,0.3,0.7,988,0.328423,0.338387,-0.0046286,1
7,Steepest Descent,0.3,0.7,989,0.328443,0.338365,-0.0046286,1
7,Steepest Descent,0.3,0.7,990,0.328464,0.338344,-0.00462861,1
7,Steepest Descent,0.3,0.7,991,0.328484,0.338323,-0.00462862,1
7,Steepest Descent,0.3,0.7,992,0.328503,0.338302,-0.00462863,1
7,Steepest Descent,0.3,0.7,993,0.328523,0.338281,-0.00462864,1
7,Steepest Descent,0.3,0.7,994,0.328543,0.33826,-0.00462865,1
7,Steepest Descent,0.3,0.7,995,0.328563,0.338239,-0.00462865,1
7,Steepest Descent,0.3,0.7,996,0.328582,0.338218,-0.00462866,1
7,Steepest Descent,0.3,0.7,997,0.328602,0.338198,-0.00462867,1
7,Steepest Descent,0.3,0.7,998,0.328621,0.338177,-0.00462868,1
7,Steepest Descent,0.3,0.7,999,0.328641,0.338157,-0.00462869,1
7,Steepest Descent,0.3,0.7,1000,0.32866,0.338137,-0.00462869,1
7,Steepest Descent,0.3,0.7,1001,0.328679,0.338116,-0.0046287,1
7,Steepest Descent,0.3,0.7,1002,0.328698,0.338096,-0.00462871,1
7,Steepest Descent,0.3,0.7,1003,0.328717,0.338076,-0.00462872,1
7,Steepest Descent,0.3,0.7,1004,0.328736,0.338056,-0.00462872,1
7,Steepest Descent,0.3,0.7,1005,0.328755,0.338036,-0.00462873,1
7,Steepest Descent,0.3,0.7,1006,0.328774,0.338016,-0.00462874,1
7,Steepest Descent,0.3,0.7,1007,0.328793,0.337996,-0.00462875,1
7,Steepest Descent,0.3,0.7,1008,0.328811,0.337977,-0.00462875,1
7,Steepest Descent,0.3,0.7,1009,0.32883,0.337957,-0.00462876,1
7,Steepest Descent,0.3,0.7,1010,0.328849,0.337938,-0.00462877,1
7,Steepest Descent,0.3,0.7,1011,0.328867,0.337918,-0.00462878,1
7,Steepest Descent,0.3,0.7,1012,0.328885,0.337899,-0.00462878,1
7,Steepest Descent,0.3,0.7,1013,0.328904,0.33788,-0.00462879,1
7,Steepest Descent,0.3,0.7,1014,0.328922,0.337861,-0.0046288,1
7,Steepest Descent,0.3,0.7,1015,0.32894,0.337841,-0.0046288,1
7,Steepest Descent,0.3,0.7,1016,0.328958,0.337822,-0.00462881,1
7,Steepest Descent,0.3,0.7,1017,0.328976,0.337804,-0.00462882,1
7,Steepest Descent,0.3,0.7,1018,0.328994,0.337785,-0.00462882,1
7,Steepest Descent,0.3,0.7,1019,0.329012,0.337766,-0.00462883,1
7,Steepest Descent,0.3,0.7,1020,0.32903,0.337747,-0.00462884,1
7,Steepest Descent,0.3,0.7,1021,0.329047,0.337729,-0.00462884,1
7,Steepest Descent,0.3,0.7,1022,0.329065,0.33771,-0.00462885,1
7,Steepest Descent,0.3,0.7,1023,0.329082,0.337692,-0.00462886,1
7,Steepest Descent,0.3,0.7,1024,0.3291,0.337673,-0.00462886,1
7,Steepest Descent,0.3,0.7,1025,0.329117,0.337655,-0.00462887,1
7,Steepest Descent,0.3,0.7,1026,0.329135,0.337637,-0.00462888,1
7,Steepest Descent,0.3,0.7,1027,0.329152,0.337619,-0.00462888,1
7,Steepest Descent,0.3,0.7,1028,0.329169,0.337601,-0.00462889,1
7,Steepest Descent,0.3,0.7,1029,0.329186,0.337583,-0.0046289,1
7,Steepest Descent,0.3,0.7,1030,0.329203,0.337565,-0.0046289,1
7,Steepest Descent,0.3,0.7,1031,0.32922,0.337547,-0.00462891,1
7,Steepest Descent,0.3,0.7,1032,0.329237,0.337529,-0.00462891,1
7,Steepest Descent,0.3,0.7,1033,0.329254,0.337511,-0.00462892,1
7,Steepest Descent,0.3,0.7,1034,0.329271,0.337494,-0.00462893,1
7,Steepest Descent,0.3,0.7,1035,0.329288,0.337476,-0.00462893,1
7,Steepest Descent,0.3,0.7,1036,0.329304,0.337459,-0.00462894,1
7,Steepest Descent,0.3,0.7,1037,0.329321,0.337441,-0.00462894,1
7,Steepest Descent,0.3,0.7,1038,0.329337,0.337424,-0.00462895,1
7,Steepest Descent,0.3,0.7,1039,0.329354,0.337407,-0.00462895,1
7,Steepest Descent,0.3,0.7,1040,0.32937,0.33739,-0.00462896,1
7,Steepest Descent,0.3,0.7,1041,0.329387,0.337373,-0.00462897,1
7,Steepest Descent,0.3,0.7,1042,0.329403,0.337356,-0.00462897,1
7,Steepest Descent,0.3,0.7,1043,0.329419,0.337339,-0.00462898,1
7,Steepest Descent,0.3,0.7,1044,0.329435,0.337322,-0.00462898,1
7,Steepest Descent,0.3,0.7,1045,0.329451,0.337305,-0.00462899,1
7,Steepest Descent,0.3,0.7,1046,0.329467,0.337288,-0.00462899,1
7,Steepest Descent,0.3,0.7,1047,0.329483,0.337272,-0.004629,1
7,Steepest Descent,0.3,0.7,1048,0.329499,0.337255,-0.004629,1
7,Steepest Descent,0.3,0.7,1049,0.329515,0.337239,-0.00462901,1
7,Steepest Descent,0.3,0.7,1050,0.329531,0.337222,-0.00462901,1
7,Steepest Descent,0.3,0.7,1051,0.329546,0.337206,-0.00462902,1
7,Steepest Descent,0.3,0.7,1052,0.329562,0.337189,-0.00462902,1
7,Steepest Descent,0.3,0.7,1053,0.329577,0.337173,-0.00462903,1
7,Steepest Descent,0.3,0.7,1054,0.329593,0.337157,-0.00462903,1
7,Steepest Descent,0.3,0.7,1055,0.329608,0.337141,-0.00462904,1
7,Steepest Descent,0.3,0.7,1056,0.329624,0.337125,-0.00462904,1
7,Steepest Descent,0.3,0.7,1057,0.329639,0.337109,-0.00462905,1
7,Steepest Descent,0.3,0.7,1058,0.329654,0.337093,-0.00462905,1
7,Steepest Descent,0.3,0.7,1059,0.329669,0.337077,-0.00462906,1
7,Steepest Descent,0.3,0.7,1060,0.329684,0.337061,-0.00462906,1
7,Steepest Descent,0.3,0.7,1061,0.329699,0.337046,-0.00462907,1
7,Steepest Descent,0.3,0.7,1062,0.329714,0.33703,-0.00462907,1
7,Steepest Descent,0.3,0.7,1063,0.329729,0.337015,-0.00462908,1
7,Steepest Descent,0.3,0.7,1064,0.329744,0.336999,-0.00462908,1
7,Steepest Descent,0.3,0.7,1065,0.329759,0.336984,-0.00462909,1
7,Steepest Descent,0.3,0.7,1066,0.329774,0.336968,-0.00462909,1
7,Steepest Descent,0.3,0.7,1067,0.329788,0.336953,-0.00462909,1
7,Steepest Descent,0.3,0.7,1068,0.329803,0.336938,-0.0046291,1
7,Steepest Descent,0.3,0.7,1069,0.329818,0.336923,-0.0046291,1
7,Steepest Descent,0.3,0.7,1070,0.329832,0.336908,-0.00462911,1
7,Steepest Descent,0.3,0.7,1071,0.329847,0.336893,-0.00462911,1
7,Steepest Descent,0.3,0.7,1072,0.329861,0.336878,-0.00462912,1
7,Steepest Descent,0.3,0.7,1073,0.329875,0.336863,-0.00462912,1
7,Steepest Descent,0.3,0.7,1074,0.329889,0.336848,-0.00462913,1
7,Steepest Descent,0.3,0.7,1075,0.329904,0.336833,-0.00462913,1
7,Steepest Descent,0.3,0.7,1076,0.329918,0.336818,-0.00462913,1
7,Steepest Descent,0.3,0.7,1077,0.329932,0.336804,-0.00462914,1
7,Steepest Descent,0.3,0.7,1078,0.329946,0.336789,-0.00462914,1
7,Steepest Descent,0.3,0.7,1079,0.32996,0.336774,-0.00462915,1
7,Steepest Descent,0.3,0.7,1080,0.329974,0.33676,-0.00462915,1
7,Steepest Descent,0.3,0.7,1081,0.329988,0.336746,-0.00462915,1
7,Steepest Descent,0.3,0.7,1082,0.330001,0.336731,-0.00462916,1
7,Steepest Descent,0.3,0.7,1083,0.330015,0.336717,-0.00462916,1
7,Steepest Descent,0.3,0.7,1084,0.330029,0.336703,-0.00462917,1
7,Steepest Descent,0.3,0.7,1085,0.330043,0.336689,-0.00462917,1
7,Steepest Descent,0.3,0.7,1086,0.330056,0.336674,-0.00462917,1
7,Steepest Descent,0.3,0.7,1087,0.33007,0.33666,-0.00462918,1
7,Steepest Descent,0.3,0.7,1088,0.330083,0.336646,-0.00462918,1
7,Steepest Descent,0.3,0.7,1089,0.330097,0.336632,-0.00462918,1
7,Steepest Descent,0.3,0.7,1090,0.33011,0.336619,-0.00462919,1
7,Steepest Descent,0.3,0.7,1091,0.330123,0.336605,-0.00462919,1
7,Steepest Descent,0.3,0.7,1092,0.330136,0.336591,-0.0046292,1
7,Steepest Descent,0.3,0.7,1093,0.33015,0.336577,-0.0046292,1
7,Steepest Descent,0.3,0.7,1094,0.330163,0.336564,-0.0046292,1
7,Steepest Descent,0.3,0.7,1095,0.330176,0.33655,-0.00462921,1
7,Steepest Descent,0.3,0.7,1096,0.330189,0.336537,-0.00462921,1
7,Steepest Descent,0.3,0.7,1097,0.330202,0.336523,-0.00462921,1
7,Steepest Descent,0.3,0.7,1098,0.330215,0.33651,-0.00462922,1
7,Steepest Descent,0.3,0.7,1099,0.330228,0.336496,-0.00462922,1
7,Steepest Descent,0.3,0.7,1100,0.330241,0.336483,-0.00462922,1
7,Steepest Descent,0.3,0.7,1101,0.330253,0.33647,-0.00462923,1
7,Steepest Descent,0.3,0.7,1102,0.330266,0.336457,-0.00462923,1
7,Steepest Descent,0.3,0.7,1103,0.330279,0.336444,-0.00462923,1
7,Steepest Descent,0.3,0.7,1104,0.330291,0.336431,-0.00462924,1
7,Steepest Descent,0.3,0.7,1105,0.330304,0.336417,-0.00462924,1
7,Steepest Descent,0.3,0.7,1106,0.330316,0.336405,-0.00462924,1
7,Steepest Descent,0.3,0.7,1107,0.330329,0.336392,-0.00462925,1
7,Steepest Descent,0.3,0.7,1108,0.330341,0.336379,-0.00462925,1
7,Steepest Descent,0.3,0.7,1109,0.330354,0.336366,-0.00462925,1
7,Steepest Descent,0.3,0.7,1110,0.330366,0.336353,-0.00462926,1
7,Steepest Descent,0.3,0.7,1111,0.330378,0.336341,-0.00462926,1
7,Steepest Descent,0.3,0.7,1112,0.33039,0.336328,-0.00462926,1
7,Steepest Descent,0.3,0.7,1113,0.330402,0.336315,-0.00462927,1
7,Steepest Descent,0.3,0.7,1114,0.330415,0.336303,-0.00462927,1
7,Steepest Descent,0.3,0.7,1115,0.330427,0.33629,-0.00462927,1
7,Steepest Descent,0.3,0.7,1116,0.330439,0.336278,-0.00462927,1
7,Steepest Descent,0.3,0.7,1117,0.330451,0.336266,-0.00462928,1
7,Steepest Descent,0.3,0.7,1118,0.330463,0.336253,-0.00462928,1
7,Steepest Descent,0.3,0.7,1119,0.330474,0.336241,-0.00462928,1
7,Steepest Descent,0.3,0.7,1120,0.330486,0.336229,-0.00462929,1
7,Steepest Descent,0.3,0.7,1121,0.330498,0.336217,-0.00462929,1
7,Steepest Descent,0.3,0.7,1122,0.33051,0.336204,-0.00462929,1
7,Steepest Descent,0.3,0.7,1123,0.330521,0.336192,-0.00462929,1
7,Steepest Descent,0.3,0.7,1124,0.330533,0.33618,-0.0046293,1
7,Steepest Descent,0.3,0.7,1125,0.330545,0.336168,-0.0046293,1
7,Steepest Descent,0.3,0.7,1126,0.330556,0.336157,-0.0046293,1
7,Steepest Descent,0.3,0.7,1127,0.330568,0.336145,-0.00462931,1
7,Steepest Descent,0.3,0.7,1128,0.330579,0.336133,-0.00462931,1
7,Steepest Descent,0.3,0.7,1129,0.33059,0.336121,-0.00462931,1
7,Steepest Descent,0.3,0.7,1130,0.330602,0.336109,-0.00462931,1
7,Steepest Descent,0.3,0.7,1131,0.330613,0.336098,-0.00462932,1
7,Steepest Descent,0.3,0.7,1132,0.330624,0.336086,-0.00462932,1
7,Steepest Descent,0.3,0.7,1133,0.330635,0.336075,-0.00462932,1
7,Steepest Descent,0.3,0.7,1134,0.330647,0.336063,-0.00462932,1
7,Steepest Descent,0.3,0.7,1135,0.330658,0.336052,-0.00462933,1
7,Steepest Descent,0.3,0.7,1136,0.330669,0.33604,-0.00462933,1
7,Steepest Descent,0.3,0.7,1137,0.33068,0.336029,-0.00462933,1
7,Steepest Descent,0.3,0.7,1138,0.330691,0.336018,-0.00462933,1
7,Steepest Descent,0.3,0.7,1139,0.330702,0.336006,-0.00462934,1
7,Steepest Descent,0.3,0.7,1140,0.330713,0.335995,-0.00462934,1
7,Steepest Descent,0.3,0.7,1141,0.330723,0.335984,-0.00462934,1
7,Steepest Descent,0.3,0.7,1142,0.330734,0.335973,-0.00462934,1
7,Steepest Descent,0.3,0.7,1143,0.330745,0.335962,-0.00462935,1
7,Steepest Descent,0.3,0.7,1144,0.330756,0.335951,-0.00462935,1
7,Steepest Descent,0.3,0.7,1145,0.330766,0.33594,-0.00462935,1
7,Steepest Descent,0.3,0.7,1146,0.330777,0.335929,-0.00462935,1
7,Steepest Descent,0.3,0.7,1147,0.330787,0.335918,-0.00462936,1
7,Steepest Descent,0.3,0.7,1148,0.330798,0.335907,-0.00462936,1
7,Steepest Descent,0.3,0.7,1149,0.330808,0.335896,-0.00462936,1
7,Steepest Descent,0.3,0.7,1150,0.330819,0.335885,-0.00462936,1
7,Steepest Descent,0.3,0.7,1151,0.330829,0.335875,-0.00462936,1
7,Steepest Descent,0.3,0.7,1152,0.33084,0.335864,-0.00462937,1
7,Steepest Descent,0.3,0.7,1153,0.33085,0.335853,-0.00462937,1
7,Steepest Descent,0.3,0.7,1154,0.33086,0.335843,-0.00462937,1
7,Steepest Descent,0.3,0.7,1155,0.33087,0.335832,-0.00462937,1
7,Steepest Descent,0.3,0.7,1156,0.330881,0.335822,-0.00462938,1
7,Steepest Descent,0.3,0.7,1157,0.330891,0.335811,-0.00462938,1
7,Steepest Descent,0.3,0.7,1158,0.330901,0.335801,-0.00462938,1
7,Steepest Descent,0.3,0.7,1159,0.330911,0.335791,-0.00462938,1
7,Steepest Descent,0.3,0.7,1160,0.330921,0.33578,-0.00462938,1
7,Steepest Descent,0.3,0.7,1161,0.330931,0.33577,-0.00462939,1
7,Steepest Descent,0.3,0.7,1162,0.330941,0.33576,-0.00462939,1
7,Steepest Descent,0.3,0.7,1163,0.330951,0.33575,-0.00462939,1
7,Steepest Descent,0.3,0.7,1164,0.330961,0.33574,-0.00462939,1
7,Steepest Descent,0.3,0.7,1165,0.33097,0.335729,-0.00462939,1
7,Steepest Descent,0.3,0.7,1166,0.33098,0.335719,-0.0046294,1
7,Steepest Descent,0.3,0.7,1167,0.33099,0.335709,-0.0046294,1
7,Steepest Descent,0.3,0.7,1168,0.331,0.335699,-0.0046294,1
7,Steepest Descent,0.3,0.7,1169,0.331009,0.33569,-0.0046294,1
7,Steepest Descent,0.3,0.7,1170,0.331019,0.33568,-0.0046294,1
7,Steepest Descent,0.3,0.7,1171,0.331029,0.33567,-0.00462941,1
7,Steepest Descent,0.3,0.7,1172,0.331038,0.33566,-0.00462941,1
7,Steepest Descent,0.3,0.7,1173,0.331048,0.33565,-0.00462941,1
7,Steepest Descent,0.3,0.7,1174,0.331057,0.335641,-0.00462941,1
7,Steepest Descent,0.3,0.7,1175,0.331066,0.335631,-0.00462941,1
7,Steepest Descent,0.3,0.7,1176,0.331076,0.335621,-0.00462941,1
7,Steepest Descent,0.3,0.7,1177,0.331085,0.335612,-0.00462942,1
7,Steepest Descent,0.3,0.7,1178,0.331094,0.335602,-0.00462942,1
7,Steepest Descent,0.3,0.7,1179,0.331104,0.335593,-0.00462942,1
7,Steepest Descent,0.3,0.7,1180,0.331113,0.335583,-0.00462942,1
7,Steepest Descent,0.3,0.7,1181,0.331122,0.335574,-0.00462942,1
7,Steepest Descent,0.3,0.7,1182,0.331131,0.335564,-0.00462942,1
7,Steepest Descent,0.3,0.7,1183,0.33114,0.335555,-0.00462943,1
7,Steepest Descent,0.3,0.7,1184,0.33115,0.335546,-0.00462943,1
7,Steepest Descent,0.3,0.7,1185,0.331159,0.335536,-0.00462943,1
7,Steepest Descent,0.3,0.7,1186,0.331168,0.335527,-0.00462943,1
7,Steepest Descent,0.3,0.7,1187,0.331177,0.335518,-0.00462943,1
7,Steepest Descent,0.3,0.7,1188,0.331185,0.335509,-0.00462943,1
7,Steepest Descent,0.3,0.7,1189,0.331194,0.3355,-0.00462944,1
7,Steepest Descent,0.3,0.7,1190,0.331203,0.335491,-0.00462944,1
7,Steepest Descent,0.3,0.7,1191,0.331212,0.335481,-0.00462944,1
7,Steepest Descent,0.3,0.7,1192,0.331221,0.335472,-0.00462944,1
7,Steepest Descent,0.3,0.7,1193,0.33123,0.335464,-0.00462944,1
7,Steepest Descent,0.3,0.7,1194,0.331238,0.335455,-0.00462944,1
7,Steepest Descent,0.3,0.7,1195,0.331247,0.335446,-0.00462945,1
7,Steepest Descent,0.3,0.7,1196,0.331256,0.335437,-0.00462945,1
7,Steepest Descent,0.3,0.7,1197,0.331264,0.335428,-0.00462945,1
7,Steepest Descent,0.3,0.7,1198,0.331273,0.335419,-0.00462945,1
7,Steepest Descent,0.3,0.7,1199,0.331281,0.33541,-0.00462945,1
7,Steepest Descent,0.3,0.7,1200,0.33129,0.335402,-0.00462945,1
7,Steepest Descent,0.3,0.7,1201,0.331298,0.335393,-0.00462945,1
7,Steepest Descent,0.3,0.7,1202,0.331307,0.335384,-0.00462946,1
7,Steepest Descent,0.3,0.7,1203,0.331315,0.335376,-0.00462946,1
7,Steepest Descent,0.3,0.7,1204,0.331323,0.335367,-0.00462946,1
7,Steepest Descent,0.3,0.7,1205,0.331332,0.335359,-0.00462946,1
7,Steepest Descent,0.3,0.7,1206,0.33134,0.33535,-0.00462946,1
7,Steepest Descent,0.3,0.7,1207,0.331348,0.335342,-0.00462946,1
7,Steepest Descent,0.3,0.7,1208,0.331357,0.335333,-0.00462946,1
7,Steepest Descent,0.3,0.7,1209,0.331365,0.335325,-0.00462947,1
7,Steepest Descent,0.3,0.7,1210,0.331373,0.335317,-0.00462947,1
7,Steepest Descent,0.3,0.7,1211,0.331381,0.335308,-0.00462947,1
7,Steepest Descent,0.3,0.7,1212,0.331389,0.3353,-0.00462947,1
7,Steepest Descent,0.3,0.7,1213,0.331397,0.335292,-0.00462947,1
7,Steepest Descent,0.3,0.7,1214,0.331405,0.335284,-0.00462947,1
7,Steepest Descent,0.3,0.7,1215,0.331413,0.335276,-0.00462947,1
7,Steepest Descent,0.3,0.7,1216,0.331421,0.335267,-0.00462948,1
7,Steepest Descent,0.3,0.7,1217,0.331429,0.335259,-0.00462948,1
7,Steepest Descent,0.3,0.7,1218,0.331437,0.335251,-0.00462948,1
7,Steepest Descent,0.3,0.7,1219,0.331445,0.335243,-0.00462948,1
7,Steepest Descent,0.3,0.7,1220,0.331453,0.335235,-0.00462948,1
7,Steepest Descent,0.3,0.7,1221,0.33146,0.335227,-0.00462948,1
7,Steepest Descent,0.3,0.7,1222,0.331468,0.335219,-0.00462948,1
7,Steepest Descent,0.3,0.7,1223,0.331476,0.335211,-0.00462948,1
7,Steepest Descent,0.3,0.7,1224,0.331484,0.335204,-0.00462949,1
7,Steepest Descent,0.3,0.7,1225,0.331491,0.335196,-0.00462949,1
7,Steepest Descent,0.3,0.7,1226,0.331499,0.335188,-0.00462949,1
7,Steepest Descent,0.3,0.7,1227,0.331506,0.33518,-0.00462949,1
7,Steepest Descent,0.3,0.7,1228,0.331514,0.335172,-0.00462949,1
7,Steepest Descent,0.3,0.7,1229,0.331522,0.335165,-0.00462949,1
7,Steepest Descent,0.3,0.7,1230,0.331529,0.335157,-0.00462949,1
7,Steepest Descent,0.3,0.7,1231,0.331537,0.335149,-0.00462949,1
7,Steepest Descent,0.3,0.7,1232,0.331544,0.335142,-0.00462949,1
7,Steepest Descent,0.3,0.7,1233,0.331551,0.335134,-0.0046295,1
7,Steepest Descent,0.3,0.7,1234,0.331559,0.335127,-0.0046295,1
7,Steepest Descent,0.3,0.7,1235,0.331566,0.335119,-0.0046295,1
7,Steepest Descent,0.3,0.7,1236,0.331573,0.335112,-0.0046295,1
7,Steepest Descent,0.3,0.7,1237,0.331581,0.335104,-0.0046295,1
7,Steepest Descent,0.3,0.7,1238,0.331588,0.335097,-0.0046295,1
7,Steepest Descent,0.3,0.7,1239,0.331595,0.335089,-0.0046295,1
7,Steepest Descent,0.3,0.7,1240,0.331602,0.335082,-0.0046295,1
7,Steepest Descent,0.3,0.7,1241,0.33161,0.335075,-0.0046295,1
7,Steepest Descent,0.3,0.7,1242,0.331617,0.335067,-0.00462951,1
7,Steepest Descent,0.3,0.7,1243,0.331624,0.33506,-0.00462951,1
7,Steepest Descent,0.3,0.7,1244,0.331631,0.335053,-0.00462951,1
7,Steepest Descent,0.3,0.7,1245,0.331638,0.335046,-0.00462951,1
7,Steepest Descent,0.3,0.7,1246,0.331645,0.335039,-0.00462951,1
7,Steepest Descent,0.3,0.7,1247,0.331652,0.335031,-0.00462951,1
7,Steepest Descent,0.3,0.7,1248,0.331659,0.335024,-0.00462951,1
7,Steepest Descent,0.3,0.7,1249,0.331666,0.335017,-0.00462951,1
7,Steepest Descent,0.3,0.7,1250,0.331673,0.33501,-0.00462951,1
7,Steepest Descent,0.3,0.7,1251,0.33168,0.335003,-0.00462951,1
7,Steepest Descent,0.3,0.7,1252,0.331687,0.334996,-0.00462952,1
7,Steepest Descent,0.3,0.7,1253,0.331693,0.334989,-0.00462952,1
7,Steepest Descent,0.3,0.7,1254,0.3317,0.334982,-0.00462952,1
7,Steepest Descent,0.3,0.7,1255,0.331707,0.334975,-0.00462952,1
7,Steepest Descent,0.3,0.7,1256,0.331714,0.334969,-0.00462952,1
7,Steepest Descent,0.3,0.7,1257,0.331721,0.334962,-0.00462952,1
7,Steepest Descent,0.3,0.7,1258,0.331727,0.334955,-0.00462952,1
7,Steepest Descent,0.3,0.7,1259,0.331734,0.334948,-0.00462952,1
7,Steepest Descent,0.3,0.7,1260,0.33174,0.334941,-0.00462952,1
7,Steepest Descent,0.3,0.7,1261,0.331747,0.334935,-0.00462952,1
7,Steepest Descent,0.3,0.7,1262,0.331754,0.334928,-0.00462952,1
7,Steepest Descent,0.3,0.7,1263,0.33176,0.334921,-0.00462953,1
7,Steepest Descent,0.3,0.7,1264,0.331767,0.334915,-0.00462953,1
7,Steepest Descent,0.3,0.7,1265,0.331773,0.334908,-0.00462953,1
7,Steepest Descent,0.3,0.7,1266,0.33178,0.334901,-0.00462953,1
7,Steepest Descent,0.3,0.7,1267,0.331786,0.334895,-0.00462953,1
7,Steepest Descent,0.3,0.7,1268,0.331793,0.334888,-0.00462953,1
7,Steepest Descent,0.3,0.7,1269,0.331799,0.334882,-0.00462953,1
7,Steepest Descent,0.3,0.7,1270,0.331805,0.334875,-0.00462953,1
7,Steepest Descent,0.3,0.7,1271,0.331812,0.334869,-0.00462953,1
7,Steepest Descent,0.3,0.7,1272,0.331818,0.334862,-0.00462953,1
7,Steepest Descent,0.3,0.7,1273,0.331824,0.334856,-0.00462953,1
7,Steepest Descent,0.3,0.7,1274,0.331831,0.33485,-0.00462953,1
7,Steepest Descent,0.3,0.7,1275,0.331837,0.334843,-0.00462954,1
7,Steepest Descent,0.3,0.7,1276,0.331843,0.334837,-0.00462954,1
7,Steepest Descent,0.3,0.7,1277,0.331849,0.334831,-0.00462954,1
7,Steepest Descent,0.3,0.7,1278,0.331855,0.334824,-0.00462954,1
7,Steepest Descent,0.3,0.7,1279,0.331861,0.334818,-0.00462954,1
7,Steepest Descent,0.3,0.7,1280,0.331868,0.334812,-0.00462954,1
7,Steepest Descent,0.3,0.7,1281,0.331874,0.334806,-0.00462954,1
7,Steepest Descent,0.3,0.7,1282,0.33188,0.3348,-0.00462954,1
7,Steepest Descent,0.3,0.7,1283,0.331886,0.334793,-0.00462954,1
7,Steepest Descent,0.3,0.7,1284,0.331892,0.334787,-0.00462954,1
7,Steepest Descent,0.3,0.7,1285,0.331898,0.334781,-0.00462954,1
7,Steepest Descent,0.3,0.7,1286,0.331904,0.334775,-0.00462954,1
7,Steepest Descent,0.3,0.7,1287,0.33191,0.334769,-0.00462954,1
7,Steepest Descent,0.3,0.7,1288,0.331916,0.334763,-0.00462955,1
7,Steepest Descent,0.3,0.7,1289,0.331921,0.334757,-0.00462955,1
7,Steepest Descent,0.3,0.7,1290,0.331927,0.334751,-0.00462955,1
7,Steepest Descent,0.3,0.7,1291,0.331933,0.334745,-0.00462955,1
7,Steepest Descent,0.3,0.7,1292,0.331939,0.334739,-0.00462955,1
7,Steepest Descent,0.3,0.7,1293,0.331945,0.334733,-0.00462955,1
7,Steepest Descent,0.3,0.7,1294,0.33195,0.334728,-0.00462955,1
7,Steepest Descent,0.3,0.7,1295,0.331956,0.334722,-0.00462955,1
7,Steepest Descent,0.3,0.7,1296,0.331962,0.334716,-0.00462955,1
7,Steepest Descent,0.3,0.7,1297,0.331968,0.33471,-0.00462955,1
7,Steepest Descent,0.3,0.7,1298,0.331973,0.334704,-0.00462955,1
7,Steepest Descent,0.3,0.7,1299,0.331979,0.334699,-0.00462955,1
7,Steepest Descent,0.3,0.7,1300,0.331985,0.334693,-0.00462955,1
7,Steepest Descent,0.3,0.7,1301,0.33199,0.334687,-0.00462955,1
7,Steepest Descent,0.3,0.7,1302,0.331996,0.334682,-0.00462955,1
7,Steepest Descent,0.3,0.7,1303,0.332001,0.334676,-0.00462956,1
7,Steepest Descent,0.3,0.7,1304,0.332007,0.33467,-0.00462956,1
7,Steepest Descent,0.3,0.7,1305,0.332012,0.334665,-0.00462956,1
7,Steepest Descent,0.3,0.7,1306,0.332018,0.334659,-0.00462956,1
7,Steepest Descent,0.3,0.7,1307,0.332023,0.334654,-0.00462956,1
7,Steepest Descent,0.3,0.7,1308,0.332029,0.334648,-0.00462956,1
7,Steepest Descent,0.3,0.7,1309,0.332034,0.334643,-0.00462956,1
7,Steepest Descent,0.3,0.7,1310,0.332039,0.334637,-0.00462956,1
7,Steepest Descent,0.3,0.7,1311,0.332045,0.334632,-0.00462956,1
7,Steepest Descent,0.3,0.7,1312,0.33205,0.334626,-0.00462956,1
7,Steepest Descent,0.3,0.7,1313,0.332056,0.334621,-0.00462956,1
7,Steepest Descent,0.3,0.7,1314,0.332061,0.334616,-0.00462956,1
7,Steepest Descent,0.3,0.7,1315,0.332066,0.33461,-0.00462956,1
7,Steepest Descent,0.3,0.7,1316,0.332071,0.334605,-0.00462956,1
7,Steepest Descent,0.3,0.7,1317,0.332077,0.3346,-0.00462956,1
7,Steepest Descent,0.3,0.7,1318,0.332082,0.334594,-0.00462956,1
7,Steepest Descent,0.3,0.7,1319,0.332087,0.334589,-0.00462956,1
7,Steepest Descent,0.3,0.7,1320,0.332092,0.334584,-0.00462956,1
7,Steepest Descent,0.3,0.7,1321,0.332097,0.334578,-0.00462957,1
7,Steepest Descent,0.3,0.7,1322,0.332102,0.334573,-0.00462957,1
7,Steepest Descent,0.3,0.7,1323,0.332108,0.334568,-0.00462957,1
7,Steepest Descent,0.3,0.7,1324,0.332113,0.334563,-0.00462957,1
7,Steepest Descent,0.3,0.7,1325,0.332118,0.334558,-0.00462957,1
7,Steepest Descent,0.3,0.7,1326,0.332123,0.334553,-0.00462957,1
7,Steepest Descent,0.3,0.7,1327,0.332128,0.334548,-0.00462957,1
7,Steepest Descent,0.3,0.7,1328,0.332133,0.334542,-0.00462957,1
7,Steepest Descent,0.3,0.7,1329,0.332138,0.334537,-0.00462957,1
7,Steepest Descent,0.3,0.7,1330,0.332143,0.334532,-0.00462957,1
7,Steepest Descent,0.3,0.7,1331,0.332148,0.334527,-0.00462957,1
7,Steepest Descent,0.3,0.7,1332,0.332153,0.334522,-0.00462957,1
7,Steepest Descent,0.3,0.7,1333,0.332158,0.334517,-0.00462957,1
7,Steepest Descent,0.3,0.7,1334,0.332162,0.334512,-0.00462957,1
7,Steepest Descent,0.3,0.7,1335,0.332167,0.334508,-0.00462957,1
7,Steepest Descent,0.3,0.7,1336,0.332172,0.334503,-0.00462957,1
7,Steepest Descent,0.3,0.7,1337,0.332177,0.334498,-0.00462957,1
7,Steepest Descent,0.3,0.7,1338,0.332182,0.334493,-0.00462957,1
7,Steepest Descent,0.3,0.7,1339,0.332187,0.334488,-0.00462957,1
7,Steepest Descent,0.3,0.7,1340,0.332191,0.334483,-0.00462957,1
7,Steepest Descent,0.3,0.7,1341,0.332196,0.334478,-0.00462958,1
7,Steepest Descent,0.3,0.7,1342,0.332201,0.334474,-0.00462958,1
7,Steepest Descent,0.3,0.7,1343,0.332205,0.334469,-0.00462958,1
7,Steepest Descent,0.3,0.7,1344,0.33221,0.334464,-0.00462958,1
7,Steepest Descent,0.3,0.7,1345,0.332215,0.334459,-0.00462958,1
7,Steepest Descent,0.3,0.7,1346,0.332219,0.334455,-0.00462958,1
7,Steepest Descent,0.3,0.7,1347,0.332224,0.33445,-0.00462958,1
7,Steepest Descent,0.3,0.7,1348,0.332229,0.334445,-0.00462958,1
7,Steepest Descent,0.3,0.7,1349,0.332233,0.334441,-0.00462958,1
7,Steepest Descent,0.3,0.7,1350,0.332238,0.334436,-0.00462958,1
7,Steepest Descent,0.3,0.7,1351,0.332242,0.334431,-0.00462958,1
7,Steepest Descent,0.3,0.7,1352,0.332247,0.334427,-0.00462958,1
7,Steepest Descent,0.3,0.7,1353,0.332251,0.334422,-0.00462958,1
7,Steepest Descent,0.3,0.7,1354,0.332256,0.334418,-0.00462958,1
7,Steepest Descent,0.3,0.7,1355,0.33226,0.334413,-0.00462958,1
7,Steepest Descent,0.3,0.7,1356,0.332265,0.334409,-0.00462958,1
7,Steepest Descent,0.3,0.7,1357,0.332269,0.334404,-0.00462958,1
7,Steepest Descent,0.3,0.7,1358,0.332274,0.3344,-0.00462958,1
7,Steepest Descent,0.3,0.7,1359,0.332278,0.334395,-0.00462958,1
7,Steepest Descent,0.3,0.7,1360,0.332282,0.334391,-0.00462958,1
7,Steepest Descent,0.3,0.7,1361,0.332287,0.334386,-0.00462958,1
7,Steepest Descent,0.3,0.7,1362,0.332291,0.334382,-0.00462958,1
7,Steepest Descent,0.3,0.7,1363,0.332296,0.334378,-0.00462958,1
7,Steepest Descent,0.3,0.7,1364,0.3323,0.334373,-0.00462958,1
7,Steepest Descent,0.3,0.7,1365,0.332304,0.334369,-0.00462959,1
7,Steepest Descent,0.3,0.7,1366,0.332308,0.334365,-0.00462959,1
7,Steepest Descent,0.3,0.7,1367,0.332313,0.33436,-0.00462959,1
7,Steepest Descent,0.3,0.7,1368,0.332317,0.334356,-0.00462959,1
7,Steepest Descent,0.3,0.7,1369,0.332321,0.334352,-0.00462959,1
7,Steepest Descent,0.3,0.7,1370,0.332325,0.334347,-0.00462959,1
7,Steepest Descent,0.3,0.7,1371,0.33233,0.334343,-0.00462959,1
7,Steepest Descent,0.3,0.7,1372,0.332334,0.334339,-0.00462959,1
7,Steepest Descent,0.3,0.7,1373,0.332338,0.334335,-0.00462959,1
7,Steepest Descent,0.3,0.7,1374,0.332342,0.334331,-0.00462959,1
7,Steepest Descent,0.3,0.7,1375,0.332346,0.334326,-0.00462959,1
7,Steepest Descent,0.3,0.7,1376,0.33235,0.334322,-0.00462959,1
7,Steepest Descent,0.3,0.7,1377,0.332354,0.334318,-0.00462959,1
7,Steepest Descent,0.3,0.7,1378,0.332358,0.334314,-0.00462959,1
7,Steepest Descent,0.3,0.7,1379,0.332362,0.33431,-0.00462959,1
7,Steepest Descent,0.3,0.7,1380,0.332366,0.334306,-0.00462959,1
7,Steepest Descent,0.3,0.7,1381,0.33237,0.334302,-0.00462959,1
7,Steepest Descent,0.3,0.7,1382,0.332374,0.334298,-0.00462959,1
7,Steepest Descent,0.3,0.7,1383,0.332378,0.334294,-0.00462959,1
7,Steepest Descent,0.3,0.7,1384,0.332382,0.33429,-0.00462959,1
7,Steepest Descent,0.3,0.7,1385,0.332386,0.334286,-0.00462959,1
7,Steepest Descent,0.3,0.7,1386,0.33239,0.334282,-0.00462959,1
7,Steepest Descent,0.3,0.7,1387,0.332394,0.334278,-0.00462959,1
7,Steepest Descent,0.3,0.7,1388,0.332398,0.334274,-0.00462959,1
7,Steepest Descent,0.3,0.7,1389,0.332402,0.33427,-0.00462959,1
7,Steepest Descent,0.3,0.7,1390,0.332406,0.334266,-0.00462959,1
7,Steepest Descent,0.3,0.7,1391,0.33241,0.334262,-0.00462959,1
7,Steepest Descent,0.3,0.7,1392,0.332414,0.334258,-0.00462959,1
7,Steepest Descent,0.3,0.7,1393,0.332417,0.334254,-0.00462959,1
7,Steepest Descent,0.3,0.7,1394,0.332421,0.33425,-0.00462959,1
7,Steepest Descent,0.3,0.7,1395,0.332425,0.334247,-0.0046296,1
7,Steepest Descent,0.3,0.7,1396,0.332429,0.334243,-0.0046296,1
7,Steepest Descent,0.3,0.7,1397,0.332433,0.334239,-0.0046296,1
7,Steepest Descent,0.3,0.7,1398,0.332436,0.334235,-0.0046296,1
7,Steepest Descent,0.3,0.7,1399,0.33244,0.334231,-0.0046296,1
7,Steepest Descent,0.3,0.7,1400,0.332444,0.334228,-0.0046296,1
7,Steepest Descent,0.3,0.7,1401,0.332447,0.334224,-0.0046296,1
7,Steepest Descent,0.3,0.7,1402,0.332451,0.33422,-0.0046296,1
7,Steepest Descent,0.3,0.7,1403,0.332455,0.334217,-0.0046296,1
7,Steepest Descent,0.3,0.7,1404,0.332458,0.334213,-0.0046296,1
7,Steepest Descent,0.3,0.7,1405,0.332462,0.334209,-0.0046296,1
7,Steepest Descent,0.3,0.7,1406,0.332466,0.334206,-0.0046296,1
7,Steepest Descent,0.3,0.7,1407,0.332469,0.334202,-0.0046296,1
7,Steepest Descent,0.3,0.7,1408,0.332473,0.334198,-0.0046296,1
7,Steepest Descent,0.3,0.7,1409,0.332476,0.334195,-0.0046296,1
7,Steepest Descent,0.3,0.7,1410,0.33248,0.334191,-0.0046296,1
7,Steepest Descent,0.3,0.7,1411,0.332484,0.334187,-0.0046296,1
7,Steepest Descent,0.3,0.7,1412,0.332487,0.334184,-0.0046296,1
7,Steepest Descent,0.3,0.7,1413,0.332491,0.33418,-0.0046296,1
7,Steepest Descent,0.3,0.7,1414,0.332494,0.334177,-0.0046296,1
7,Steepest Descent,0.3,0.7,1415,0.332498,0.334173,-0.0046296,1
7,Steepest Descent,0.3,0.7,1416,0.332501,0.33417,-0.0046296,1
7,Steepest Descent,0.3,0.7,1417,0.332504,0.334166,-0.0046296,1
7,Steepest Descent,0.3,0.7,1418,0.332508,0.334163,-0.0046296,1
7,Steepest Descent,0.3,0.7,1419,0.332511,0.334159,-0.0046296,1
7,Steepest Descent,0.3,0.7,1420,0.332515,0.334156,-0.0046296,1
7,Steepest Descent,0.3,0.7,1421,0.332518,0.334152,-0.0046296,1
7,Steepest Descent,0.3,0.7,1422,0.332522,0.334149,-0.0046296,1
7,Steepest Descent,0.3,0.7,1423,0.332525,0.334146,-0.0046296,1
7,Steepest Descent,0.3,0.7,1424,0.332528,0.334142,-0.0046296,1
7,Steepest Descent,0.3,0.7,1425,0.332532,0.334139,-0.0046296,1
7,Steepest Descent,0.3,0.7,1426,0.332535,0.334135,-0.0046296,1
7,Steepest Descent,0.3,0.7,1427,0.332538,0.334132,-0.0046296,1
7,Steepest Descent,0.3,0.7,1428,0.332542,0.334129,-0.0046296,1
7,Steepest Descent,0.3,0.7,1429,0.332545,0.334125,-0.0046296,1
7,Steepest Descent,0.3,0.7,1430,0.332548,0.334122,-0.0046296,1
7,Steepest Descent,0.3,0.7,1431,0.332551,0.334119,-0.0046296,1
7,Steepest Descent,0.3,0.7,1432,0.332555,0.334116,-0.0046296,1
7,Steepest Descent,0.3,0.7,1433,0.332558,0.334112,-0.0046296,1
7,Steepest Descent,0.3,0.7,1434,0.332561,0.334109,-0.0046296,1
7,Steepest Descent,0.3,0.7,1435,0.332564,0.334106,-0.0046296,1
7,Steepest Descent,0.3,0.7,1436,0.332568,0.334103,-0.00462961,1
7,Steepest Descent,0.3,0.7,1437,0.332571,0.334099,-0.00462961,1
7,Steepest Descent,0.3,0.7,1438,0.332574,0.334096,-0.00462961,1
7,Steepest Descent,0.3,0.7,1439,0.332577,0.334093,-0.00462961,1
7,Steepest Descent,0.3,0.7,1440,0.33258,0.33409,-0.00462961,1
7,Steepest Descent,0.3,0.7,1441,0.332583,0.334087,-0.00462961,1
7,Steepest Descent,0.3,0.7,1442,0.332586,0.334084,-0.00462961,1
7,Steepest Descent,0.3,0.7,1443,0.33259,0.33408,-0.00462961,1
7,Steepest Descent,0.3,0.7,1444,0.332593,0.334077,-0.00462961,1
7,Steepest Descent,0.3,0.7,1445,0.332596,0.334074,-0.00462961,1
7,Steepest Descent,0.3,0.7,1446,0.332599,0.334071,-0.00462961,1
7,Steepest Descent,0.3,0.7,1447,0.332602,0.334068,-0.00462961,1
7,Steepest Descent,0.3,0.7,1448,0.332605,0.334065,-0.00462961,1
7,Steepest Descent,0.3,0.7,1449,0.332608,0.334062,-0.00462961,1
7,Steepest Descent,0.3,0.7,1450,0.332611,0.334059,-0.00462961,1
7,Steepest Descent,0.3,0.7,1451,0.332614,0.334056,-0.00462961,1
7,Steepest Descent,0.3,0.7,1452,0.332617,0.334053,-0.00462961,1
7,Steepest Descent,0.3,0.7,1453,0.33262,0.33405,-0.00462961,1
7,Steepest Descent,0.3,0.7,1454,0.332623,0.334047,-0.00462961,1
7,Steepest Descent,0.3,0.7,1455,0.332626,0.334044,-0.00462961,1
7,Steepest Descent,0.3,0.7,1456,0.332629,0.334041,-0.00462961,1
7,Steepest Descent,0.3,0.7,1457,0.332632,0.334038,-0.00462961,1
7,Steepest Descent,0.3,0.7,1458,0.332635,0.334035,-0.00462961,1
7,Steepest Descent,0.3,0.7,1459,0.332638,0.334032,-0.00462961,1
7,Steepest Descent,0.3,0.7,1460,0.33264,0.334029,-0.00462961,1
7,Steepest Descent,0.3,0.7,1461,0.332643,0.334026,-0.00462961,1
7,Steepest Descent,0.3,0.7,1462,0.332646,0.334023,-0.00462961,1
7,Steepest Descent,0.3,0.7,1463,0.332649,0.33402,-0.00462961,1
7,Steepest Descent,0.3,0.7,1464,0.332652,0.334018,-0.00462961,1
7,Steepest Descent,0.3,0.7,1465,0.332655,0.334015,-0.00462961,1
7,Steepest Descent,0.3,0.7,1466,0.332658,0.334012,-0.00462961,1
7,Steepest Descent,0.3,0.7,1467,0.33266,0.334009,-0.00462961,1
7,Steepest Descent,0.3,0.7,1468,0.332663,0.334006,-0.00462961,1
7,Steepest Descent,0.3,0.7,1469,0.332666,0.334003,-0.00462961,1
7,Steepest Descent,0.3,0.7,1470,0.332669,0.334001,-0.00462961,1
7,Steepest Descent,0.3,0.7,1471,0.332671,0.333998,-0.00462961,1
7,Steepest Descent,0.3,0.7,1472,0.332674,0.333995,-0.00462961,1
7,Steepest Descent,0.3,0.7,1473,0.332677,0.333992,-0.00462961,1
7,Steepest Descent,0.3,0.7,1474,0.33268,0.33399,-0.00462961,1
7,Steepest Descent,0.3,0.7,1475,0.332682,0.333987,-0.00462961,1
7,Steepest Descent,0.3,0.7,1476,0.332685,0.333984,-0.00462961,1
7,Steepest Descent,0.3,0.7,1477,0.332688,0.333981,-0.00462961,1
7,Steepest Descent,0.3,0.7,1478,0.332691,0.333979,-0.00462961,1
7,Steepest Descent,0.3,0.7,1479,0.332693,0.333976,-0.00462961,1
7,Steepest Descent,0.3,0.7,1480,0.332696,0.333973,-0.00462961,1
7,Steepest Descent,0.3,0.7,1481,0.332698,0.333971,-0.00462961,1
7,Steepest Descent,0.3,0.7,1482,0.332701,0.333968,-0.00462961,1
7,Steepest Descent,0.3,0.7,1483,0.332704,0.333965,-0.00462961,1
7,Steepest Descent,0.3,0.7,1484,0.332706,0.333963,-0.00462961,1
7,Steepest Descent,0.3,0.7,1485,0.332709,0.33396,-0.00462961,1
7,Steepest Descent,0.3,0.7,1486,0.332712,0.333957,-0.00462961,1
7,Steepest Descent,0.3,0.7,1487,0.332714,0.333955,-0.00462961,1
7,Steepest Descent,0.3,0.7,1488,0.332717,0.333952,-0.00462961,1
7,Steepest Descent,0.3,0.7,1489,0.332719,0.33395,-0.00462961,1
7,Steepest Descent,0.3,0.7,1490,0.332722,0.333947,-0.00462961,1
7,Steepest Descent,0.3,0.7,1491,0.332724,0.333944,-0.00462961,1
7,Steepest Descent,0.3,0.7,1492,0.332727,0.333942,-0.00462961,1
7,Steepest Descent,0.3,0.7,1493,0.332729,0.333939,-0.00462961,1
7,Steepest Descent,0.3,0.7,1494,0.332732,0.333937,-0.00462961,1
7,Steepest Descent,0.3,0.7,1495,0.332734,0.333934,-0.00462961,1
7,Steepest Descent,0.3,0.7,1496,0.332737,0.333932,-0.00462961,1
7,Steepest Descent,0.3,0.7,1497,0.332739,0.333929,-0.00462961,1
7,Steepest Descent,0.3,0.7,1498,0.332742,0.333927,-0.00462962,1
7,Steepest Descent,0.3,0.7,1499,0.332744,0.333924,-0.00462962,1
7,Steepest Descent,0.3,0.7,1500,0.332747,0.333922,-0.00462962,1
7,Steepest Descent,0.3,0.7,1501,0.332749,0.333919,-0.00462962,1
7,Steepest Descent,0.3,0.7,1502,0.332752,0.333917,-0.00462962,1
7,Steepest Descent,0.3,0.7,1503,0.332754,0.333915,-0.00462962,1
7,Steepest Descent,0.3,0.7,1504,0.332757,0.333912,-0.00462962,1
7,Steepest Descent,0.3,0.7,1505,0.332759,0.33391,-0.00462962,1
7,Steepest Descent,0.3,0.7,1506,0.332761,0.333907,-0.00462962,1
7,Steepest Descent,0.3,0.7,1507,0.332764,0.333905,-0.00462962,1
7,Steepest Descent,0.3,0.7,1508,0.332766,0.333903,-0.00462962,1
7,Steepest Descent,0.3,0.7,1509,0.332768,0.3339,-0.00462962,1
7,Steepest Descent,0.3,0.7,1510,0.332771,0.333898,-0.00462962,1
7,Steepest Descent,0.3,0.7,1511,0.332773,0.333895,-0.00462962,1
7,Steepest Descent,0.3,0.7,1512,0.332775,0.333893,-0.00462962,1
7,Steepest Descent,0.3,0.7,1513,0.332778,0.333891,-0.00462962,1
7,Steepest Descent,0.3,0.7,1514,0.33278,0.333888,-0.00462962,1
7,Steepest Descent,0.3,0.7,1515,0.332782,0.333886,-0.00462962,1
7,Steepest Descent,0.3,0.7,1516,0.332785,0.333884,-0.00462962,1
7,Steepest Descent,0.3,0.7,1517,0.332787,0.333882,-0.00462962,1
7,Steepest Descent,0.3,0.7,1518,0.332789,0.333879,-0.00462962,1
7,Steepest Descent,0.3,0.7,1519,0.332791,0.333877,-0.00462962,1
7,Steepest Descent,0.3,0.7,1520,0.332794,0.333875,-0.00462962,1
7,Steepest Descent,0.3,0.7,1521,0.332796,0.333872,-0.00462962,1
7,Steepest Descent,0.3,0.7,1522,0.332798,0.33387,-0.00462962,1
7,Steepest Descent,0.3,0.7,1523,0.3328,0.333868,-0.00462962,1
7,Steepest Descent,0.3,0.7,1524,0.332803,0.333866,-0.00462962,1
7,Steepest Descent,0.3,0.7,1525,0.332805,0.333863,-0.00462962,1
7,Steepest Descent,0.3,0.7,1526,0.332807,0.333861,-0.00462962,1
7,Steepest Descent,0.3,0.7,1527,0.332809,0.333859,-0.00462962,1
7,Steepest Descent,0.3,0.7,1528,0.332811,0.333857,-0.00462962,1
7,Steepest Descent,0.3,0.7,1529,0.332814,0.333855,-0.00462962,1
7,Steepest Descent,0.3,0.7,1530,0.332816,0.333852,-0.00462962,1
7,Steepest Descent,0.3,0.7,1531,0.332818,0.33385,-0.00462962,1
7,Steepest Descent,0.3,0.7,1532,0.33282,0.333848,-0.00462962,1
7,Steepest Descent,0.3,0.7,1533,0.332822,0.333846,-0.00462962,1
7,Steepest Descent,0.3,0.7,1534,0.332824,0.333844,-0.00462962,1
7,Steepest Descent,0.3,0.7,1535,0.332826,0.333842,-0.00462962,1
7,Steepest Descent,0.3,0.7,1536,0.332829,0.33384,-0.00462962,1
7,Steepest Descent,0.3,0.7,1537,0.332831,0.333838,-0.00462962,1
7,Steepest Descent,0.3,0.7,1538,0.332833,0.333835,-0.00462962,1
7,Steepest Descent,0.3,0.7,1539,0.332835,0.333833,-0.00462962,1
7,Steepest Descent,0.3,0.7,1540,0.332837,0.333831,-0.00462962,1
7,Steepest Descent,0.3,0.7,1541,0.332839,0.333829,-0.00462962,1
7,Steepest Descent,0.3,0.7,1542,0.332841,0.333827,-0.00462962,1
7,Steepest Descent,0.3,0.7,1543,0.332843,0.333825,-0.00462962,1
7,Steepest Descent,0.3,0.7,1544,0.332845,0.333823,-0.00462962,1
7,Steepest Descent,0.3,0.7,1545,0.332847,0.333821,-0.00462962,1
7,Steepest Descent,0.3,0.7,1546,0.332849,0.333819,-0.00462962,1
7,Steepest Descent,0.3,0.7,1547,0.332851,0.333817,-0.00462962,1
7,Steepest Descent,0.3,0.7,1548,0.332853,0.333815,-0.00462962,1
7,Steepest Descent,0.3,0.7,1549,0.332855,0.333813,-0.00462962,1
7,Steepest Descent,0.3,0.7,1550,0.332857,0.333811,-0.00462962,1
7,Steepest Descent,0.3,0.7,1551,0.332859,0.333809,-0.00462962,1
7,Steepest Descent,0.3,0.7,1552,0.332861,0.333807,-0.00462962,1
7,Steepest Descent,0.3,0.7,1553,0.332863,0.333805,-0.00462962,1
7,Steepest Descent,0.3,0.7,1554,0.332865,0.333803,-0.00462962,1
7,Steepest Descent,0.3,0.7,1555,0.332867,0.333801,-0.00462962,1
7,Steepest Descent,0.3,0.7,1556,0.332869,0.333799,-0.00462962,1
7,Steepest Descent,0.3,0.7,1557,0.332871,0.333797,-0.00462962,1
7,Steepest Descent,0.3,0.7,1558,0.332873,0.333795,-0.00462962,1
7,Steepest Descent,0.3,0.7,1559,0.332875,0.333793,-0.00462962,1
7,Steepest Descent,0.3,0.7,1560,0.332877,0.333791,-0.00462962,1
7,Steepest Descent,0.3,0.7,1561,0.332879,0.333789,-0.00462962,1
7,Steepest Descent,0.3,0.7,1562,0.33288,0.333787,-0.00462962,1
7,Steepest Descent,0.3,0.7,1563,0.332882,0.333786,-0.00462962,1
7,Steepest Descent,0.3,0.7,1564,0.332884,0.333784,-0.00462962,1
7,Steepest Descent,0.3,0.7,1565,0.332886,0.333782,-0.00462962,1
7,Steepest Descent,0.3,0.7,1566,0.332888,0.33378,-0.00462962,1
7,Steepest Descent,0.3,0.7,1567,0.33289,0.333778,-0.00462962,1
7,Steepest Descent,0.3,0.7,1568,0.332892,0.333776,-0.00462962,1
7,Steepest Descent,0.3,0.7,1569,0.332893,0.333774,-0.00462962,1
7,Steepest Descent,0.3,0.7,1570,0.332895,0.333773,-0.00462962,1
7,Steepest Descent,0.3,0.7,1571,0.332897,0.333771,-0.00462962,1
7,Steepest Descent,0.3,0.7,1572,0.332899,0.333769,-0.00462962,1
7,Steepest Descent,0.3,0.7,1573,0.332901,0.333767,-0.00462962,1
7,Steepest Descent,0.3,0.7,1574,0.332903,0.333765,-0.00462962,1
7,Steepest Descent,0.3,0.7,1575,0.332904,0.333763,-0.00462962,1
7,Steepest Descent,0.3,0.7,1576,0.332906,0.333762,-0.00462962,1
7,Steepest Descent,0.3,0.7,1577,0.332908,0.33376,-0.00462962,1
7,Steepest Descent,0.3,0.7,1578,0.33291,0.333758,-0.00462962,1
7,Steepest Descent,0.3,0.7,1579,0.332911,0.333756,-0.00462962,1
7,Steepest Descent,0.3,0.7,1580,0.332913,0.333755,-0.00462962,1
7,Steepest Descent,0.3,0.7,1581,0.332915,0.333753,-0.00462962,1
7,Steepest Descent,0.3,0.7,1582,0.332917,0.333751,-0.00462962,1
7,Steepest Descent,0.3,0.7,1583,0.332918,0.333749,-0.00462962,1
7,Steepest Descent,0.3,0.7,1584,0.33292,0.333748,-0.00462962,1
7,Steepest Descent,0.3,0.7,1585,0.332922,0.333746,-0.00462962,1
7,Steepest Descent,0.3,0.7,1586,0.332924,0.333744,-0.00462962,1
7,Steepest Descent,0.3,0.7,1587,0.332925,0.333742,-0.00462962,1
7,Steepest Descent,0.3,0.7,1588,0.332927,0.333741,-0.00462962,1
7,Steepest Descent,0.3,0.7,1589,0.332929,0.333739,-0.00462962,1
7,Steepest Descent,0.3,0.7,1590,0.33293,0.333737,-0.00462962,1
7,Steepest Descent,0.3,0.7,1591,0.332932,0.333736,-0.00462962,1
7,Steepest Descent,0.3,0.7,1592,0.332934,0.333734,-0.00462962,1
7,Steepest Descent,0.3,0.7,1593,0.332935,0.333732,-0.00462962,1
7,Steepest Descent,0.3,0.7,1594,0.332937,0.333731,-0.00462962,1
7,Steepest Descent,0.3,0.7,1595,0.332939,0.333729,-0.00462962,1
7,Steepest Descent,0.3,0.7,1596,0.33294,0.333727,-0.00462962,1
7,Steepest Descent,0.3,0.7,1597,0.332942,0.333726,-0.00462962,1
7,Steepest Descent,0.3,0.7,1598,0.332944,0.333724,-0.00462962,1
7,Steepest Descent,0.3,0.7,1599,0.332945,0.333722,-0.00462962,1
7,Steepest Descent,0.3,0.7,1600,0.332947,0.333721,-0.00462962,1
7,Steepest Descent,0.3,0.7,1601,0.332948,0.333719,-0.00462962,1
7,Steepest Descent,0.3,0.7,1602,0.33295,0.333718,-0.00462962,1
7,Steepest Descent,0.3,0.7,1603,0.332952,0.333716,-0.00462962,1
7,Steepest Descent,0.3,0.7,1604,0.332953,0.333714,-0.00462962,1
7,Steepest Descent,0.3,0.7,1605,0.332955,0.333713,-0.00462962,1
7,Steepest Descent,0.3,0.7,1606,0.332956,0.333711,-0.00462962,1
7,Steepest Descent,0.3,0.7,1607,0.332958,0.33371,-0.00462962,1
7,Steepest Descent,0.3,0.7,1608,0.332959,0.333708,-0.00462962,1
7,Steepest Descent,0.3,0.7,1609,0.332961,0.333706,-0.00462962,1
7,Steepest Descent,0.3,0.7,1610,0.332963,0.333705,-0.00462962,1
7,Steepest Descent,0.3,0.7,1611,0.332964,0.333703,-0.00462962,1
7,Steepest Descent,0.3,0.7,1612,0.332966,0.333702,-0.00462962,1
7,Steepest Descent,0.3,0.7,1613,0.332967,0.3337,-0.00462962,1
7,Steepest Descent,0.3,0.7,1614,0.332969,0.333699,-0.00462962,1
7,Steepest Descent,0.3,0.7,1615,0.33297,0.333697,-0.00462962,1
7,Steepest Descent,0.3,0.7,1616,0.332972,0.333696,-0.00462962,1
7,Steepest Descent,0.3,0.7,1617,0.332973,0.333694,-0.00462962,1
7,Steepest Descent,0.3,0.7,1618,0.332975,0.333693,-0.00462962,1
7,Steepest Descent,0.3,0.7,1619,0.332976,0.333691,-0.00462962,1
7,Steepest Descent,0.3,0.7,1620,0.332978,0.33369,-0.00462962,1
7,Steepest Descent,0.3,0.7,1621,0.332979,0.333688,-0.00462962,1
7,Steepest Descent,0.3,0.7,1622,0.332981,0.333687,-0.00462962,1
7,Steepest Descent,0.3,0.7,1623,0.332982,0.333685,-0.00462962,1
7,Steepest Descent,0.3,0.7,1624,0.332984,0.333684,-0.00462962,1
7,Steepest Descent,0.3,0.7,1625,0.332985,0.333682,-0.00462962,1
7,Steepest Descent,0.3,0.7,1626,0.332987,0.333681,-0.00462962,1
7,Steepest Descent,0.3,0.7,1627,0.332988,0.333679,-0.00462962,1
7,Steepest Descent,0.3,0.7,1628,0.332989,0.333678,-0.00462962,1
7,Steepest Descent,0.3,0.7,1629,0.332991,0.333677,-0.00462962,1
7,Steepest Descent,0.3,0.7,1630,0.332992,0.333675,-0.00462962,1
7,Steepest Descent,0.3,0.7,1631,0.332994,0.333674,-0.00462962,1
7,Steepest Descent,0.3,0.7,1632,0.332995,0.333672,-0.00462962,1
7,Steepest Descent,0.3,0.7,1633,0.332996,0.333671,-0.00462962,1
7,Steepest Descent,0.3,0.7,1634,0.332998,0.333669,-0.00462962,1
7,Steepest Descent,0.3,0.7,1635,0.332999,0.333668,-0.00462962,1
7,Steepest Descent,0.3,0.7,1636,0.333001,0.333667,-0.00462963,1
7,Steepest Descent,0.3,0.7,1637,0.333002,0.333665,-0.00462963,1
7,Steepest Descent,0.3,0.7,1638,0.333003,0.333664,-0.00462963,1
7,Steepest Descent,0.3,0.7,1639,0.333005,0.333662,-0.00462963,1
7,Steepest Descent,0.3,0.7,1640,0.333006,0.333661,-0.00462963,1
7,Steepest Descent,0.3,0.7,1641,0.333008,0.33366,-0.00462963,1
7,Steepest Descent,0.3,0.7,1642,0.333009,0.333658,-0.00462963,1
7,Steepest Descent,0.3,0.7,1643,0.33301,0.333657,-0.00462963,1
7,Steepest Descent,0.3,0.7,1644,0.333012,0.333656,-0.00462963,1
7,Steepest Descent,0.3,0.7,1645,0.333013,0.333654,-0.00462963,1
7,Steepest Descent,0.3,0.7,1646,0.333014,0.333653,-0.00462963,1
7,Steepest Descent,0.3,0.7,1647,0.333016,0.333652,-0.00462963,1
7,Steepest Descent,0.3,0.7,1648,0.333017,0.33365,-0.00462963,1
7,Steepest Descent,0.3,0.7,1649,0.333018,0.333649,-0.00462963,1
7,Steepest Descent,0.3,0.7,1650,0.33302,0.333648,-0.00462963,1
7,Steepest Descent,0.3,0.7,1651,0.333021,0.333646,-0.00462963,1
7,Steepest Descent,0.3,0.7,1652,0.333022,0.333645,-0.00462963,1
7,Steepest Descent,0.3,0.7,1653,0.333023,0.333644,-0.00462963,1
7,Steepest Descent,0.3,0.7,1654,0.333025,0.333642,-0.00462963,1
7,Steepest Descent,0.3,0.7,1655,0.333026,0.333641,-0.00462963,1
7,Steepest Descent,0.3,0.7,1656,0.333027,0.33364,-0.00462963,1
7,Steepest Descent,0.3,0.7,1657,0.333029,0.333639,-0.00462963,1
7,Steepest Descent,0.3,0.7,1658,0.33303,0.333637,-0.00462963,1
7,Steepest Descent,0.3,0.7,1659,0.333031,0.333636,-0.00462963,1
7,Steepest Descent,0.3,0.7,1660,0.333032,0.333635,-0.00462963,1
7,Steepest Descent,0.3,0.7,1661,0.333034,0.333634,-0.00462963,1
7,Steepest Descent,0.3,0.7,1662,0.333035,0.333632,-0.00462963,1
7,Steepest Descent,0.3,0.7,1663,0.333036,0.333631,-0.00462963,1
7,Steepest Descent,0.3,0.7,1664,0.333037,0.33363,-0.00462963,1
7,Steepest Descent,0.3,0.7,1665,0.333039,0.333629,-0.00462963,1
7,Steepest Descent,0.3,0.7,1666,0.33304,0.333627,-0.00462963,1
7,Steepest Descent,0.3,0.7,1667,0.333041,0.333626,-0.00462963,1
7,Steepest Descent,0.3,0.7,1668,0.333042,0.333625,-0.00462963,1
7,Steepest Descent,0.3,0.7,1669,0.333043,0.333624,-0.00462963,1
7,Steepest Descent,0.3,0.7,1670,0.333045,0.333622,-0.00462963,1
7,Steepest Descent,0.3,0.7,1671,0.333046,0.333621,-0.00462963,1
7,Steepest Descent,0.3,0.7,1672,0.333047,0.33362,-0.00462963,1
7,Steepest Descent,0.3,0.7,1673,0.333048,0.333619,-0.00462963,1
7,Steepest Descent,0.3,0.7,1674,0.333049,0.333618,-0.00462963,1
7,Steepest Descent,0.3,0.7,1675,0.333051,0.333617,-0.00462963,1
7,Steepest Descent,0.3,0.7,1676,0.333052,0.333615,-0.00462963,1
7,Steepest Descent,0.3,0.7,1677,0.333053,0.333614,-0.00462963,1
7,Steepest Descent,0.3,0.7,1678,0.333054,0.333613,-0.00462963,1
7,Steepest Descent,0.3,0.7,1679,0.333055,0.333612,-0.00462963,1
7,Steepest Descent,0.3,0.7,1680,0.333056,0.333611,-0.00462963,1
7,Steepest Descent,0.3,0.7,1681,0.333058,0.33361,-0.00462963,1
7,Steepest Descent,0.3,0.7,1682,0.333059,0.333608,-0.00462963,1
7,Steepest Descent,0.3,0.7,1683,0.33306,0.333607,-0.00462963,1
7,Steepest Descent,0.3,0.7,1684,0.333061,0.333606,-0.00462963,1
7,Steepest Descent,0.3,0.7,1685,0.333062,0.333605,-0.00462963,1
7,Steepest Descent,0.3,0.7,1686,0.333063,0.333604,-0.00462963,1
7,Steepest Descent,0.3,0.7,1687,0.333064,0.333603,-0.00462963,1
7,Steepest Descent,0.3,0.7,1688,0.333066,0.333602,-0.00462963,1
7,Steepest Descent,0.3,0.7,1689,0.333067,0.3336,-0.00462963,1
7,Steepest Descent,0.3,0.7,1690,0.333068,0.333599,-0.00462963,1
7,Steepest Descent,0.3,0.7,1691,0.333069,0.333598,-0.00462963,1
7,Steepest Descent,0.3,0.7,1692,0.33307,0.333597,-0.00462963,1
7,Steepest Descent,0.3,0.7,1693,0.333071,0.333596,-0.00462963,1
7,Steepest Descent,0.3,0.7,1694,0.333072,0.333595,-0.00462963,1
7,Steepest Descent,0.3,0.7,1695,0.333073,0.333594,-0.00462963,1
7,Steepest Descent,0.3,0.7,1696,0.333074,0.333593,-0.00462963,1
7,Steepest Descent,0.3,0.7,1697,0.333075,0.333592,-0.00462963,1
7,Steepest Descent,0.3,0.7,1698,0.333076,0.333591,-0.00462963,1
7,Steepest Descent,0.3,0.7,1699,0.333078,0.333589,-0.00462963,1
7,Steepest Descent,0.3,0.7,1700,0.333079,0.333588,-0.00462963,1
7,Steepest Descent,0.3,0.7,1701,0.33308,0.333587,-0.00462963,1
7,Steepest Descent,0.3,0.7,1702,0.333081,0.333586,-0.00462963,1
7,Steepest Descent,0.3,0.7,1703,0.333082,0.333585,-0.00462963,1
7,Steepest Descent,0.3,0.7,1704,0.333083,0.333584,-0.00462963,1
7,Steepest Descent,0.3,0.7,1705,0.333084,0.333583,-0.00462963,1
7,Steepest Descent,0.3,0.7,1706,0.333085,0.333582,-0.00462963,1
7,Steepest Descent,0.3,0.7,1707,0.333086,0.333581,-0.00462963,1
7,Steepest Descent,0.3,0.7,1708,0.333087,0.33358,-0.00462963,1
7,Steepest Descent,0.3,0.7,1709,0.333088,0.333579,-0.00462963,1
7,Steepest Descent,0.3,0.7,1710,0.333089,0.333578,-0.00462963,1
7,Steepest Descent,0.3,0.7,1711,0.33309,0.333577,-0.00462963,1
7,Steepest Descent,0.3,0.7,1712,0.333091,0.333576,-0.00462963,1
7,Steepest Descent,0.3,0.7,1713,0.333092,0.333575,-0.00462963,1
7,Steepest Descent,0.3,0.7,1714,0.333093,0.333574,-0.00462963,1
7,Steepest Descent,0.3,0.7,1715,0.333094,0.333573,-0.00462963,1
7,Steepest Descent,0.3,0.7,1716,0.333095,0.333572,-0.00462963,1
7,Steepest Descent,0.3,0.7,1717,0.333096,0.333571,-0.00462963,1
7,Steepest Descent,0.3,0.7,1718,0.333097,0.33357,-0.00462963,1
7,Steepest Descent,0.3,0.7,1719,0.333098,0.333569,-0.00462963,1
7,Steepest Descent,0.3,0.7,1720,0.333099,0.333568,-0.00462963,1
7,Steepest Descent,0.3,0.7,1721,0.3331,0.333567,-0.00462963,1
7,Steepest Descent,0.3,0.7,1722,0.333101,0.333566,-0.00462963,1
7,Steepest Descent,0.3,0.7,1723,0.333102,0.333565,-0.00462963,1
7,Steepest Descent,0.3,0.7,1724,0.333103,0.333564,-0.00462963,1
7,Steepest Descent,0.3,0.7,1725,0.333104,0.333563,-0.00462963,1
7,Steepest Descent,0.3,0.7,1726,0.333105,0.333562,-0.00462963,1
7,Steepest Descent,0.3,0.7,1727,0.333106,0.333561,-0.00462963,1
7,Steepest Descent,0.3,0.7,1728,0.333107,0.33356,-0.00462963,1
7,Steepest Descent,0.3,0.7,1729,0.333108,0.333559,-0.00462963,1
7,Steepest Descent,0.3,0.7,1730,0.333109,0.333558,-0.00462963,1
7,Steepest Descent,0.3,0.7,1731,0.33311,0.333557,-0.00462963,1
7,Steepest Descent,0.3,0.7,1732,0.33311,0.333557,-0.00462963,1
7,Steepest Descent,0.3,0.7,1733,0.333111,0.333556,-0.00462963,1
7,Steepest Descent,0.3,0.7,1734,0.333112,0.333555,-0.00462963,1
7,Steepest Descent,0.3,0.7,1735,0.333113,0.333554,-0.00462963,1
7,Steepest Descent,0.3,0.7,1736,0.333114,0.333553,-0.00462963,1
7,Steepest Descent,0.3,0.7,1737,0.333115,0.333552,-0.00462963,1
7,Steepest Descent,0.3,0.7,1738,0.333116,0.333551,-0.00462963,1
7,Steepest Descent,0.3,0.7,1739,0.333117,0.33355,-0.00462963,1
7,Steepest Descent,0.3,0.7,1740,0.333118,0.333549,-0.00462963,1
7,Steepest Descent,0.3,0.7,1741,0.333119,0.333548,-0.00462963,1
7,Steepest Descent,0.3,0.7,1742,0.33312,0.333547,-0.00462963,1
7,Steepest Descent,0.3,0.7,1743,0.33312,0.333546,-0.00462963,1
7,Steepest Descent,0.3,0.7,1744,0.333121,0.333546,-0.00462963,1
7,Steepest Descent,0.3,0.7,1745,0.333122,0.333545,-0.00462963,1
7,Steepest Descent,0.3,0.7,1746,0.333123,0.333544,-0.00462963,1
7,Steepest Descent,0.3,0.7,1747,0.333124,0.333543,-0.00462963,1
7,Steepest Descent,0.3,0.7,1748,0.333125,0.333542,-0.00462963,1
7,Steepest Descent,0.3,0.7,1749,0.333126,0.333541,-0.00462963,1
7,Steepest Descent,0.3,0.7,1750,0.333127,0.33354,-0.00462963,1
7,Steepest Descent,0.3,0.7,1751,0.333127,0.333539,-0.00462963,1
7,Steepest Descent,0.3,0.7,1752,0.333128,0.333539,-0.00462963,1
7,Steepest Descent,0.3,0.7,1753,0.333129,0.333538,-0.00462963,1
7,Steepest Descent,0.3,0.7,1754,0.33313,0.333537,-0.00462963,1
7,Steepest Descent,0.3,0.7,1755,0.333131,0.333536,-0.00462963,1
7,Steepest Descent,0.3,0.7,1756,0.333132,0.333535,-0.00462963,1
7,Steepest Descent,0.3,0.7,1757,0.333133,0.333534,-0.00462963,1
7,Steepest Descent,0.3,0.7,1758,0.333133,0.333534,-0.00462963,1
7,Steepest Descent,0.3,0.7,1759,0.333134,0.333533,-0.00462963,1
7,Steepest Descent,0.3,0.7,1760,0.333135,0.333532,-0.00462963,1
7,Steepest Descent,0.3,0.7,1761,0.333136,0.333531,-0.00462963,1
7,Steepest Descent,0.3,0.7,1762,0.333137,0.33353,-0.00462963,1
7,Steepest Descent,0.3,0.7,1763,0.333138,0.333529,-0.00462963,1
7,Steepest Descent,0.3,0.7,1764,0.333138,0.333529,-0.00462963,1
7,Steepest Descent,0.3,0.7,1765,0.333139,0.333528,-0.00462963,1
7,Steepest Descent,0.3,0.7,1766,0.33314,0.333527,-0.00462963,1
7,Steepest Descent,0.3,0.7,1767,0.333141,0.333526,-0.00462963,1
7,Steepest Descent,0.3,0.7,1768,0.333142,0.333525,-0.00462963,1
7,Steepest Descent,0.3,0.7,1769,0.333142,0.333525,-0.00462963,1
7,Steepest Descent,0.3,0.7,1770,0.333143,0.333524,-0.00462963,1
7,Steepest Descent,0.3,0.7,1771,0.333144,0.333523,-0.00462963,1
7,Steepest Descent,0.3,0.7,1772,0.333145,0.333522,-0.00462963,1
7,Steepest Descent,0.3,0.7,1773,0.333146,0.333521,-0.00462963,1
7,Steepest Descent,0.3,0.7,1774,0.333146,0.333521,-0.00462963,1
7,Steepest Descent,0.3,0.7,1775,0.333147,0.33352,-0.00462963,1
7,Steepest Descent,0.3,0.7,1776,0.333148,0.333519,-0.00462963,1
7,Steepest Descent,0.3,0.7,1777,0.333149,0.333518,-0.00462963,1
7,Steepest Descent,0.3,0.7,1778,0.333149,0.333517,-0.00462963,1
7,Steepest Descent,0.3,0.7,1779,0.33315,0.333517,-0.00462963,1
7,Steepest Descent,0.3,0.7,1780,0.333151,0.333516,-0.00462963,1
7,Steepest Descent,0.3,0.7,1781,0.333152,0.333515,-0.00462963,1
7,Steepest Descent,0.3,0.7,1782,0.333152,0.333514,-0.00462963,1
7,Steepest Descent,0.3,0.7,1783,0.333153,0.333514,-0.00462963,1
7,Steepest Descent,0.3,0.7,1784,0.333154,0.333513,-0.00462963,1
7,Steepest Descent,0.3,0.7,1785,0.333155,0.333512,-0.00462963,1
7,Steepest Descent,0.3,0.7,1786,0.333155,0.333511,-0.00462963,1
7,Steepest Descent,0.3,0.7,1787,0.333156,0.333511,-0.00462963,1
7,Steepest Descent,0.3,0.7,1788,0.333157,0.33351,-0.00462963,1
7,Steepest Descent,0.3,0.7,1789,0.333158,0.333509,-0.00462963,1
7,Steepest Descent,0.3,0.7,1790,0.333158,0.333508,-0.00462963,1
7,Steepest Descent,0.3,0.7,1791,0.333159,0.333508,-0.00462963,1
7,Steepest Descent,0.3,0.7,1792,0.33316,0.333507,-0.00462963,1
7,Steepest Descent,0.3,0.7,1793,0.333161,0.333506,-0.00462963,1
7,Steepest Descent,0.3,0.7,1794,0.333161,0.333506,-0.00462963,1
7,Steepest Descent,0.3,0.7,1795,0.333162,0.333505,-0.00462963,1
7,Steepest Descent,0.3,0.7,1796,0.333163,0.333504,-0.00462963,1
7,Steepest Descent,0.3,0.7,1797,0.333163,0.333503,-0.00462963,1
7,Steepest Descent,0.3,0.7,1798,0.333164,0.333503,-0.00462963,1
7,Steepest Descent,0.3,0.7,1799,0.333165,0.333502,-0.00462963,1
7,Steepest Descent,0.3,0.7,1800,0.333166,0.333501,-0.00462963,1
7,Steepest Descent,0.3,0.7,1801,0.333166,0.333501,-0.00462963,1
7,Steepest Descent,0.3,0.7,1802,0.333167,0.3335,-0.00462963,1
7,Steepest Descent,0.3,0.7,1803,0.333168,0.333499,-0.00462963,1
7,Steepest Descent,0.3,0.7,1804,0.333168,0.333499,-0.00462963,1
7,Steepest Descent,0.3,0.7,1805,0.333169,0.333498,-0.00462963,1
7,Steepest Descent,0.3,0.7,1806,0.33317,0.333497,-0.00462963,1
7,Steepest Descent,0.3,0.7,1807,0.33317,0.333496,-0.00462963,1
7,Steepest Descent,0.3,0.7,1808,0.333171,0.333496,-0.00462963,1
7,Steepest Descent,0.3,0.7,1809,0.333172,0.333495,-0.00462963,1
7,Steepest Descent,0.3,0.7,1810,0.333172,0.333494,-0.00462963,1
7,Steepest Descent,0.3,0.7,1811,0.333173,0.333494,-0.00462963,1
7,Steepest Descent,0.3,0.7,1812,0.333174,0.333493,-0.00462963,1
7,Steepest Descent,0.3,0.7,1813,0.333174,0.333492,-0.00462963,1
7,Steepest Descent,0.3,0.7,1814,0.333175,0.333492,-0.00462963,1
7,Steepest Descent,0.3,0.7,1815,0.333176,0.333491,-0.00462963,1
7,Steepest Descent,0.3,0.7,1816,0.333176,0.33349,-0.00462963,1
7,Steepest Descent,0.3,0.7,1817,0.333177,0.33349,-0.00462963,1
7,Steepest Descent,0.3,0.7,1818,0.333178,0.333489,-0.00462963,1
7,Steepest Descent,0.3,0.7,1819,0.333178,0.333488,-0.00462963,1
7,Steepest Descent,0.3,0.7,1820,0.333179,0.333488,-0.00462963,1
7,Steepest Descent,0.3,0.7,1821,0.33318,0.333487,-0.00462963,1
7,Steepest Descent,0.3,0.7,1822,0.33318,0.333487,-0.00462963,1
7,Steepest Descent,0.3,0.7,1823,0.333181,0.333486,-0.00462963,1
7,Steepest Descent,0.3,0.7,1824,0.333182,0.333485,-0.00462963,1
7,Steepest Descent,0.3,0.7,1825,0.333182,0.333485,-0.00462963,1
7,Steepest Descent,0.3,0.7,1826,0.333183,0.333484,-0.00462963,1
7,Steepest Descent,0.3,0.7,1827,0.333183,0.333483,-0.00462963,1
7,Steepest Descent,0.3,0.7,1828,0.333184,0.333483,-0.00462963,1
7,Steepest Descent,0.3,0.7,1829,0.333185,0.333482,-0.00462963,1
7,Steepest Descent,0.3,0.7,1830,0.333185,0.333482,-0.00462963,1
7,Steepest Descent,0.3,0.7,1831,0.333186,0.333481,-0.00462963,1
7,Steepest Descent,0.3,0.7,1832,0.333187,0.33348,-0.00462963,1
7,Steepest Descent,0.3,0.7,1833,0.333187,0.33348,-0.00462963,1
7,Steepest Descent,0.3,0.7,1834,0.333188,0.333479,-0.00462963,1
7,Steepest Descent,0.3,0.7,1835,0.333188,0.333478,-0.00462963,1
7,Steepest Descent,0.3,0.7,1836,0.333189,0.333478,-0.00462963,1
7,Steepest Descent,0.3,0.7,1837,0.33319,0.333477,-0.00462963,1
7,Steepest Descent,0.3,0.7,1838,0.33319,0.333477,-0.00462963,1
7,Steepest Descent,0.3,0.7,1839,0.333191,0.333476,-0.00462963,1
7,Steepest Descent,0.3,0.7,1840,0.333191,0.333475,-0.00462963,1
7,Steepest Descent,0.3,0.7,1841,0.333192,0.333475,-0.00462963,1
7,Steepest Descent,0.3,0.7,1842,0.333193,0.333474,-0.00462963,1
7,Steepest Descent,0.3,0.7,1843,0.333193,0.333474,-0.00462963,1
7,Steepest Descent,0.3,0.7,1844,0.333194,0.333473,-0.00462963,1
7,Steepest Descent,0.3,0.7,1845,0.333194,0.333473,-0.00462963,1
7,Steepest Descent,0.3,0.7,1846,0.333195,0.333472,-0.00462963,1
7,Steepest Descent,0.3,0.7,1847,0.333195,0.333471,-0.00462963,1
7,Steepest Descent,0.3,0.7,1848,0.333196,0.333471,-0.00462963,1
7,Steepest Descent,0.3,0.7,1849,0.333197,0.33347,-0.00462963,1
7,Steepest Descent,0.3,0.7,1850,0.333197,0.33347,-0.00462963,1
7,Steepest Descent,0.3,0.7,1851,0.333198,0.333469,-0.00462963,1
7,Steepest Descent,0.3,0.7,1852,0.333198,0.333469,-0.00462963,1
7,Steepest Descent,0.3,0.7,1853,0.333199,0.333468,-0.00462963,1
7,Steepest Descent,0.3,0.7,1854,0.333199,0.333467,-0.00462963,1
7,Steepest Descent,0.3,0.7,1855,0.3332,0.333467,-0.00462963,1
7,Steepest Descent,0.3,0.7,1856,0.3332,0.333466,-0.00462963,1
7,Steepest Descent,0.3,0.7,1857,0.333201,0.333466,-0.00462963,1
7,Steepest Descent,0.3,0.7,1858,0.333202,0.333465,-0.00462963,1
7,Steepest Descent,0.3,0.7,1859,0.333202,0.333465,-0.00462963,1
7,Steepest Descent,0.3,0.7,1860,0.333203,0.333464,-0.00462963,1
7,Steepest Descent,0.3,0.7,1861,0.333203,0.333464,-0.00462963,1
7,Steepest Descent,0.3,0.7,1862,0.333204,0.333463,-0.00462963,1
7,Steepest Descent,0.3,0.7,1863,0.333204,0.333462,-0.00462963,1
7,Steepest Descent,0.3,0.7,1864,0.333205,0.333462,-0.00462963,1
7,Steepest Descent,0.3,0.7,1865,0.333205,0.333461,-0.00462963,1
7,Steepest Descent,0.3,0.7,1866,0.333206,0.333461,-0.00462963,1
7,Steepest Descent,0.3,0.7,1867,0.333206,0.33346,-0.00462963,1
7,Steepest Descent,0.3,0.7,1868,0.333207,0.33346,-0.00462963,1
7,Steepest Descent,0.3,0.7,1869,0.333208,0.333459,-0.00462963,1
7,Steepest Descent,0.3,0.7,1870,0.333208,0.333459,-0.00462963,1
7,Steepest Descent,0.3,0.7,1871,0.333209,0.333458,-0.00462963,1
7,Steepest Descent,0.3,0.7,1872,0.333209,0.333458,-0.00462963,1
7,Steepest Descent,0.3,0.7,1873,0.33321,0.333457,-0.00462963,1
7,Steepest Descent,0.3,0.7,1874,0.33321,0.333457,-0.00462963,1
7,Steepest Descent,0.3,0.7,1875,0.333211,0.333456,-0.00462963,1
7,Steepest Descent,0.3,0.7,1876,0.333211,0.333456,-0.00462963,1
7,Steepest Descent,0.3,0.7,1877,0.333212,0.333455,-0.00462963,1
7,Steepest Descent,0.3,0.7,1878,0.333212,0.333455,-0.00462963,1
7,Steepest Descent,0.3,0.7,1879,0.333213,0.333454,-0.00462963,1
7,Steepest Descent,0.3,0.7,1880,0.333213,0.333454,-0.00462963,1
7,Steepest Descent,0.3,0.7,1881,0.333214,0.333453,-0.00462963,1
7,Steepest Descent,0.3,0.7,1882,0.333214,0.333453,-0.00462963,1
7,Steepest Descent,0.3,0.7,1883,0.333215,0.333452,-0.00462963,1
7,Steepest Descent,0.3,0.7,1884,0.333215,0.333452,-0.00462963,1
7,Steepest Descent,0.3,0.7,1885,0.333216,0.333451,-0.00462963,1
7,Steepest Descent,0.3,0.7,1886,0.333216,0.333451,-0.00462963,1
7,Steepest Descent,0.3,0.7,1887,0.333217,0.33345,-0.00462963,1
7,Steepest Descent,0.3,0.7,1888,0.333217,0.33345,-0.00462963,1
7,Steepest Descent,0.3,0.7,1889,0.333218,0.333449,-0.00462963,1
7,Steepest Descent,0.3,0.7,1890,0.333218,0.333449,-0.00462963,1
7,Steepest Descent,0.3,0.7,1891,0.333219,0.333448,-0.00462963,1
7,Steepest Descent,0.3,0.7,1892,0.333219,0.333448,-0.00462963,1
7,Steepest Descent,0.3,0.7,1893,0.33322,0.333447,-0.00462963,1
7,Steepest Descent,0.3,0.7,1894,0.33322,0.333447,-0.00462963,1
7,Steepest Descent,0.3,0.7,1895,0.33322,0.333446,-0.00462963,1
7,Steepest Descent,0.3,0.7,1896,0.333221,0.333446,-0.00462963,1
7,Steepest Descent,0.3,0.7,1897,0.333221,0.333445,-0.00462963,1
7,Steepest Descent,0.3,0.7,1898,0.333222,0.333445,-0.00462963,1
7,Steepest Descent,0.3,0.7,1899,0.333222,0.333444,-0.00462963,1
7,Steepest Descent,0.3,0.7,1900,0.333223,0.333444,-0.00462963,1
7,Steepest Descent,0.3,0.7,1901,0.333223,0.333443,-0.00462963,1
7,Steepest Descent,0.3,0.7,1902,0.333224,0.333443,-0.00462963,1
7,Steepest Descent,0.3,0.7,1903,0.333224,0.333443,-0.00462963,1
7,Steepest Descent,0.3,0.7,1904,0.333225,0.333442,-0.00462963,1
7,Steepest Descent,0.3,0.7,1905,0.333225,0.333442,-0.00462963,1
7,Steepest Descent,0.3,0.7,1906,0.333226,0.333441,-0.00462963,1
7,Steepest Descent,0.3,0.7,1907,0.333226,0.333441,-0.00462963,1
7,Steepest Descent,0.3,0.7,1908,0.333226,0.33344,-0.00462963,1
7,Steepest Descent,0.3,0.7,1909,0.333227,0.33344,-0.00462963,1
7,Steepest Descent,0.3,0.7,1910,0.333227,0.333439,-0.00462963,1
7,Steepest Descent,0.3,0.7,1911,0.333228,0.333439,-0.00462963,1
7,Steepest Descent,0.3,0.7,1912,0.333228,0.333439,-0.00462963,1
7,Steepest Descent,0.3,0.7,1913,0.333229,0.333438,-0.00462963,1
7,Steepest Descent,0.3,0.7,1914,0.333229,0.333438,-0.00462963,1
7,Steepest Descent,0.3,0.7,1915,0.333229,0.333437,-0.00462963,1
7,Steepest Descent,0.3,0.7,1916,0.33323,0.333437,-0.00462963,1
7,Steepest Descent,0.3,0.7,1917,0.33323,0.333436,-0.00462963,1
7,Steepest Descent,0.3,0.7,1918,0.333231,0.333436,-0.00462963,1
7,Steepest Descent,0.3,0.7,1919,0.333231,0.333436,-0.00462963,1
7,Steepest Descent,0.3,0.7,1920,0.333232,0.333435,-0.00462963,1
7,Steepest Descent,0.3,0.7,1921,0.333232,0.333435,-0.00462963,1
7,Steepest Descent,0.3,0.7,1922,0.333232,0.333434,-0.00462963,1
7,Steepest Descent,0.3,0.7,1923,0.333233,0.333434,-0.00462963,1
7,Steepest Descent,0.3,0.7,1924,0.333233,0.333433,-0.00462963,1
7,Steepest Descent,0.3,0.7,1925,0.333234,0.333433,-0.00462963,1
7,Steepest Descent,0.3,0.7,1926,0.333234,0.333433,-0.00462963,1
7,Steepest Descent,0.3,0.7,1927,0.333235,0.333432,-0.00462963,1
7,Steepest Descent,0.3,0.7,1928,0.333235,0.333432,-0.00462963,1
7,Steepest Descent,0.3,0.7,1929,0.333235,0.333431,-0.00462963,1
7,Steepest Descent,0.3,0.7,1930,0.333236,0.333431,-0.00462963,1
7,Steepest Descent,0.3,0.7,1931,0.333236,0.333431,-0.00462963,1
7,Steepest Descent,0.3,0.7,1932,0.333237,0.33343,-0.00462963,1
7,Steepest Descent,0.3,0.7,1933,0.333237,0.33343,-0.00462963,1
7,Steepest Descent,0.3,0.7,1934,0.333237,0.333429,-0.00462963,1
7,Steepest Descent,0.3,0.7,1935,0.333238,0.333429,-0.00462963,1
7,Steepest Descent,0.3,0.7,1936,0.333238,0.333429,-0.00462963,1
7,Steepest Descent,0.3,0.7,1937,0.333239,0.333428,-0.00462963,1
7,Steepest Descent,0.3,0.7,1938,0.333239,0.333428,-0.00462963,1
7,Steepest Descent,0.3,0.7,1939,0.333239,0.333427,-0.00462963,1
7,Steepest Descent,0.3,0.7,1940,0.33324,0.333427,-0.00462963,1
7,Steepest Descent,0.3,0.7,1941,0.33324,0.333427,-0.00462963,1
7,Steepest Descent,0.3,0.7,1942,0.333241,0.333426,-0.00462963,1
7,Steepest Descent,0.3,0.7,1943,0.333241,0.333426,-0.00462963,1
7,Steepest Descent,0.3,0.7,1944,0.333241,0.333425,-0.00462963,1
7,Steepest Descent,0.3,0.7,1945,0.333242,0.333425,-0.00462963,1
7,Steepest Descent,0.3,0.7,1946,0.333242,0.333425,-0.00462963,1
7,Steepest Descent,0.3,0.7,1947,0.333242,0.333424,-0.00462963,1
7,Steepest Descent,0.3,0.7,1948,0.333243,0.333424,-0.00462963,1
7,Steepest Descent,0.3,0.7,1949,0.333243,0.333423,-0.00462963,1
7,Steepest Descent,0.3,0.7,1950,0.333244,0.333423,-0.00462963,1
7,Steepest Descent,0.3,0.7,1951,0.333244,0.333423,-0.00462963,1
7,Steepest Descent,0.3,0.7,1952,0.333244,0.333422,-0.00462963,1
7,Steepest Descent,0.3,0.7,1953,0.333245,0.333422,-0.00462963,1
7,Steepest Descent,0.3,0.7,1954,0.333245,0.333422,-0.00462963,1
7,Steepest Descent,0.3,0.7,1955,0.333245,0.333421,-0.00462963,1
7,Steepest Descent,0.3,0.7,1956,0.333246,0.333421,-0.00462963,1
7,Steepest Descent,0.3,0.7,1957,0.333246,0.333421,-0.00462963,1
7,Steepest Descent,0.3,0.7,1958,0.333247,0.33342,-0.00462963,1
7,Steepest Descent,0.3,0.7,1959,0.333247,0.33342,-0.00462963,1
7,Steepest Descent,0.3,0.7,1960,0.333247,0.333419,-0.00462963,1
7,Steepest Descent,0.3,0.7,1961,0.333248,0.333419,-0.00462963,1
7,Steepest Descent,0.3,0.7,1962,0.333248,0.333419,-0.00462963,1
7,Steepest Descent,0.3,0.7,1963,0.333248,0.333418,-0.00462963,1
7,Steepest Descent,0.3,0.7,1964,0.333249,0.333418,-0.00462963,1
7,Steepest Descent,0.3,0.7,1965,0.333249,0.333418,-0.00462963,1
7,Steepest Descent,0.3,0.7,1966,0.333249,0.333417,-0.00462963,1
7,Steepest Descent,0.3,0.7,1967,0.33325,0.333417,-0.00462963,1
7,Steepest Descent,0.3,0.7,1968,0.33325,0.333417,-0.00462963,1
7,Steepest Descent,0.3,0.7,1969,0.33325,0.333416,-0.00462963,1
7,Steepest Descent,0.3,0.7,1970,0.333251,0.333416,-0.00462963,1
7,Steepest Descent,0.3,0.7,1971,0.333251,0.333416,-0.00462963,1
7,Steepest Descent,0.3,0.7,1972,0.333251,0.333415,-0.00462963,1
7,Steepest Descent,0.3,0.7,1973,0.333252,0.333415,-0.00462963,1
7,Steepest Descent,0.3,0.7,1974,0.333252,0.333415,-0.00462963,1
7,Steepest Descent,0.3,0.7,1975,0.333252,0.333414,-0.00462963,1
7,Steepest Descent,0.3,0.7,1976,0.333253,0.333414,-0.00462963,1
7,Steepest Descent,0.3,0.7,1977,0.333253,0.333414,-0.00462963,1
7,Steepest Descent,0.3,0.7,1978,0.333254,0.333413,-0.00462963,1
7,Steepest Descent,0.3,0.7,1979,0.333254,0.333413,-0.00462963,1
7,Steepest Descent,0.3,0.7,1980,0.333254,0.333413,-0.00462963,1
7,Steepest Descent,0.3,0.7,1981,0.333254,0.333412,-0.00462963,1
7,Steepest Descent,0.3,0.7,1982,0.333255,0.333412,-0.00462963,1
7,Steepest Descent,0.3,0.7,1983,0.333255,0.333412,-0.00462963,1
7,Steepest Descent,0.3,0.7,1984,0.333255,0.333411,-0.00462963,1
7,Steepest Descent,0.3,0.7,1985,0.333256,0.333411,-0.00462963,1
7,Steepest Descent,0.3,0.7,1986,0.333256,0.333411,-0.00462963,1
7,Steepest Descent,0.3,0.7,1987,0.333256,0.33341,-0.00462963,1
7,Steepest Descent,0.3,0.7,1988,0.333257,0.33341,-0.00462963,1
7,Steepest Descent,0.3,0.7,1989,0.333257,0.33341,-0.00462963,1
7,Steepest Descent,0.3,0.7,1990,0.333257,0.333409,-0.00462963,1
7,Steepest Descent,0.3,0.7,1991,0.333258,0.333409,-0.00462963,1
7,Steepest Descent,0.3,0.7,1992,0.333258,0.333409,-0.00462963,1
7,Steepest Descent,0.3,0.7,1993,0.333258,0.333408,-0.00462963,1
7,Steepest Descent,0.3,0.7,1994,0.333259,0.333408,-0.00462963,1
7,Steepest Descent,0.3,0.7,1995,0.333259,0.333408,-0.00462963,1
7,Steepest Descent,0.3,0.7,1996,0.333259,0.333407,-0.00462963,1
7,Steepest Descent,0.3,0.7,1997,0.33326,0.333407,-0.00462963,1
7,Steepest Descent,0.3,0.7,1998,0.33326,0.333407,-0.00462963,1
7,Steepest Descent,0.3,0.7,1999,0.33326,0.333406,-0.00462963,1
7,Steepest Descent,0.3,0.7,2000,0.333261,0.333406,-0.00462963,1
7,Steepest Descent,0.3,0.7,2001,0.333261,0.333406,-0.00462963,1
7,Steepest Descent,0.3,0.7,2002,0.333261,0.333406,-0.00462963,1
7,Steepest Descent,0.3,0.7,2003,0.333261,0.333405,-0.00462963,1
7,Steepest Descent,0.3,0.7,2004,0.333262,0.333405,-0.00462963,1
7,Steepest Descent,0.3,0.7,2005,0.333262,0.333405,-0.00462963,1
7,Steepest Descent,0.3,0.7,2006,0.333262,0.333404,-0.00462963,1
7,Steepest Descent,0.3,0.7,2007,0.333263,0.333404,-0.00462963,1
7,Steepest Descent,0.3,0.7,2008,0.333263,0.333404,-0.00462963,1
7,Steepest Descent,0.3,0.7,2009,0.333263,0.333404,-0.00462963,1
7,Steepest Descent,0.3,0.7,2010,0.333263,0.333403,-0.00462963,1
7,Steepest Descent,0.3,0.7,2011,0.333264,0.333403,-0.00462963,1
7,Steepest Descent,0.3,0.7,2012,0.333264,0.333403,-0.00462963,1
7,Steepest Descent,0.3,0.7,2013,0.333264,0.333402,-0.00462963,1
7,Steepest Descent,0.3,0.7,2014,0.333265,0.333402,-0.00462963,1
7,Steepest Descent,0.3,0.7,2015,0.333265,0.333402,-0.00462963,1
7,Steepest Descent,0.3,0.7,2016,0.333265,0.333401,-0.00462963,1
7,Steepest Descent,0.3,0.7,2017,0.333265,0.333401,-0.00462963,1
7,Steepest Descent,0.3,0.7,2018,0.333266,0.333401,-0.00462963,1
7,Steepest Descent,0.3,0.7,2019,0.333266,0.333401,-0.00462963,1
7,Steepest Descent,0.3,0.7,2020,0.333266,0.3334,-0.00462963,1
7,Steepest Descent,0.3,0.7,2021,0.333267,0.3334,-0.00462963,1
7,Steepest Descent,0.3,0.7,2022,0.333267,0.3334,-0.00462963,1
7,Steepest Descent,0.3,0.7,2023,0.333267,0.3334,-0.00462963,1
7,Steepest Descent,0.3,0.7,2024,0.333267,0.333399,-0.00462963,1
7,Steepest Descent,0.3,0.7,2025,0.333268,0.333399,-0.00462963,1
7,Steepest Descent,0.3,0.7,2026,0.333268,0.333399,-0.00462963,1
7,Steepest Descent,0.3,0.7,2027,0.333268,0.333398,-0.00462963,1
7,Steepest Descent,0.3,0.7,2028,0.333269,0.333398,-0.00462963,1
7,Steepest Descent,0.3,0.7,2029,0.333269,0.333398,-0.00462963,1
7,Steepest Descent,0.3,0.7,2030,0.333269,0.333398,-0.00462963,1
7,Steepest Descent,0.3,0.7,2031,0.333269,0.333397,-0.00462963,1
7,Steepest Descent,0.3,0.7,2032,0.33327,0.333397,-0.00462963,1
7,Steepest Descent,0.3,0.7,2033,0.33327,0.333397,-0.00462963,1
7,Steepest Descent,0.3,0.7,2034,0.33327,0.333397,-0.00462963,1
7,Steepest Descent,0.3,0.7,2035,0.33327,0.333396,-0.00462963,1
7,Steepest Descent,0.3,0.7,2036,0.333271,0.333396,-0.00462963,1
7,Steepest Descent,0.3,0.7,2037,0.333271,0.333396,-0.00462963,1
7,Steepest Descent,0.3,0.7,2038,0.333271,0.333395,-0.00462963,1
7,Steepest Descent,0.3,0.7,2039,0.333271,0.333395,-0.00462963,1
7,Steepest Descent,0.3,0.7,2040,0.333272,0.333395,-0.00462963,1
7,Steepest Descent,0.3,0.7,2041,0.333272,0.333395,-0.00462963,1
7,Steepest Descent,0.3,0.7,2042,0.333272,0.333394,-0.00462963,1
7,Steepest Descent,0.3,0.7,2043,0.333272,0.333394,-0.00462963,1
7,Steepest Descent,0.3,0.7,2044,0.333273,0.333394,-0.00462963,1
7,Steepest Descent,0.3,0.7,2045,0.333273,0.333394,-0.00462963,1
7,Steepest Descent,0.3,0.7,2046,0.333273,0.333393,-0.00462963,1
7,Steepest Descent,0.3,0.7,2047,0.333273,0.333393,-0.00462963,1
7,Steepest Descent,0.3,0.7,2048,0.333274,0.333393,-0.00462963,1
7,Steepest Descent,0.3,0.7,2049,0.333274,0.333393,-0.00462963,1
7,Steepest Descent,0.3,0.7,2050,0.333274,0.333392,-0.00462963,1
7,Steepest Descent,0.3,0.7,2051,0.333274,0.333392,-0.00462963,1
7,Steepest Descent,0.3,0.7,2052,0.333275,0.333392,-0.00462963,1
7,Steepest Descent,0.3,0.7,2053,0.333275,0.333392,-0.00462963,1
7,Steepest Descent,0.3,0.7,2054,0.333275,0.333391,-0.00462963,1
7,Steepest Descent,0.3,0.7,2055,0.333275,0.333391,-0.00462963,1
7,Steepest Descent,0.3,0.7,2056,0.333276,0.333391,-0.00462963,1
7,Steepest Descent,0.3,0.7,2057,0.333276,0.333391,-0.00462963,1
7,Steepest Descent,0.3,0.7,2058,0.333276,0.333391,-0.00462963,1
7,Steepest Descent,0.3,0.7,2059,0.333276,0.33339,-0.00462963,1
7,Steepest Descent,0.3,0.7,2060,0.333277,0.33339,-0.00462963,1
7,Steepest Descent,0.3,0.7,2061,0.333277,0.33339,-0.00462963,1
7,Steepest Descent,0.3,0.7,2062,0.333277,0.33339,-0.00462963,1
7,Steepest Descent,0.3,0.7,2063,0.333277,0.333389,-0.00462963,1
7,Steepest Descent,0.3,0.7,2064,0.333278,0.333389,-0.00462963,1
7,Steepest Descent,0.3,0.7,2065,0.333278,0.333389,-0.00462963,1
7,Steepest Descent,0.3,0.7,2066,0.333278,0.333389,-0.00462963,1
7,Steepest Descent,0.3,0.7,2067,0.333278,0.333388,-0.00462963,1
7,Steepest Descent,0.3,0.7,2068,0.333279,0.333388,-0.00462963,1
7,Steepest Descent,0.3,0.7,2069,0.333279,0.333388,-0.00462963,1
7,Steepest Descent,0.3,0.7,2070,0.333279,0.333388,-0.00462963,1
7,Steepest Descent,0.3,0.7,2071,0.333279,0.333387,-0.00462963,1
7,Steepest Descent,0.3,0.7,2072,0.333279,0.333387,-0.00462963,1
7,Steepest Descent,0.3,0.7,2073,0.33328,0.333387,-0.00462963,1
7,Steepest Descent,0.3,0.7,2074,0.33328,0.333387,-0.00462963,1
7,Steepest Descent,0.3,0.7,2075,0.33328,0.333387,-0.00462963,1
7,Steepest Descent,0.3,0.7,2076,0.33328,0.333386,-0.00462963,1
7,Steepest Descent,0.3,0.7,2077,0.333281,0.333386,-0.00462963,1
7,Steepest Descent,0.3,0.7,2078,0.333281,0.333386,-0.00462963,1
7,Steepest Descent,0.3,0.7,2079,0.333281,0.333386,-0.00462963,1
7,Steepest Descent,0.3,0.7,2080,0.333281,0.333385,-0.00462963,1
7,Steepest Descent,0.3,0.7,2081,0.333281,0.333385,-0.00462963,1
7,Steepest Descent,0.3,0.7,2082,0.333282,0.333385,-0.00462963,1
7,Steepest Descent,0.3,0.7,2083,0.333282,0.333385,-0.00462963,1
7,Steepest Descent,0.3,0.7,2084,0.333282,0.333385,-0.00462963,1
7,Steepest Descent,0.3,0.7,2085,0.333282,0.333384,-0.00462963,1
7,Steepest Descent,0.3,0.7,2086,0.333282,0.333384,-0.00462963,1
7,Steepest Descent,0.3,0.7,2087,0.333283,0.333384,-0.00462963,1
7,Steepest Descent,0.3,0.7,2088,0.333283,0.333384,-0.00462963,1
7,Steepest Descent,0.3,0.7,2089,0.333283,0.333384,-0.00462963,1
7,Steepest Descent,0.3,0.7,2090,0.333283,0.333383,-0.00462963,1
7,Steepest Descent,0.3,0.7,2091,0.333284,0.333383,-0.00462963,1
7,Steepest Descent,0.3,0.7,2092,0.333284,0.333383,-0.00462963,1
7,Steepest Descent,0.3,0.7,2093,0.333284,0.333383,-0.00462963,1
7,Steepest Descent,0.3,0.7,2094,0.333284,0.333383,-0.00462963,1
7,Steepest Descent,0.3,0.7,2095,0.333284,0.333382,-0.00462963,1
7,Steepest Descent,0.3,0.7,2096,0.333285,0.333382,-0.00462963,1
7,Steepest Descent,0.3,0.7,2097,0.333285,0.333382,-0.00462963,1
7,Steepest Descent,0.3,0.7,2098,0.333285,0.333382,-0.00462963,1
7,Steepest Descent,0.3,0.7,2099,0.333285,0.333382,-0.00462963,1
7,Steepest Descent,0.3,0.7,2100,0.333285,0.333381,-0.00462963,1
7,Steepest Descent,0.3,0.7,2101,0.333286,0.333381,-0.00462963,1
7,Steepest Descent,0.3,0.7,2102,0.333286,0.333381,-0.00462963,1
7,Steepest Descent,0.3,0.7,2103,0.333286,0.333381,-0.00462963,1
7,Steepest Descent,0.3,0.7,2104,0.333286,0.333381,-0.00462963,1
7,Steepest Descent,0.3,0.7,2105,0.333286,0.33338,-0.00462963,1
7,Steepest Descent,0.3,0.7,2106,0.333287,0.33338,-0.00462963,1
7,Steepest Descent,0.3,0.7,2107,0.333287,0.33338,-0.00462963,1
7,Steepest Descent,0.3,0.7,2108,0.333287,0.33338,-0.00462963,1
7,Steepest Descent,0.3,0.7,2109,0.333287,0.33338,-0.00462963,1
7,Steepest Descent,0.3,0.7,2110,0.333287,0.333379,-0.00462963,1
7,Steepest Descent,0.3,0.7,2111,0.333288,0.333379,-0.00462963,1
7,Steepest Descent,0.3,0.7,2112,0.333288,0.333379,-0.00462963,1
7,Steepest Descent,0.3,0.7,2113,0.333288,0.333379,-0.00462963,1
7,Steepest Descent,0.3,0.7,2114,0.333288,0.333379,-0.00462963,1
7,Steepest Descent,0.3,0.7,2115,0.333288,0.333378,-0.00462963,1
7,Steepest Descent,0.3,0.7,2116,0.333288,0.333378,-0.00462963,1
7,Steepest Descent,0.3,0.7,2117,0.333289,0.333378,-0.00462963,1
7,Steepest Descent,0.3,0.7,2118,0.333289,0.333378,-0.00462963,1
7,Steepest Descent,0.3,0.7,2119,0.333289,0.333378,-0.00462963,1
7,Steepest Descent,0.3,0.7,2120,0.333289,0.333377,-0.00462963,1
7,Steepest Descent,0.3,0.7,2121,0.333289,0.333377,-0.00462963,1
7,Steepest Descent,0.3,0.7,2122,0.33329,0.333377,-0.00462963,1
7,Steepest Descent,0.3,0.7,2123,0.33329,0.333377,-0.00462963,1
7,Steepest Descent,0.3,0.7,2124,0.33329,0.333377,-0.00462963,1
7,Steepest Descent,0.3,0.7,2125,0.33329,0.333377,-0.00462963,1
7,Steepest Descent,0.3,0.7,2126,0.33329,0.333376,-0.00462963,1
7,Steepest Descent,0.3,0.7,2127,0.33329,0.333376,-0.00462963,1
7,Steepest Descent,0.3,0.7,2128,0.333291,0.333376,-0.00462963,1
7,Steepest Descent,0.3,0.7,2129,0.333291,0.333376,-0.00462963,1
7,Steepest Descent,0.3,0.7,2130,0.333291,0.333376,-0.00462963,1
7,Steepest Descent,0.3,0.7,2131,0.333291,0.333375,-0.00462963,1
7,Steepest Descent,0.3,0.7,2132,0.333291,0.333375,-0.00462963,1
7,Steepest Descent,0.3,0.7,2133,0.333292,0.333375,-0.00462963,1
7,Steepest Descent,0.3,0.7,2134,0.333292,0.333375,-0.00462963,1
7,Steepest Descent,0.3,0.7,2135,0.333292,0.333375,-0.00462963,1
7,Steepest Descent,0.3,0.7,2136,0.333292,0.333375,-0.00462963,1
7,Steepest Descent,0.3,0.7,2137,0.333292,0.333374,-0.00462963,1
7,Steepest Descent,0.3,0.7,2138,0.333292,0.333374,-0.00462963,1
7,Steepest Descent,0.3,0.7,2139,0.333293,0.333374,-0.00462963,1
7,Steepest Descent,0.3,0.7,2140,0.333293,0.333374,-0.00462963,1
7,Steepest Descent,0.3,0.7,2141,0.333293,0.333374,-0.00462963,1
7,Steepest Descent,0.3,0.7,2142,0.333293,0.333374,-0.00462963,1
7,Steepest Descent,0.3,0.7,2143,0.333293,0.333373,-0.00462963,1
7,Steepest Descent,0.3,0.7,2144,0.333293,0.333373,-0.00462963,1
7,Steepest Descent,0.3,0.7,2145,0.333294,0.333373,-0.00462963,1
7,Steepest Descent,0.3,0.7,2146,0.333294,0.333373,-0.00462963,1
7,Steepest Descent,0.3,0.7,2147,0.333294,0.333373,-0.00462963,1
7,Steepest Descent,0.3,0.7,2148,0.333294,0.333373,-0.00462963,1
7,Steepest Descent,0.3,0.7,2149,0.333294,0.333372,-0.00462963,1
7,Steepest Descent,0.3,0.7,2150,0.333294,0.333372,-0.00462963,1
7,Steepest Descent,0.3,0.7,2151,0.333295,0.333372,-0.00462963,1
7,Steepest Descent,0.3,0.7,2152,0.333295,0.333372,-0.00462963,1
7,Steepest Descent,0.3,0.7,2153,0.333295,0.333372,-0.00462963,1
7,Steepest Descent,0.3,0.7,2154,0.333295,0.333372,-0.00462963,1
7,Steepest Descent,0.3,0.7,2155,0.333295,0.333371,-0.00462963,1
7,Steepest Descent,0.3,0.7,2156,0.333295,0.333371,-0.00462963,1
7,Steepest Descent,0.3,0.7,2157,0.333296,0.333371,-0.00462963,1
7,Steepest Descent,0.3,0.7,2158,0.333296,0.333371,-0.00462963,1
7,Steepest Descent,0.3,0.7,2159,0.333296,0.333371,-0.00462963,1
7,Steepest Descent,0.3,0.7,2160,0.333296,0.333371,-0.00462963,1
7,Steepest Descent,0.3,0.7,2161,0.333296,0.333371,-0.00462963,1
7,Steepest Descent,0.3,0.7,2162,0.333296,0.33337,-0.00462963,1
7,Steepest Descent,0.3,0.7,2163,0.333296,0.33337,-0.00462963,1
7,Steepest Descent,0.3,0.7,2164,0.333297,0.33337,-0.00462963,1
7,Steepest Descent,0.3,0.7,2165,0.333297,0.33337,-0.00462963,1
7,Steepest Descent,0.3,0.7,2166,0.333297,0.33337,-0.00462963,1
7,Steepest Descent,0.3,0.7,2167,0.333297,0.33337,-0.00462963,1
7,Steepest Descent,0.3,0.7,2168,0.333297,0.333369,-0.00462963,1
7,Steepest Descent,0.3,0.7,2169,0.333297,0.333369,-0.00462963,1
7,Steepest Descent,0.3,0.7,2170,0.333298,0.333369,-0.00462963,1
7,Steepest Descent,0.3,0.7,2171,0.333298,0.333369,-0.00462963,1
7,Steepest Descent,0.3,0.7,2172,0.333298,0.333369,-0.00462963,1
7,Steepest Descent,0.3,0.7,2173,0.333298,0.333369,-0.00462963,1
7,Steepest Descent,0.3,0.7,2174,0.333298,0.333369,-0.00462963,1
7,Steepest Descent,0.3,0.7,2175,0.333298,0.333368,-0.00462963,1
7,Steepest Descent,0.3,0.7,2176,0.333298,0.333368,-0.00462963,1
7,Steepest Descent,0.3,0.7,2177,0.333299,0.333368,-0.00462963,1
7,Steepest Descent,0.3,0.7,2178,0.333299,0.333368,-0.00462963,1
7,Steepest Descent,0.3,0.7,2179,0.333299,0.333368,-0.00462963,1
7,Steepest Descent,0.3,0.7,2180,0.333299,0.333368,-0.00462963,1
7,Steepest Descent,0.3,0.7,2181,0.333299,0.333368,-0.00462963,1
7,Steepest Descent,0.3,0.7,2182,0.333299,0.333367,-0.00462963,1
7,Steepest Descent,0.3,0.7,2183,0.333299,0.333367,-0.00462963,1
7,Steepest Descent,0.3,0.7,2184,0.3333,0.333367,-0.00462963,1
7,Steepest Descent,0.3,0.7,2185,0.3333,0.333367,-0.00462963,1
7,Steepest Descent,0.3,0.7,2186,0.3333,0.333367,-0.00462963,1
7,Steepest Descent,0.3,0.7,2187,0.3333,0.333367,-0.00462963,1
7,Steepest Descent,0.3,0.7,2188,0.3333,0.333367,-0.00462963,1
7,Steepest Descent,0.3,0.7,2189,0.3333,0.333366,-0.00462963,1
7,Steepest Descent,0.3,0.7,2190,0.3333,0.333366,-0.00462963,1
7,Steepest Descent,0.3,0.7,2191,0.333301,0.333366,-0.00462963,1
7,Steepest Descent,0.3,0.7,2192,0.333301,0.333366,-0.00462963,1
7,Steepest Descent,0.3,0.7,2193,0.333301,0.333366,-0.00462963,1
7,Steepest Descent,0.3,0.7,2194,0.333301,0.333366,-0.00462963,1
7,Steepest Descent,0.3,0.7,2195,0.333301,0.333366,-0.00462963,1
7,Steepest Descent,0.3,0.7,2196,0.333301,0.333365,-0.00462963,1
7,Steepest Descent,0.3,0.7,2197,0.333301,0.333365,-0.00462963,1
7,Steepest Descent,0.3,0.7,2198,0.333301,0.333365,-0.00462963,1
7,Steepest Descent,0.3,0.7,2199,0.333302,0.333365,-0.00462963,1
7,Steepest Descent,0.3,0.7,2200,0.333302,0.333365,-0.00462963,1
7,Steepest Descent,0.3,0.7,2201,0.333302,0.333365,-0.00462963,1
7,Steepest Descent,0.3,0.7,2202,0.333302,0.333365,-0.00462963,1
7,Steepest Descent,0.3,0.7,2203,0.333302,0.333365,-0.00462963,1
7,Steepest Descent,0.3,0.7,2204,0.333302,0.333364,-0.00462963,1
7,Steepest Descent,0.3,0.7,2205,0.333302,0.333364,-0.00462963,1
7,Steepest Descent,0.3,0.7,2206,0.333303,0.333364,-0.00462963,1
7,Steepest Descent,0.3,0.7,2207,0.333303,0.333364,-0.00462963,1
7,Steepest Descent,0.3,0.7,2208,0.333303,0.333364,-0.00462963,1
7,Steepest Descent,0.3,0.7,2209,0.333303,0.333364,-0.00462963,1
7,Steepest Descent,0.3,0.7,2210,0.333303,0.333364,-0.00462963,1
7,Steepest Descent,0.3,0.7,2211,0.333303,0.333364,-0.00462963,1
7,Steepest Descent,0.3,0.7,2212,0.333303,0.333363,-0.00462963,1
7,Steepest Descent,0.3,0.7,2213,0.333303,0.333363,-0.00462963,1
7,Steepest Descent,0.3,0.7,2214,0.333304,0.333363,-0.00462963,1
7,Steepest Descent,0.3,0.7,2215,0.333304,0.333363,-0.00462963,1
7,Steepest Descent,0.3,0.7,2216,0.333304,0.333363,-0.00462963,1
7,Steepest Descent,0.3,0.7,2217,0.333304,0.333363,-0.00462963,1
7,Steepest Descent,0.3,0.7,2218,0.333304,0.333363,-0.00462963,1
7,Steepest Descent,0.3,0.7,2219,0.333304,0.333363,-0.00462963,1
7,Steepest Descent,0.3,0.7,2220,0.333304,0.333362,-0.00462963,1
7,Steepest Descent,0.3,0.7,2221,0.333304,0.333362,-0.00462963,1
7,Steepest Descent,0.3,0.7,2222,0.333305,0.333362,-0.00462963,1
7,Steepest Descent,0.3,0.7,2223,0.333305,0.333362,-0.00462963,1
7,Steepest Descent,0.3,0.7,2224,0.333305,0.333362,-0.00462963,1
7,Steepest Descent,0.3,0.7,2225,0.333305,0.333362,-0.00462963,1
7,Steepest Descent,0.3,0.7,2226,0.333305,0.333362,-0.00462963,1
7,Steepest Descent,0.3,0.7,2227,0.333305,0.333362,-0.00462963,1
7,Steepest Descent,0.3,0.7,2228,0.333305,0.333361,-0.00462963,1
7,Steepest Descent,0.3,0.7,2229,0.333305,0.333361,-0.00462963,1
7,Steepest Descent,0.3,0.7,2230,0.333305,0.333361,-0.00462963,1
7,Steepest Descent,0.3,0.7,2231,0.333306,0.333361,-0.00462963,1
7,Steepest Descent,0.3,0.7,2232,0.333306,0.333361,-0.00462963,1
7,Steepest Descent,0.3,0.7,2233,0.333306,0.333361,-0.00462963,1
7,Steepest Descent,0.3,0.7,2234,0.333306,0.333361,-0.00462963,1
7,Steepest Descent,0.3,0.7,2235,0.333306,0.333361,-0.00462963,1
7,Steepest Descent,0.3,0.7,2236,0.333306,0.333361,-0.00462963,1
7,Steepest Descent,0.3,0.7,2237,0.333306,0.33336,-0.00462963,1
7,Steepest Descent,0.3,0.7,2238,0.333306,0.33336,-0.00462963,1
7,Steepest Descent,0.3,0.7,2239,0.333306,0.33336,-0.00462963,1
7,Steepest Descent,0.3,0.7,2240,0.333307,0.33336,-0.00462963,1
7,Steepest Descent,0.3,0.7,2241,0.333307,0.33336,-0.00462963,1
7,Steepest Descent,0.3,0.7,2242,0.333307,0.33336,-0.00462963,1
7,Steepest Descent,0.3,0.7,2243,0.333307,0.33336,-0.00462963,1
7,Steepest Descent,0.3,0.7,2244,0.333307,0.33336,-0.00462963,1
7,Steepest Descent,0.3,0.7,2245,0.333307,0.33336,-0.00462963,1
7,Steepest Descent,0.3,0.7,2246,0.333307,0.333359,-0.00462963,1
7,Steepest Descent,0.3,0.7,2247,0.333307,0.333359,-0.00462963,1
7,Steepest Descent,0.3,0.7,2248,0.333307,0.333359,-0.00462963,1
7,Steepest Descent,0.3,0.7,2249,0.333308,0.333359,-0.00462963,1
7,Steepest Descent,0.3,0.7,2250,0.333308,0.333359,-0.00462963,1
7,Steepest Descent,0.3,0.7,2251,0.333308,0.333359,-0.00462963,1
7,Steepest Descent,0.3,0.7,2252,0.333308,0.333359,-0.00462963,1
7,Steepest Descent,0.3,0.7,2253,0.333308,0.333359,-0.00462963,1
7,Steepest Descent,0.3,0.7,2254,0.333308,0.333359,-0.00462963,1
7,Steepest Descent,0.3,0.7,2255,0.333308,0.333358,-0.00462963,1
7,Steepest Descent,0.3,0.7,2256,0.333308,0.333358,-0.00462963,1
7,Steepest Descent,0.3,0.7,2257,0.333308,0.333358,-0.00462963,1
7,Steepest Descent,0.3,0.7,2258,0.333309,0.333358,-0.00462963,1
7,Steepest Descent,0.3,0.7,2259,0.333309,0.333358,-0.00462963,1
7,Steepest Descent,0.3,0.7,2260,0.333309,0.333358,-0.00462963,1
7,Steepest Descent,0.3,0.7,2261,0.333309,0.333358,-0.00462963,1
7,Steepest Descent,0.3,0.7,2262,0.333309,0.333358,-0.00462963,1
7,Steepest Descent,0.3,0.7,2263,0.333309,0.333358,-0.00462963,1
7,Steepest Descent,0.3,0.7,2264,0.333309,0.333358,-0.00462963,1
7,Steepest Descent,0.3,0.7,2265,0.333309,0.333357,-0.00462963,1
7,Steepest Descent,0.3,0.7,2266,0.333309,0.333357,-0.00462963,1
7,Steepest Descent,0.3,0.7,2267,0.333309,0.333357,-0.00462963,1
7,Steepest Descent,0.3,0.7,2268,0.33331,0.333357,-0.00462963,1
7,Steepest Descent,0.3,0.7,2269,0.33331,0.333357,-0.00462963,1
7,Steepest Descent,0.3,0.7,2270,0.33331,0.333357,-0.00462963,1
7,Steepest Descent,0.3,0.7,2271,0.33331,0.333357,-0.00462963,1
7,Steepest Descent,0.3,0.7,2272,0.33331,0.333357,-0.00462963,1
7,Steepest Descent,0.3,0.7,2273,0.33331,0.333357,-0.00462963,1
7,Steepest Descent,0.3,0.7,2274,0.33331,0.333357,-0.00462963,1
7,Steepest Descent,0.3,0.7,2275,0.33331,0.333356,-0.00462963,1
7,Steepest Descent,0.3,0.7,2276,0.33331,0.333356,-0.00462963,1
7,Steepest Descent,0.3,0.7,2277,0.33331,0.333356,-0.00462963,1
7,Steepest Descent,0.3,0.7,2278,0.333311,0.333356,-0.00462963,1
7,Steepest Descent,0.3,0.7,2279,0.333311,0.333356,-0.00462963,1
7,Steepest Descent,0.3,0.7,2280,0.333311,0.333356,-0.00462963,1
7,Steepest Descent,0.3,0.7,2281,0.333311,0.333356,-0.00462963,1
7,Steepest Descent,0.3,0.7,2282,0.333311,0.333356,-0.00462963,1
7,Steepest Descent,0.3,0.7,2283,0.333311,0.333356,-0.00462963,1
7,Steepest Descent,0.3,0.7,2284,0.333311,0.333356,-0.00462963,1
7,Steepest Descent,0.3,0.7,2285,0.333311,0.333355,-0.00462963,1
7,Steepest Descent,0.3,0.7,2286,0.333311,0.333355,-0.00462963,1
7,Steepest Descent,0.3,0.7,2287,0.333311,0.333355,-0.00462963,1
7,Steepest Descent,0.3,0.7,2288,0.333311,0.333355,-0.00462963,1
7,Steepest Descent,0.3,0.7,2289,0.333312,0.333355,-0.00462963,1
7,Steepest Descent,0.3,0.7,2290,0.333312,0.333355,-0.00462963,1
7,Steepest Descent,0.3,0.7,2291,0.333312,0.333355,-0.00462963,1
7,Steepest Descent,0.3,0.7,2292,0.333312,0.333355,-0.00462963,1
7,Steepest Descent,0.3,0.7,2293,0.333312,0.333355,-0.00462963,1
7,Steepest Descent,0.3,0.7,2294,0.333312,0.333355,-0.00462963,1
7,Steepest Descent,0.3,0.7,2295,0.333312,0.333355,-0.00462963,1
7,Steepest Descent,0.3,0.7,2296,0.333312,0.333354,-0.00462963,1
7,Steepest Descent,0.3,0.7,2297,0.333312,0.333354,-0.00462963,1
7,Steepest Descent,0.3,0.7,2298,0.333312,0.333354,-0.00462963,1
7,Steepest Descent,0.3,0.7,2299,0.333312,0.333354,-0.00462963,1
7,Steepest Descent,0.3,0.7,2300,0.333313,0.333354,-0.00462963,1
7,Steepest Descent,0.3,0.7,2301,0.333313,0.333354,-0.00462963,1
7,Steepest Descent,0.3,0.7,2302,0.333313,0.333354,-0.00462963,1
7,Steepest Descent,0.3,0.7,2303,0.333313,0.333354,-0.00462963,1
7,Steepest Descent,0.3,0.7,2304,0.333313,0.333354,-0.00462963,1
7,Steepest Descent,0.3,0.7,2305,0.333313,0.333354,-0.00462963,1
7,Steepest Descent,0.3,0.7,2306,0.333313,0.333354,-0.00462963,1
7,Steepest Descent,0.3,0.7,2307,0.333313,0.333354,-0.00462963,1
7,Steepest Descent,0.3,0.7,2308,0.333313,0.333353,-0.00462963,1
7,Steepest Descent,0.3,0.7,2309,0.333313,0.333353,-0.00462963,1
7,Steepest Descent,0.3,0.7,2310,0.333313,0.333353,-0.00462963,1
7,Steepest Descent,0.3,0.7,2311,0.333313,0.333353,-0.00462963,1
7,Steepest Descent,0.3,0.7,2312,0.333314,0.333353,-0.00462963,1
7,Steepest Descent,0.3,0.7,2313,0.333314,0.333353,-0.00462963,1
7,Steepest Descent,0.3,0.7,2314,0.333314,0.333353,-0.00462963,1
7,Steepest Descent,0.3,0.7,2315,0.333314,0.333353,-0.00462963,1
7,Steepest Descent,0.3,0.7,2316,0.333314,0.333353,-0.00462963,1
7,Steepest Descent,0.3,0.7,2317,0.333314,0.333353,-0.00462963,1
7,Steepest Descent,0.3,0.7,2318,0.333314,0.333353,-0.00462963,1
7,Steepest Descent,0.3,0.7,2319,0.333314,0.333353,-0.00462963,1
7,Steepest Descent,0.3,0.7,2320,0.333314,0.333352,-0.00462963,1
7,Steepest Descent,0.3,0.7,2321,0.333314,0.333352,-0.00462963,1
7,Steepest Descent,0.3,0.7,2322,0.333314,0.333352,-0.00462963,1
7,Steepest Descent,0.3,0.7,2323,0.333314,0.333352,-0.00462963,1
7,Steepest Descent,0.3,0.7,2324,0.333315,0.333352,-0.00462963,1
7,Steepest Descent,0.3,0.7,2325,0.333315,0.333352,-0.00462963,1
7,Steepest Descent,0.3,0.7,2326,0.333315,0.333352,-0.00462963,1
7,Steepest Descent,0.3,0.7,2327,0.333315,0.333352,-0.00462963,1
7,Steepest Descent,0.3,0.7,2328,0.333315,0.333352,-0.00462963,1
7,Steepest Descent,0.3,0.7,2329,0.333315,0.333352,-0.00462963,1
7,Steepest Descent,0.3,0.7,2330,0.333315,0.333352,-0.00462963,1
7,Steepest Descent,0.3,0.7,2331,0.333315,0.333352,-0.00462963,1
7,Steepest Descent,0.3,0.7,2332,0.333315,0.333352,-0.00462963,1
7,Steepest Descent,0.3,0.7,2333,0.333315,0.333351,-0.00462963,1
7,Steepest Descent,0.3,0.7,2334,0.333315,0.333351,-0.00462963,1
7,Steepest Descent,0.3,0.7,2335,0.333315,0.333351,-0.00462963,1
7,Steepest Descent,0.3,0.7,2336,0.333315,0.333351,-0.00462963,1
7,Steepest Descent,0.3,0.7,2337,0.333315,0.333351,-0.00462963,1
7,Steepest Descent,0.3,0.7,2338,0.333316,0.333351,-0.00462963,1
7,Steepest Descent,0.3,0.7,2339,0.333316,0.333351,-0.00462963,1
7,Steepest Descent,0.3,0.7,2340,0.333316,0.333351,-0.00462963,1
7,Steepest Descent,0.3,0.7,2341,0.333316,0.333351,-0.00462963,1
7,Steepest Descent,0.3,0.7,2342,0.333316,0.333351,-0.00462963,1
7,Steepest Descent,0.3,0.7,2343,0.333316,0.333351,-0.00462963,1
7,Steepest Descent,0.3,0.7,2344,0.333316,0.333351,-0.00462963,1
7,Steepest Descent,0.3,0.7,2345,0.333316,0.333351,-0.00462963,1
7,Steepest Descent,0.3,0.7,2346,0.333316,0.333351,-0.00462963,1
7,Steepest Descent,0.3,0.7,2347,0.333316,0.33335,-0.00462963,1
7,Steepest Descent,0.3,0.7,2348,0.333316,0.33335,-0.00462963,1
7,Steepest Descent,0.3,0.7,2349,0.333316,0.33335,-0.00462963,1
8,Nelder-Mead (Simplex),0.3,0.7,0,0.3,0.7,-0,1
8,Nelder-Mead (Simplex),0.3,0.7,1,0.363636,0.636364,-3.21139e-18,1
8,Nelder-Mead (Simplex),0.3,0.7,2,0.45,0.55,-1.3739e-17,1
8,Nelder-Mead (Simplex),0.3,0.7,3,0.620455,0.379545,-1.96085e-17,1
8,Nelder-Mead (Simplex),0.3,0.7,4,0.706818,0.293182,-2.87584e-17,1
8,Nelder-Mead (Simplex),0.3,0.7,5,0.706818,0.293182,-2.87584e-17,1
8,Nelder-Mead (Simplex),0.3,0.7,6,0.706818,0.293182,-2.87584e-17,1
8,Nelder-Mead (Simplex),0.3,0.7,7,0.715909,0.284091,-3.24589e-17,1
8,Nelder-Mead (Simplex),0.3,0.7,8,0.538636,0.461364,-3.7936e-17,1
8,Nelder-Mead (Simplex),0.3,0.7,9,0.468182,0.531818,-4.49202e-17,1
8,Nelder-Mead (Simplex),0.3,0.7,10,0.468182,0.531818,-4.49202e-17,1
8,Nelder-Mead (Simplex),0.3,0.7,11,0.326705,0.673295,-4.57902e-17,1
8,Nelder-Mead (Simplex),0.3,0.7,12,0.398011,0.601989,-5.65266e-17,1
8,Nelder-Mead (Simplex),0.3,0.7,13,0.398011,0.601989,-5.65266e-17,1
8,Nelder-Mead (Simplex),0.3,0.7,14,0.328409,0.671591,-7.34601e-17,1
8,Nelder-Mead (Simplex),0.3,0.7,15,0.576562,0.423437,-8.13143e-17,1
8,Nelder-Mead (Simplex),0.3,0.7,16,0.561435,0.438565,-1.23014e-16,1
8,Nelder-Mead (Simplex),0.3,0.7,17,0.561435,0.438565,-1.23014e-16,1
8,Nelder-Mead (Simplex),0.3,0.7,18,0.722967,0.277033,-1.54264e-16,1
8,Nelder-Mead (Simplex),0.3,0.7,19,0.548016,0.451984,-2.47497e-16,1
8,Nelder-Mead (Simplex),0.3,0.7,20,0.783605,0.216395,-2.82388e-16,1
8,Nelder-Mead (Simplex),0.3,0.7,21,0.551497,0.448503,-6.07578e-16,1
8,Nelder-Mead (Simplex),0.3,0.7,22,0.551497,0.448503,-6.07578e-16,1
8,Nelder-Mead (Simplex),0.3,0.7,23,0.440665,0.559335,-1.24167e-15,1
8,Nelder-Mead (Simplex),0.3,0.7,24,0.440665,0.559335,-1.24167e-15,1
8,Nelder-Mead (Simplex),0.3,0.7,25,0.440665,0.559335,-1.24167e-15,1
8,Nelder-Mead (Simplex),0.3,0.7,26,0.440665,0.559335,-1.24167e-15,1
8,Nelder-Mead (Simplex),0.3,0.7,27,0.676254,0.323746,-1.25179e-15,1
8,Nelder-Mead (Simplex),0.3,0.7,28,0.329833,0.670167,-1.68104e-15,1
8,Nelder-Mead (Simplex),0.3,0.7,29,0.6278,0.3722,-2.31535e-15,1
8,Nelder-Mead (Simplex),0.3,0.7,30,0.281379,0.718621,-2.38523e-15,1
8,Nelder-Mead (Simplex),0.3,0.7,31,0.704104,0.295896,-3.61415e-15,1
8,Nelder-Mead (Simplex),0.3,0.7,32,0.357683,0.642317,-4.41907e-15,1
8,Nelder-Mead (Simplex),0.3,0.7,33,0.357683,0.642317,-4.41907e-15,1
8,Nelder-Mead (Simplex),0.3,0.7,34,0.298927,0.701073,-6.56709e-15,1
8,Nelder-Mead (Simplex),0.3,0.7,35,0.298927,0.701073,-6.56709e-15,1
8,Nelder-Mead (Simplex),0.3,0.7,36,0.564559,0.435441,-1.13299e-14,1
8,Nelder-Mead (Simplex),0.3,0.7,37,0.564559,0.435441,-1.13299e-14,1
8,Nelder-Mead (Simplex),0.3,0.7,38,0.712681,0.287319,-1.7414e-14,1
8,Nelder-Mead (Simplex),0.3,0.7,39,0.712681,0.287319,-1.7414e-14,1
8,Nelder-Mead (Simplex),0.3,0.7,40,0.650715,0.349285,-2.81513e-14,1
8,Nelder-Mead (Simplex),0.3,0.7,41,0.650715,0.349285,-2.81513e-14,1
8,Nelder-Mead (Simplex),0.3,0.7,42,0.729125,0.270875,-4.07816e-14,1
8,Nelder-Mead (Simplex),0.3,0.7,43,0.498542,0.501458,-6.02915e-14,1
8,Nelder-Mead (Simplex),0.3,0.7,44,0.540071,0.459929,-1.05256e-13,1
8,Nelder-Mead (Simplex),0.3,0.7,45,0.540071,0.459929,-1.05256e-13,1
8,Nelder-Mead (Simplex),0.3,0.7,46,0.277254,0.722746,-1.68505e-13,1
8,Nelder-Mead (Simplex),0.3,0.7,47,0.607012,0.392988,-2.33809e-13,1
8,Nelder-Mead (Simplex),0.3,0.7,48,0.246256,0.753744,-3.49711e-13,1
8,Nelder-Mead (Simplex),0.3,0.7,49,0.725394,0.274606,-5.20789e-13,1
8,Nelder-Mead (Simplex),0.3,0.7,50,0.243452,0.756548,-8.81777e-13,1
8,Nelder-Mead (Simplex),0.3,0.7,51,0.722589,0.277411,-1.10607e-12,1
8,Nelder-Mead (Simplex),0.3,0.7,52,0.240647,0.759353,-1.40541e-12,1
8,Nelder-Mead (Simplex),0.3,0.7,53,0.719785,0.280215,-1.69853e-12,1
8,Nelder-Mead (Simplex),0.3,0.7,54,0.237843,0.762157,-1.92048e-12,1
8,Nelder-Mead (Simplex),0.3,0.7,55,0.716981,0.283019,-2.298e-12,1
8,Nelder-Mead (Simplex),0.3,0.7,56,0.235038,0.764962,-2.42684e-12,1
8,Nelder-Mead (Simplex),0.3,0.7,57,0.714176,0.285824,-2.90437e-12,1
8,Nelder-Mead (Simplex),0.3,0.7,58,0.232234,0.767766,-2.92436e-12,1
8,Nelder-Mead (Simplex),0.3,0.7,59,0.711372,0.288628,-3.51748e-12,1
8,Nelder-Mead (Simplex),0.3,0.7,60,0.711372,0.288628,-3.51748e-12,1
8,Nelder-Mead (Simplex),0.3,0.7,61,0.708567,0.291433,-4.13722e-12,1
8,Nelder-Mead (Simplex),0.3,0.7,62,0.469699,0.530301,-4.71859e-12,1
8,Nelder-Mead (Simplex),0.3,0.7,63,0.344657,0.655343,-5.46721e-12,1
8,Nelder-Mead (Simplex),0.3,0.7,64,0.344657,0.655343,-5.46721e-12,1
8,Nelder-Mead (Simplex),0.3,0.7,65,0.414395,0.585605,-7.18969e-12,1
8,Nelder-Mead (Simplex),0.3,0.7,66,0.414395,0.585605,-7.18969e-12,1
8,Nelder-Mead (Simplex),0.3,0.7,67,0.367808,0.632192,-9.53081e-12,1
8,Nelder-Mead (Simplex),0.3,0.7,68,0.5926,0.4074,-1.11006e-11,1
8,Nelder-Mead (Simplex),0.3,0.7,69,0.611821,0.388179,-1.6909e-11,1
8,Nelder-Mead (Simplex),0.3,0.7,70,0.611821,0.388179,-1.6909e-11,1
8,Nelder-Mead (Simplex),0.3,0.7,71,0.738633,0.261367,-1.78779e-11,1
8,Nelder-Mead (Simplex),0.3,0.7,72,0.586858,0.413142,-2.68951e-11,1
8,Nelder-Mead (Simplex),0.3,0.7,73,0.764595,0.235405,-2.93214e-11,1
8,Nelder-Mead (Simplex),0.3,0.7,74,0.549914,0.450086,-5.5823e-11,1
8,Nelder-Mead (Simplex),0.3,0.7,75,0.549914,0.450086,-5.5823e-11,1
8,Nelder-Mead (Simplex),0.3,0.7,76,0.387156,0.612844,-1.01734e-10,1
8,Nelder-Mead (Simplex),0.3,0.7,77,0.387156,0.612844,-1.01734e-10,1
8,Nelder-Mead (Simplex),0.3,0.7,78,0.387156,0.612844,-1.01734e-10,1
8,Nelder-Mead (Simplex),0.3,0.7,79,0.387156,0.612844,-1.01734e-10,1
8,Nelder-Mead (Simplex),0.3,0.7,80,0.635289,0.364711,-1.30688e-10,1
8,Nelder-Mead (Simplex),0.3,0.7,81,0.329993,0.670007,-1.6736e-10,1
8,Nelder-Mead (Simplex),0.3,0.7,82,0.67361,0.32639,-2.47111e-10,1
8,Nelder-Mead (Simplex),0.3,0.7,83,0.368314,0.631686,-3.06378e-10,1
8,Nelder-Mead (Simplex),0.3,0.7,84,0.711931,0.288069,-3.45333e-10,1
8,Nelder-Mead (Simplex),0.3,0.7,85,0.406635,0.593365,-4.5283e-10,1
8,Nelder-Mead (Simplex),0.3,0.7,86,0.406635,0.593365,-4.5283e-10,1
8,Nelder-Mead (Simplex),0.3,0.7,87,0.311469,0.688531,-6.03279e-10,1
8,Nelder-Mead (Simplex),0.3,0.7,88,0.311469,0.688531,-6.03279e-10,1
8,Nelder-Mead (Simplex),0.3,0.7,89,0.485911,0.514089,-9.7612e-10,1
8,Nelder-Mead (Simplex),0.3,0.7,90,0.485911,0.514089,-9.7612e-10,1
8,Nelder-Mead (Simplex),0.3,0.7,91,0.470021,0.529979,-1.7125e-09,1
8,Nelder-Mead (Simplex),0.3,0.7,92,0.470021,0.529979,-1.7125e-09,1
8,Nelder-Mead (Simplex),0.3,0.7,93,0.697314,0.302685,-1.9678e-09,1
8,Nelder-Mead (Simplex),0.3,0.7,94,0.324594,0.675405,-2.53976e-09,1
8,Nelder-Mead (Simplex),0.3,0.7,95,0.592821,0.407179,-4.25136e-09,1
8,Nelder-Mead (Simplex),0.3,0.7,96,0.592821,0.407179,-4.25136e-09,1
8,Nelder-Mead (Simplex),0.3,0.7,97,0.570193,0.429806,-8.10214e-09,1
8,Nelder-Mead (Simplex),0.3,0.7,98,0.570193,0.429806,-8.10214e-09,1
8,Nelder-Mead (Simplex),0.3,0.7,99,0.270854,0.729145,-9.53358e-09,1
8,Nelder-Mead (Simplex),0.3,0.7,100,0.459964,0.540036,-1.90743e-08,1
8,Nelder-Mead (Simplex),0.3,0.7,101,0.459964,0.540036,-1.90743e-08,1
8,Nelder-Mead (Simplex),0.3,0.7,102,0.389174,0.610825,-3.72365e-08,1
8,Nelder-Mead (Simplex),0.3,0.7,103,0.389174,0.610825,-3.72365e-08,1
8,Nelder-Mead (Simplex),0.3,0.7,104,0.696603,0.303395,-6.20358e-08,1
8,Nelder-Mead (Simplex),0.3,0.7,105,0.397264,0.602734,-7.39262e-08,1
8,Nelder-Mead (Simplex),0.3,0.7,106,0.704692,0.295304,-9.27342e-08,1
8,Nelder-Mead (Simplex),0.3,0.7,107,0.405353,0.594643,-1.11081e-07,1
8,Nelder-Mead (Simplex),0.3,0.7,108,0.712782,0.287213,-1.22366e-07,1
8,Nelder-Mead (Simplex),0.3,0.7,109,0.413443,0.586552,-1.48641e-07,1
8,Nelder-Mead (Simplex),0.3,0.7,110,0.720872,0.279122,-1.50873e-07,1
8,Nelder-Mead (Simplex),0.3,0.7,111,0.421533,0.578461,-1.86547e-07,1
8,Nelder-Mead (Simplex),0.3,0.7,112,0.421533,0.578461,-1.86547e-07,1
8,Nelder-Mead (Simplex),0.3,0.7,113,0.429623,0.57037,-2.24738e-07,1
8,Nelder-Mead (Simplex),0.3,0.7,114,0.429623,0.57037,-2.24738e-07,1
8,Nelder-Mead (Simplex),0.3,0.7,115,0.667273,0.332718,-2.55956e-07,1
8,Nelder-Mead (Simplex),0.3,0.7,116,0.490804,0.509185,-3.40383e-07,1
8,Nelder-Mead (Simplex),0.3,0.7,117,0.490804,0.509185,-3.40383e-07,1
8,Nelder-Mead (Simplex),0.3,0.7,118,0.494341,0.505642,-5.33394e-07,1
8,Nelder-Mead (Simplex),0.3,0.7,119,0.494341,0.505642,-5.33394e-07,1
8,Nelder-Mead (Simplex),0.3,0.7,120,0.494341,0.505642,-5.33394e-07,1
8,Nelder-Mead (Simplex),0.3,0.7,121,0.618472,0.381501,-8.04498e-07,1
8,Nelder-Mead (Simplex),0.3,0.7,122,0.618472,0.381501,-8.04498e-07,1
8,Nelder-Mead (Simplex),0.3,0.7,123,0.551502,0.448459,-1.21883e-06,1
8,Nelder-Mead (Simplex),0.3,0.7,124,0.551502,0.448459,-1.21883e-06,1
8,Nelder-Mead (Simplex),0.3,0.7,125,0.732793,0.267135,-1.76137e-06,1
8,Nelder-Mead (Simplex),0.3,0.7,126,0.403129,0.596793,-2.32292e-06,1
8,Nelder-Mead (Simplex),0.3,0.7,127,0.60088,0.398975,-4.3449e-06,1
8,Nelder-Mead (Simplex),0.3,0.7,128,0.60088,0.398975,-4.3449e-06,1
8,Nelder-Mead (Simplex),0.3,0.7,129,0.501887,0.497825,-9.00633e-06,1
8,Nelder-Mead (Simplex),0.3,0.7,130,0.501887,0.497825,-9.00633e-06,1
8,Nelder-Mead (Simplex),0.3,0.7,131,0.798396,0.201037,-1.1381e-05,1
8,Nelder-Mead (Simplex),0.3,0.7,132,0.287323,0.71196,-1.83393e-05,1
8,Nelder-Mead (Simplex),0.3,0.7,133,0.624804,0.373846,-3.94151e-05,1
8,Nelder-Mead (Simplex),0.3,0.7,134,0.624804,0.373846,-3.94151e-05,1
8,Nelder-Mead (Simplex),0.3,0.7,135,0.533157,0.464002,-8.78331e-05,1
8,Nelder-Mead (Simplex),0.3,0.7,136,0.533157,0.464002,-8.78331e-05,1
8,Nelder-Mead (Simplex),0.3,0.7,137,0.533157,0.464002,-8.78331e-05,1
8,Nelder-Mead (Simplex),0.3,0.7,138,0.489088,0.505315,-0.000172919,1
8,Nelder-Mead (Simplex),0.3,0.7,139,0.489088,0.505315,-0.000172919,1
8,Nelder-Mead (Simplex),0.3,0.7,140,0.723466,0.268627,-0.000192079,1
8,Nelder-Mead (Simplex),0.3,0.7,141,0.445018,0.546628,-0.000254036,1
8,Nelder-Mead (Simplex),0.3,0.7,142,0.679396,0.30994,-0.000280689,1
8,Nelder-Mead (Simplex),0.3,0.7,143,0.400948,0.587941,-0.000327417,1
8,Nelder-Mead (Simplex),0.3,0.7,144,0.635326,0.351253,-0.000374376,1
8,Nelder-Mead (Simplex),0.3,0.7,145,0.356878,0.629253,-0.000389299,1
8,Nelder-Mead (Simplex),0.3,0.7,146,0.686411,0.294878,-0.000473409,1
8,Nelder-Mead (Simplex),0.3,0.7,147,0.407963,0.572879,-0.000559705,1
8,Nelder-Mead (Simplex),0.3,0.7,148,0.407963,0.572879,-0.000559705,1
8,Nelder-Mead (Simplex),0.3,0.7,149,0.345366,0.627317,-0.000739815,1
8,Nelder-Mead (Simplex),0.3,0.7,150,0.345366,0.627317,-0.000739815,1
8,Nelder-Mead (Simplex),0.3,0.7,151,0.537742,0.424168,-0.00108599,1
8,Nelder-Mead (Simplex),0.3,0.7,152,0.537742,0.424168,-0.00108599,1
8,Nelder-Mead (Simplex),0.3,0.7,153,0.604925,0.329896,-0.00162591,1
8,Nelder-Mead (Simplex),0.3,0.7,154,0.604925,0.329896,-0.00162591,1
8,Nelder-Mead (Simplex),0.3,0.7,155,0.504924,0.40342,-0.00233375,1
8,Nelder-Mead (Simplex),0.3,0.7,156,0.504924,0.40342,-0.00233375,1
8,Nelder-Mead (Simplex),0.3,0.7,157,0.539287,0.288401,-0.00334998,1
8,Nelder-Mead (Simplex),0.3,0.7,158,0.383043,0.463113,-0.00341134,1
8,Nelder-Mead (Simplex),0.3,0.7,159,0.373649,0.320429,-0.00457843,1
8,Nelder-Mead (Simplex),0.3,0.7,160,0.373649,0.320429,-0.00457843,1
8,Nelder-Mead (Simplex),0.3,0.7,161,0.373649,0.320429,-0.00457843,1
8,Nelder-Mead (Simplex),0.3,0.7,162,0.373649,0.320429,-0.00457843,1
8,Nelder-Mead (Simplex),0.3,0.7,163,0.373649,0.320429,-0.00457843,1
8,Nelder-Mead (Simplex),0.3,0.7,164,0.373649,0.320429,-0.00457843,1
8,Nelder-Mead (Simplex),0.3,0.7,165,0.319005,0.326479,-0.00461529,1
8,Nelder-Mead (Simplex),0.3,0.7,166,0.329251,0.352721,-0.00461672,1
8,Nelder-Mead (Simplex),0.3,0.7,167,0.348888,0.330014,-0.00462132,1
8,Nelder-Mead (Simplex),0.3,0.7,168,0.329037,0.333923,-0.00462895,1
8,Nelder-Mead (Simplex),0.3,0.7,169,0.329037,0.333923,-0.00462895,1
8,Nelder-Mead (Simplex),0.3,0.7,170,0.329037,0.333923,-0.00462895,1
8,Nelder-Mead (Simplex),0.3,0.7,171,0.329037,0.333923,-0.00462895,1
8,Nelder-Mead (Simplex),0.3,0.7,172,0.336165,0.331931,-0.00462938,1
8,Nelder-Mead (Simplex),0.3,0.7,173,0.336165,0.331931,-0.00462938,1
8,Nelder-Mead (Simplex),0.3,0.7,174,0.33139,0.334086,-0.00462951,1
8,Nelder-Mead (Simplex),0.3,0.7,175,0.332549,0.334786,-0.00462956,1
8,Nelder-Mead (Simplex),0.3,0.7,176,0.334067,0.333184,-0.00462961,1
8,Nelder-Mead (Simplex),0.3,0.7,177,0.334067,0.333184,-0.00462961,1
8,Nelder-Mead (Simplex),0.3,0.7,178,0.334067,0.333184,-0.00462961,1
8,Nelder-Mead (Simplex),0.3,0.7,179,0.333158,0.333422,-0.00462963,1
8,Nelder-Mead (Simplex),0.3,0.7,180,0.333158,0.333422,-0.00462963,1
8,Nelder-Mead (Simplex),0.3,0.7,181,0.333158,0.333422,-0.00462963,1
8,Nelder-Mead (Simplex),0.3,0.7,182,0.333158,0.333422,-0.00462963,1
8,Nelder-Mead (Simplex),0.3,0.7,183,0.333463,0.333367,-0.00462963,1
8,Nelder-Mead (Simplex),0.3,0.7,184,0.333377,0.333232,-0.00462963,1
8,Nelder-Mead (Simplex),0.3,0.7,185,0.333289,0.333361,-0.00462963,1
8,Nelder-Mead (Simplex),0.3,0.7,186,0.333289,0.333361,-0.00462963,1
8,Nelder-Mead (Simplex),0.3,0.7,187,0.33336,0.333289,-0.00462963,1
8,Nelder-Mead (Simplex),0.3,0.7,188,0.333361,0.333328,-0.00462963,1
8,Nelder-Mead (Simplex),0.3,0.7,189,0.333325,0.333335,-0.00462963,1
8,Nelder-Mead (Simplex),0.3,0.7,190,0.333325,0.333335,-0.00462963,1
8,Nelder-Mead (Simplex),0.3,0.7,191,0.333325,0.333335,-0.00462963,1
8,Nelder-Mead (Simplex),0.3,0.7,192,0.333336,0.333327,-0.00462963,1
8,Nelder-Mead (Simplex),0.3,0.7,193,0.333338,0.333333,-0.00462963,1
8,Nelder-Mead (Simplex),0.3,0.7,194,0.333331,0.333332,-0.00462963,1
8,Nelder-Mead (Simplex),0.3,0.7,195,0.333331,0.333332,-0.00462963,1
8,Nelder-Mead (Simplex),0.3,0.7,196,0.333335,0.333332,-0.00462963,1
8,Nelder-Mead (Simplex),0.3,0.7,197,0.333331,0.333335,-0.00462963,1
8,Nelder-Mead (Simplex),0.3,0.7,198,0.333332,0.333333,-0.00462963,1
8,Nelder-Mead (Simplex),0.3,0.7,199,0.333334,0.333333,-0.00462963,1
8,Nelder-Mead (Simplex),0.3,0.7,200,0.333334,0.333333,-0.00462963,1
8,Nelder-Mead (Simplex),0.3,0.7,201,0.333334,0.333333,-0.00462963,1
8,Nelder-Mead (Simplex),0.3,0.7,202,0.333334,0.333333,-0.00462963,1
8,Nelder-Mead (Simplex),0.3,0.7,203,0.333334,0.333333,-0.00462963,1
